[2026-02-28 05:59:52] local.ERROR: Unable to resolve dependency [Parameter #1 [ <required> $userID ]] in class App\Http\Controllers\JobController {"exception":"[object] (Illuminate\\Contracts\\Container\\BindingResolutionException(code: 0): Unable to resolve dependency [Parameter #1 [ <required> $userID ]] in class App\\Http\\Controllers\\JobController at C:/xampp/htdocs/be-fms/api/vendor/illuminate/container/BoundMethod.php:188)
[stacktrace]
#0 C:/xampp/htdocs/be-fms/api/vendor/illuminate/container/BoundMethod.php(124): Illuminate/Container/BoundMethod::addDependencyForCallParameter(Object(Laravel/Lumen/Application), Object(ReflectionParameter), Array, Array)
#1 C:/xampp/htdocs/be-fms/api/vendor/illuminate/container/BoundMethod.php(36): Illuminate/Container/BoundMethod::getMethodDependencies(Object(Laravel/Lumen/Application), Array, Array)
#2 C:/xampp/htdocs/be-fms/api/vendor/illuminate/container/Util.php(41): Illuminate/Container/BoundMethod::Illuminate/Container/{closure}()
#3 C:/xampp/htdocs/be-fms/api/vendor/illuminate/container/BoundMethod.php(93): Illuminate/Container/Util::unwrapIfClosure(Object(Closure))
#4 C:/xampp/htdocs/be-fms/api/vendor/illuminate/container/BoundMethod.php(35): Illuminate/Container/BoundMethod::callBoundMethod(Object(Laravel/Lumen/Application), Array, Object(Closure))
#5 C:/xampp/htdocs/be-fms/api/vendor/illuminate/container/Container.php(662): Illuminate/Container/BoundMethod::call(Object(Laravel/Lumen/Application), Array, Array, NULL)
#6 C:/xampp/htdocs/be-fms/api/vendor/laravel/lumen-framework/src/Concerns/RoutesRequests.php(391): Illuminate/Container/Container->call(Array, Array)
#7 C:/xampp/htdocs/be-fms/api/vendor/laravel/lumen-framework/src/Concerns/RoutesRequests.php(356): Laravel/Lumen/Application->callControllerCallable(Array, Array)
#8 C:/xampp/htdocs/be-fms/api/vendor/laravel/lumen-framework/src/Concerns/RoutesRequests.php(331): Laravel/Lumen/Application->callLumenController(Object(App/Http/Controllers/JobController), 'get_job_by_user', Array)
#9 C:/xampp/htdocs/be-fms/api/vendor/laravel/lumen-framework/src/Concerns/RoutesRequests.php(284): Laravel/Lumen/Application->callControllerAction(Array)
#10 C:/xampp/htdocs/be-fms/api/vendor/laravel/lumen-framework/src/Concerns/RoutesRequests.php(264): Laravel/Lumen/Application->callActionOnArrayBasedRoute(Array)
#11 C:/xampp/htdocs/be-fms/api/vendor/laravel/lumen-framework/src/Routing/Pipeline.php(48): Laravel/Lumen/Application->Laravel/Lumen/Concerns/{closure}(Object(Laravel/Lumen/Http/Request))
#12 C:/xampp/htdocs/be-fms/api/app/Http/Middleware/Authenticate.php(74): Laravel/Lumen/Routing/Pipeline->Laravel/Lumen/Routing/{closure}(Object(Laravel/Lumen/Http/Request))
#13 C:/xampp/htdocs/be-fms/api/vendor/illuminate/pipeline/Pipeline.php(183): App/Http/Middleware/Authenticate->handle(Object(Laravel/Lumen/Http/Request), Object(Closure))
#14 C:/xampp/htdocs/be-fms/api/vendor/laravel/lumen-framework/src/Routing/Pipeline.php(30): Illuminate/Pipeline/Pipeline->Illuminate/Pipeline/{closure}(Object(Laravel/Lumen/Http/Request))
#15 C:/xampp/htdocs/be-fms/api/vendor/illuminate/pipeline/Pipeline.php(119): Laravel/Lumen/Routing/Pipeline->Laravel/Lumen/Routing/{closure}(Object(Laravel/Lumen/Http/Request))
#16 C:/xampp/htdocs/be-fms/api/vendor/laravel/lumen-framework/src/Concerns/RoutesRequests.php(428): Illuminate/Pipeline/Pipeline->then(Object(Closure))
#17 C:/xampp/htdocs/be-fms/api/vendor/laravel/lumen-framework/src/Concerns/RoutesRequests.php(263): Laravel/Lumen/Application->sendThroughPipeline(Array, Object(Closure))
#18 C:/xampp/htdocs/be-fms/api/vendor/laravel/lumen-framework/src/Concerns/RoutesRequests.php(239): Laravel/Lumen/Application->handleFoundRoute(Array)
#19 C:/xampp/htdocs/be-fms/api/vendor/laravel/lumen-framework/src/Concerns/RoutesRequests.php(174): Laravel/Lumen/Application->handleDispatcherResponse(Array)
#20 C:/xampp/htdocs/be-fms/api/vendor/laravel/lumen-framework/src/Concerns/RoutesRequests.php(431): Laravel/Lumen/Application->Laravel/Lumen/Concerns/{closure}(Object(Laravel/Lumen/Http/Request))
#21 C:/xampp/htdocs/be-fms/api/vendor/laravel/lumen-framework/src/Concerns/RoutesRequests.php(167): Laravel/Lumen/Application->sendThroughPipeline(Array, Object(Closure))
#22 C:/xampp/htdocs/be-fms/api/vendor/laravel/lumen-framework/src/Concerns/RoutesRequests.php(112): Laravel/Lumen/Application->dispatch(NULL)
#23 C:/xampp/htdocs/be-fms/api/public/index.php(28): Laravel/Lumen/Application->run()
#24 {main}
"} 
[2026-02-28 05:59:52] local.ERROR: Unable to resolve dependency [Parameter #0 [ <required> $userID ]] in class App\Http\Controllers\UserController {"exception":"[object] (Illuminate\\Contracts\\Container\\BindingResolutionException(code: 0): Unable to resolve dependency [Parameter #0 [ <required> $userID ]] in class App\\Http\\Controllers\\UserController at C:/xampp/htdocs/be-fms/api/vendor/illuminate/container/BoundMethod.php:188)
[stacktrace]
#0 C:/xampp/htdocs/be-fms/api/vendor/illuminate/container/BoundMethod.php(124): Illuminate/Container/BoundMethod::addDependencyForCallParameter(Object(Laravel/Lumen/Application), Object(ReflectionParameter), Array, Array)
#1 C:/xampp/htdocs/be-fms/api/vendor/illuminate/container/BoundMethod.php(36): Illuminate/Container/BoundMethod::getMethodDependencies(Object(Laravel/Lumen/Application), Array, Array)
#2 C:/xampp/htdocs/be-fms/api/vendor/illuminate/container/Util.php(41): Illuminate/Container/BoundMethod::Illuminate/Container/{closure}()
#3 C:/xampp/htdocs/be-fms/api/vendor/illuminate/container/BoundMethod.php(93): Illuminate/Container/Util::unwrapIfClosure(Object(Closure))
#4 C:/xampp/htdocs/be-fms/api/vendor/illuminate/container/BoundMethod.php(35): Illuminate/Container/BoundMethod::callBoundMethod(Object(Laravel/Lumen/Application), Array, Object(Closure))
#5 C:/xampp/htdocs/be-fms/api/vendor/illuminate/container/Container.php(662): Illuminate/Container/BoundMethod::call(Object(Laravel/Lumen/Application), Array, Array, NULL)
#6 C:/xampp/htdocs/be-fms/api/vendor/laravel/lumen-framework/src/Concerns/RoutesRequests.php(391): Illuminate/Container/Container->call(Array, Array)
#7 C:/xampp/htdocs/be-fms/api/vendor/laravel/lumen-framework/src/Concerns/RoutesRequests.php(356): Laravel/Lumen/Application->callControllerCallable(Array, Array)
#8 C:/xampp/htdocs/be-fms/api/vendor/laravel/lumen-framework/src/Concerns/RoutesRequests.php(331): Laravel/Lumen/Application->callLumenController(Object(App/Http/Controllers/UserController), 'get_user', Array)
#9 C:/xampp/htdocs/be-fms/api/vendor/laravel/lumen-framework/src/Concerns/RoutesRequests.php(284): Laravel/Lumen/Application->callControllerAction(Array)
#10 C:/xampp/htdocs/be-fms/api/vendor/laravel/lumen-framework/src/Concerns/RoutesRequests.php(264): Laravel/Lumen/Application->callActionOnArrayBasedRoute(Array)
#11 C:/xampp/htdocs/be-fms/api/vendor/laravel/lumen-framework/src/Routing/Pipeline.php(48): Laravel/Lumen/Application->Laravel/Lumen/Concerns/{closure}(Object(Laravel/Lumen/Http/Request))
#12 C:/xampp/htdocs/be-fms/api/app/Http/Middleware/Authenticate.php(74): Laravel/Lumen/Routing/Pipeline->Laravel/Lumen/Routing/{closure}(Object(Laravel/Lumen/Http/Request))
#13 C:/xampp/htdocs/be-fms/api/vendor/illuminate/pipeline/Pipeline.php(183): App/Http/Middleware/Authenticate->handle(Object(Laravel/Lumen/Http/Request), Object(Closure))
#14 C:/xampp/htdocs/be-fms/api/vendor/laravel/lumen-framework/src/Routing/Pipeline.php(30): Illuminate/Pipeline/Pipeline->Illuminate/Pipeline/{closure}(Object(Laravel/Lumen/Http/Request))
#15 C:/xampp/htdocs/be-fms/api/vendor/illuminate/pipeline/Pipeline.php(119): Laravel/Lumen/Routing/Pipeline->Laravel/Lumen/Routing/{closure}(Object(Laravel/Lumen/Http/Request))
#16 C:/xampp/htdocs/be-fms/api/vendor/laravel/lumen-framework/src/Concerns/RoutesRequests.php(428): Illuminate/Pipeline/Pipeline->then(Object(Closure))
#17 C:/xampp/htdocs/be-fms/api/vendor/laravel/lumen-framework/src/Concerns/RoutesRequests.php(263): Laravel/Lumen/Application->sendThroughPipeline(Array, Object(Closure))
#18 C:/xampp/htdocs/be-fms/api/vendor/laravel/lumen-framework/src/Concerns/RoutesRequests.php(239): Laravel/Lumen/Application->handleFoundRoute(Array)
#19 C:/xampp/htdocs/be-fms/api/vendor/laravel/lumen-framework/src/Concerns/RoutesRequests.php(174): Laravel/Lumen/Application->handleDispatcherResponse(Array)
#20 C:/xampp/htdocs/be-fms/api/vendor/laravel/lumen-framework/src/Concerns/RoutesRequests.php(431): Laravel/Lumen/Application->Laravel/Lumen/Concerns/{closure}(Object(Laravel/Lumen/Http/Request))
#21 C:/xampp/htdocs/be-fms/api/vendor/laravel/lumen-framework/src/Concerns/RoutesRequests.php(167): Laravel/Lumen/Application->sendThroughPipeline(Array, Object(Closure))
#22 C:/xampp/htdocs/be-fms/api/vendor/laravel/lumen-framework/src/Concerns/RoutesRequests.php(112): Laravel/Lumen/Application->dispatch(NULL)
#23 C:/xampp/htdocs/be-fms/api/public/index.php(28): Laravel/Lumen/Application->run()
#24 {main}
"} 
[2026-02-28 06:00:04] local.ERROR: Logout Error: SQLSTATE[42S22]: Column not found: 1054 Unknown column 'UserID' in 'where clause' (Connection: mysql, SQL: select * from `UserLogin` where `UserID` = 62 limit 1) {"user_id":62,"trace":"#0 C:\\xampp\\htdocs\\be-fms\\api\\vendor\\illuminate\\database\\Connection.php(776): Illuminate\\Database\\Connection->runQueryCallback('select * from `...', Array, Object(Closure))
#1 C:\\xampp\\htdocs\\be-fms\\api\\vendor\\illuminate\\database\\Connection.php(407): Illuminate\\Database\\Connection->run('select * from `...', Array, Object(Closure))
#2 C:\\xampp\\htdocs\\be-fms\\api\\vendor\\illuminate\\database\\Query\\Builder.php(2751): Illuminate\\Database\\Connection->select('select * from `...', Array, true)
#3 C:\\xampp\\htdocs\\be-fms\\api\\vendor\\illuminate\\database\\Query\\Builder.php(2740): Illuminate\\Database\\Query\\Builder->runSelect()
#4 C:\\xampp\\htdocs\\be-fms\\api\\vendor\\illuminate\\database\\Query\\Builder.php(3294): Illuminate\\Database\\Query\\Builder->Illuminate\\Database\\Query\\{closure}()
#5 C:\\xampp\\htdocs\\be-fms\\api\\vendor\\illuminate\\database\\Query\\Builder.php(2739): Illuminate\\Database\\Query\\Builder->onceWithColumns(Array, Object(Closure))
#6 C:\\xampp\\htdocs\\be-fms\\api\\vendor\\illuminate\\database\\Eloquent\\Builder.php(737): Illuminate\\Database\\Query\\Builder->get(Array)
#7 C:\\xampp\\htdocs\\be-fms\\api\\vendor\\illuminate\\database\\Eloquent\\Builder.php(721): Illuminate\\Database\\Eloquent\\Builder->getModels(Array)
#8 C:\\xampp\\htdocs\\be-fms\\api\\vendor\\illuminate\\database\\Concerns\\BuildsQueries.php(333): Illuminate\\Database\\Eloquent\\Builder->get(Array)
#9 C:\\xampp\\htdocs\\be-fms\\api\\app\\Http\\Controllers\\AuthController.php(223): Illuminate\\Database\\Eloquent\\Builder->first()
#10 C:\\xampp\\htdocs\\be-fms\\api\\vendor\\illuminate\\container\\BoundMethod.php(36): App\\Http\\Controllers\\AuthController->logout(Object(Laravel\\Lumen\\Http\\Request))
#11 C:\\xampp\\htdocs\\be-fms\\api\\vendor\\illuminate\\container\\Util.php(41): Illuminate\\Container\\BoundMethod::Illuminate\\Container\\{closure}()
#12 C:\\xampp\\htdocs\\be-fms\\api\\vendor\\illuminate\\container\\BoundMethod.php(93): Illuminate\\Container\\Util::unwrapIfClosure(Object(Closure))
#13 C:\\xampp\\htdocs\\be-fms\\api\\vendor\\illuminate\\container\\BoundMethod.php(35): Illuminate\\Container\\BoundMethod::callBoundMethod(Object(Laravel\\Lumen\\Application), Array, Object(Closure))
#14 C:\\xampp\\htdocs\\be-fms\\api\\vendor\\illuminate\\container\\Container.php(662): Illuminate\\Container\\BoundMethod::call(Object(Laravel\\Lumen\\Application), Array, Array, NULL)
#15 C:\\xampp\\htdocs\\be-fms\\api\\vendor\\laravel\\lumen-framework\\src\\Concerns\\RoutesRequests.php(391): Illuminate\\Container\\Container->call(Array, Array)
#16 C:\\xampp\\htdocs\\be-fms\\api\\vendor\\laravel\\lumen-framework\\src\\Concerns\\RoutesRequests.php(356): Laravel\\Lumen\\Application->callControllerCallable(Array, Array)
#17 C:\\xampp\\htdocs\\be-fms\\api\\vendor\\laravel\\lumen-framework\\src\\Concerns\\RoutesRequests.php(331): Laravel\\Lumen\\Application->callLumenController(Object(App\\Http\\Controllers\\AuthController), 'logout', Array)
#18 C:\\xampp\\htdocs\\be-fms\\api\\vendor\\laravel\\lumen-framework\\src\\Concerns\\RoutesRequests.php(284): Laravel\\Lumen\\Application->callControllerAction(Array)
#19 C:\\xampp\\htdocs\\be-fms\\api\\vendor\\laravel\\lumen-framework\\src\\Concerns\\RoutesRequests.php(264): Laravel\\Lumen\\Application->callActionOnArrayBasedRoute(Array)
#20 C:\\xampp\\htdocs\\be-fms\\api\\vendor\\laravel\\lumen-framework\\src\\Routing\\Pipeline.php(48): Laravel\\Lumen\\Application->Laravel\\Lumen\\Concerns\\{closure}(Object(Laravel\\Lumen\\Http\\Request))
#21 C:\\xampp\\htdocs\\be-fms\\api\\app\\Http\\Middleware\\Authenticate.php(74): Laravel\\Lumen\\Routing\\Pipeline->Laravel\\Lumen\\Routing\\{closure}(Object(Laravel\\Lumen\\Http\\Request))
#22 C:\\xampp\\htdocs\\be-fms\\api\\vendor\\illuminate\\pipeline\\Pipeline.php(183): App\\Http\\Middleware\\Authenticate->handle(Object(Laravel\\Lumen\\Http\\Request), Object(Closure))
#23 C:\\xampp\\htdocs\\be-fms\\api\\vendor\\laravel\\lumen-framework\\src\\Routing\\Pipeline.php(30): Illuminate\\Pipeline\\Pipeline->Illuminate\\Pipeline\\{closure}(Object(Laravel\\Lumen\\Http\\Request))
#24 C:\\xampp\\htdocs\\be-fms\\api\\vendor\\illuminate\\pipeline\\Pipeline.php(119): Laravel\\Lumen\\Routing\\Pipeline->Laravel\\Lumen\\Routing\\{closure}(Object(Laravel\\Lumen\\Http\\Request))
#25 C:\\xampp\\htdocs\\be-fms\\api\\vendor\\laravel\\lumen-framework\\src\\Concerns\\RoutesRequests.php(428): Illuminate\\Pipeline\\Pipeline->then(Object(Closure))
#26 C:\\xampp\\htdocs\\be-fms\\api\\vendor\\laravel\\lumen-framework\\src\\Concerns\\RoutesRequests.php(263): Laravel\\Lumen\\Application->sendThroughPipeline(Array, Object(Closure))
#27 C:\\xampp\\htdocs\\be-fms\\api\\vendor\\laravel\\lumen-framework\\src\\Concerns\\RoutesRequests.php(171): Laravel\\Lumen\\Application->handleFoundRoute(Array)
#28 C:\\xampp\\htdocs\\be-fms\\api\\vendor\\laravel\\lumen-framework\\src\\Concerns\\RoutesRequests.php(431): Laravel\\Lumen\\Application->Laravel\\Lumen\\Concerns\\{closure}(Object(Laravel\\Lumen\\Http\\Request))
#29 C:\\xampp\\htdocs\\be-fms\\api\\vendor\\laravel\\lumen-framework\\src\\Concerns\\RoutesRequests.php(167): Laravel\\Lumen\\Application->sendThroughPipeline(Array, Object(Closure))
#30 C:\\xampp\\htdocs\\be-fms\\api\\vendor\\laravel\\lumen-framework\\src\\Concerns\\RoutesRequests.php(112): Laravel\\Lumen\\Application->dispatch(NULL)
#31 C:\\xampp\\htdocs\\be-fms\\api\\public\\index.php(28): Laravel\\Lumen\\Application->run()
#32 {main}"} 
[2026-02-28 06:01:20] local.ERROR: Unable to resolve dependency [Parameter #1 [ <required> $userID ]] in class App\Http\Controllers\JobController {"exception":"[object] (Illuminate\\Contracts\\Container\\BindingResolutionException(code: 0): Unable to resolve dependency [Parameter #1 [ <required> $userID ]] in class App\\Http\\Controllers\\JobController at C:/xampp/htdocs/be-fms/api/vendor/illuminate/container/BoundMethod.php:188)
[stacktrace]
#0 C:/xampp/htdocs/be-fms/api/vendor/illuminate/container/BoundMethod.php(124): Illuminate/Container/BoundMethod::addDependencyForCallParameter(Object(Laravel/Lumen/Application), Object(ReflectionParameter), Array, Array)
#1 C:/xampp/htdocs/be-fms/api/vendor/illuminate/container/BoundMethod.php(36): Illuminate/Container/BoundMethod::getMethodDependencies(Object(Laravel/Lumen/Application), Array, Array)
#2 C:/xampp/htdocs/be-fms/api/vendor/illuminate/container/Util.php(41): Illuminate/Container/BoundMethod::Illuminate/Container/{closure}()
#3 C:/xampp/htdocs/be-fms/api/vendor/illuminate/container/BoundMethod.php(93): Illuminate/Container/Util::unwrapIfClosure(Object(Closure))
#4 C:/xampp/htdocs/be-fms/api/vendor/illuminate/container/BoundMethod.php(35): Illuminate/Container/BoundMethod::callBoundMethod(Object(Laravel/Lumen/Application), Array, Object(Closure))
#5 C:/xampp/htdocs/be-fms/api/vendor/illuminate/container/Container.php(662): Illuminate/Container/BoundMethod::call(Object(Laravel/Lumen/Application), Array, Array, NULL)
#6 C:/xampp/htdocs/be-fms/api/vendor/laravel/lumen-framework/src/Concerns/RoutesRequests.php(391): Illuminate/Container/Container->call(Array, Array)
#7 C:/xampp/htdocs/be-fms/api/vendor/laravel/lumen-framework/src/Concerns/RoutesRequests.php(356): Laravel/Lumen/Application->callControllerCallable(Array, Array)
#8 C:/xampp/htdocs/be-fms/api/vendor/laravel/lumen-framework/src/Concerns/RoutesRequests.php(331): Laravel/Lumen/Application->callLumenController(Object(App/Http/Controllers/JobController), 'get_job_by_user', Array)
#9 C:/xampp/htdocs/be-fms/api/vendor/laravel/lumen-framework/src/Concerns/RoutesRequests.php(284): Laravel/Lumen/Application->callControllerAction(Array)
#10 C:/xampp/htdocs/be-fms/api/vendor/laravel/lumen-framework/src/Concerns/RoutesRequests.php(264): Laravel/Lumen/Application->callActionOnArrayBasedRoute(Array)
#11 C:/xampp/htdocs/be-fms/api/vendor/laravel/lumen-framework/src/Routing/Pipeline.php(48): Laravel/Lumen/Application->Laravel/Lumen/Concerns/{closure}(Object(Laravel/Lumen/Http/Request))
#12 C:/xampp/htdocs/be-fms/api/app/Http/Middleware/Authenticate.php(74): Laravel/Lumen/Routing/Pipeline->Laravel/Lumen/Routing/{closure}(Object(Laravel/Lumen/Http/Request))
#13 C:/xampp/htdocs/be-fms/api/vendor/illuminate/pipeline/Pipeline.php(183): App/Http/Middleware/Authenticate->handle(Object(Laravel/Lumen/Http/Request), Object(Closure))
#14 C:/xampp/htdocs/be-fms/api/vendor/laravel/lumen-framework/src/Routing/Pipeline.php(30): Illuminate/Pipeline/Pipeline->Illuminate/Pipeline/{closure}(Object(Laravel/Lumen/Http/Request))
#15 C:/xampp/htdocs/be-fms/api/vendor/illuminate/pipeline/Pipeline.php(119): Laravel/Lumen/Routing/Pipeline->Laravel/Lumen/Routing/{closure}(Object(Laravel/Lumen/Http/Request))
#16 C:/xampp/htdocs/be-fms/api/vendor/laravel/lumen-framework/src/Concerns/RoutesRequests.php(428): Illuminate/Pipeline/Pipeline->then(Object(Closure))
#17 C:/xampp/htdocs/be-fms/api/vendor/laravel/lumen-framework/src/Concerns/RoutesRequests.php(263): Laravel/Lumen/Application->sendThroughPipeline(Array, Object(Closure))
#18 C:/xampp/htdocs/be-fms/api/vendor/laravel/lumen-framework/src/Concerns/RoutesRequests.php(239): Laravel/Lumen/Application->handleFoundRoute(Array)
#19 C:/xampp/htdocs/be-fms/api/vendor/laravel/lumen-framework/src/Concerns/RoutesRequests.php(174): Laravel/Lumen/Application->handleDispatcherResponse(Array)
#20 C:/xampp/htdocs/be-fms/api/vendor/laravel/lumen-framework/src/Concerns/RoutesRequests.php(431): Laravel/Lumen/Application->Laravel/Lumen/Concerns/{closure}(Object(Laravel/Lumen/Http/Request))
#21 C:/xampp/htdocs/be-fms/api/vendor/laravel/lumen-framework/src/Concerns/RoutesRequests.php(167): Laravel/Lumen/Application->sendThroughPipeline(Array, Object(Closure))
#22 C:/xampp/htdocs/be-fms/api/vendor/laravel/lumen-framework/src/Concerns/RoutesRequests.php(112): Laravel/Lumen/Application->dispatch(NULL)
#23 C:/xampp/htdocs/be-fms/api/public/index.php(28): Laravel/Lumen/Application->run()
#24 {main}
"} 
[2026-02-28 06:01:39] local.ERROR: Unable to resolve dependency [Parameter #0 [ <required> $userID ]] in class App\Http\Controllers\UserController {"exception":"[object] (Illuminate\\Contracts\\Container\\BindingResolutionException(code: 0): Unable to resolve dependency [Parameter #0 [ <required> $userID ]] in class App\\Http\\Controllers\\UserController at C:/xampp/htdocs/be-fms/api/vendor/illuminate/container/BoundMethod.php:188)
[stacktrace]
#0 C:/xampp/htdocs/be-fms/api/vendor/illuminate/container/BoundMethod.php(124): Illuminate/Container/BoundMethod::addDependencyForCallParameter(Object(Laravel/Lumen/Application), Object(ReflectionParameter), Array, Array)
#1 C:/xampp/htdocs/be-fms/api/vendor/illuminate/container/BoundMethod.php(36): Illuminate/Container/BoundMethod::getMethodDependencies(Object(Laravel/Lumen/Application), Array, Array)
#2 C:/xampp/htdocs/be-fms/api/vendor/illuminate/container/Util.php(41): Illuminate/Container/BoundMethod::Illuminate/Container/{closure}()
#3 C:/xampp/htdocs/be-fms/api/vendor/illuminate/container/BoundMethod.php(93): Illuminate/Container/Util::unwrapIfClosure(Object(Closure))
#4 C:/xampp/htdocs/be-fms/api/vendor/illuminate/container/BoundMethod.php(35): Illuminate/Container/BoundMethod::callBoundMethod(Object(Laravel/Lumen/Application), Array, Object(Closure))
#5 C:/xampp/htdocs/be-fms/api/vendor/illuminate/container/Container.php(662): Illuminate/Container/BoundMethod::call(Object(Laravel/Lumen/Application), Array, Array, NULL)
#6 C:/xampp/htdocs/be-fms/api/vendor/laravel/lumen-framework/src/Concerns/RoutesRequests.php(391): Illuminate/Container/Container->call(Array, Array)
#7 C:/xampp/htdocs/be-fms/api/vendor/laravel/lumen-framework/src/Concerns/RoutesRequests.php(356): Laravel/Lumen/Application->callControllerCallable(Array, Array)
#8 C:/xampp/htdocs/be-fms/api/vendor/laravel/lumen-framework/src/Concerns/RoutesRequests.php(331): Laravel/Lumen/Application->callLumenController(Object(App/Http/Controllers/UserController), 'get_user', Array)
#9 C:/xampp/htdocs/be-fms/api/vendor/laravel/lumen-framework/src/Concerns/RoutesRequests.php(284): Laravel/Lumen/Application->callControllerAction(Array)
#10 C:/xampp/htdocs/be-fms/api/vendor/laravel/lumen-framework/src/Concerns/RoutesRequests.php(264): Laravel/Lumen/Application->callActionOnArrayBasedRoute(Array)
#11 C:/xampp/htdocs/be-fms/api/vendor/laravel/lumen-framework/src/Routing/Pipeline.php(48): Laravel/Lumen/Application->Laravel/Lumen/Concerns/{closure}(Object(Laravel/Lumen/Http/Request))
#12 C:/xampp/htdocs/be-fms/api/app/Http/Middleware/Authenticate.php(74): Laravel/Lumen/Routing/Pipeline->Laravel/Lumen/Routing/{closure}(Object(Laravel/Lumen/Http/Request))
#13 C:/xampp/htdocs/be-fms/api/vendor/illuminate/pipeline/Pipeline.php(183): App/Http/Middleware/Authenticate->handle(Object(Laravel/Lumen/Http/Request), Object(Closure))
#14 C:/xampp/htdocs/be-fms/api/vendor/laravel/lumen-framework/src/Routing/Pipeline.php(30): Illuminate/Pipeline/Pipeline->Illuminate/Pipeline/{closure}(Object(Laravel/Lumen/Http/Request))
#15 C:/xampp/htdocs/be-fms/api/vendor/illuminate/pipeline/Pipeline.php(119): Laravel/Lumen/Routing/Pipeline->Laravel/Lumen/Routing/{closure}(Object(Laravel/Lumen/Http/Request))
#16 C:/xampp/htdocs/be-fms/api/vendor/laravel/lumen-framework/src/Concerns/RoutesRequests.php(428): Illuminate/Pipeline/Pipeline->then(Object(Closure))
#17 C:/xampp/htdocs/be-fms/api/vendor/laravel/lumen-framework/src/Concerns/RoutesRequests.php(263): Laravel/Lumen/Application->sendThroughPipeline(Array, Object(Closure))
#18 C:/xampp/htdocs/be-fms/api/vendor/laravel/lumen-framework/src/Concerns/RoutesRequests.php(239): Laravel/Lumen/Application->handleFoundRoute(Array)
#19 C:/xampp/htdocs/be-fms/api/vendor/laravel/lumen-framework/src/Concerns/RoutesRequests.php(174): Laravel/Lumen/Application->handleDispatcherResponse(Array)
#20 C:/xampp/htdocs/be-fms/api/vendor/laravel/lumen-framework/src/Concerns/RoutesRequests.php(431): Laravel/Lumen/Application->Laravel/Lumen/Concerns/{closure}(Object(Laravel/Lumen/Http/Request))
#21 C:/xampp/htdocs/be-fms/api/vendor/laravel/lumen-framework/src/Concerns/RoutesRequests.php(167): Laravel/Lumen/Application->sendThroughPipeline(Array, Object(Closure))
#22 C:/xampp/htdocs/be-fms/api/vendor/laravel/lumen-framework/src/Concerns/RoutesRequests.php(112): Laravel/Lumen/Application->dispatch(NULL)
#23 C:/xampp/htdocs/be-fms/api/public/index.php(28): Laravel/Lumen/Application->run()
#24 {main}
"} 
[2026-02-28 06:01:48] local.ERROR: Logout Error: SQLSTATE[42S22]: Column not found: 1054 Unknown column 'UserID' in 'where clause' (Connection: mysql, SQL: select * from `UserLogin` where `UserID` = 62 limit 1) {"user_id":62,"trace":"#0 C:\\xampp\\htdocs\\be-fms\\api\\vendor\\illuminate\\database\\Connection.php(776): Illuminate\\Database\\Connection->runQueryCallback('select * from `...', Array, Object(Closure))
#1 C:\\xampp\\htdocs\\be-fms\\api\\vendor\\illuminate\\database\\Connection.php(407): Illuminate\\Database\\Connection->run('select * from `...', Array, Object(Closure))
#2 C:\\xampp\\htdocs\\be-fms\\api\\vendor\\illuminate\\database\\Query\\Builder.php(2751): Illuminate\\Database\\Connection->select('select * from `...', Array, true)
#3 C:\\xampp\\htdocs\\be-fms\\api\\vendor\\illuminate\\database\\Query\\Builder.php(2740): Illuminate\\Database\\Query\\Builder->runSelect()
#4 C:\\xampp\\htdocs\\be-fms\\api\\vendor\\illuminate\\database\\Query\\Builder.php(3294): Illuminate\\Database\\Query\\Builder->Illuminate\\Database\\Query\\{closure}()
#5 C:\\xampp\\htdocs\\be-fms\\api\\vendor\\illuminate\\database\\Query\\Builder.php(2739): Illuminate\\Database\\Query\\Builder->onceWithColumns(Array, Object(Closure))
#6 C:\\xampp\\htdocs\\be-fms\\api\\vendor\\illuminate\\database\\Eloquent\\Builder.php(737): Illuminate\\Database\\Query\\Builder->get(Array)
#7 C:\\xampp\\htdocs\\be-fms\\api\\vendor\\illuminate\\database\\Eloquent\\Builder.php(721): Illuminate\\Database\\Eloquent\\Builder->getModels(Array)
#8 C:\\xampp\\htdocs\\be-fms\\api\\vendor\\illuminate\\database\\Concerns\\BuildsQueries.php(333): Illuminate\\Database\\Eloquent\\Builder->get(Array)
#9 C:\\xampp\\htdocs\\be-fms\\api\\app\\Http\\Controllers\\AuthController.php(223): Illuminate\\Database\\Eloquent\\Builder->first()
#10 C:\\xampp\\htdocs\\be-fms\\api\\vendor\\illuminate\\container\\BoundMethod.php(36): App\\Http\\Controllers\\AuthController->logout(Object(Laravel\\Lumen\\Http\\Request))
#11 C:\\xampp\\htdocs\\be-fms\\api\\vendor\\illuminate\\container\\Util.php(41): Illuminate\\Container\\BoundMethod::Illuminate\\Container\\{closure}()
#12 C:\\xampp\\htdocs\\be-fms\\api\\vendor\\illuminate\\container\\BoundMethod.php(93): Illuminate\\Container\\Util::unwrapIfClosure(Object(Closure))
#13 C:\\xampp\\htdocs\\be-fms\\api\\vendor\\illuminate\\container\\BoundMethod.php(35): Illuminate\\Container\\BoundMethod::callBoundMethod(Object(Laravel\\Lumen\\Application), Array, Object(Closure))
#14 C:\\xampp\\htdocs\\be-fms\\api\\vendor\\illuminate\\container\\Container.php(662): Illuminate\\Container\\BoundMethod::call(Object(Laravel\\Lumen\\Application), Array, Array, NULL)
#15 C:\\xampp\\htdocs\\be-fms\\api\\vendor\\laravel\\lumen-framework\\src\\Concerns\\RoutesRequests.php(391): Illuminate\\Container\\Container->call(Array, Array)
#16 C:\\xampp\\htdocs\\be-fms\\api\\vendor\\laravel\\lumen-framework\\src\\Concerns\\RoutesRequests.php(356): Laravel\\Lumen\\Application->callControllerCallable(Array, Array)
#17 C:\\xampp\\htdocs\\be-fms\\api\\vendor\\laravel\\lumen-framework\\src\\Concerns\\RoutesRequests.php(331): Laravel\\Lumen\\Application->callLumenController(Object(App\\Http\\Controllers\\AuthController), 'logout', Array)
#18 C:\\xampp\\htdocs\\be-fms\\api\\vendor\\laravel\\lumen-framework\\src\\Concerns\\RoutesRequests.php(284): Laravel\\Lumen\\Application->callControllerAction(Array)
#19 C:\\xampp\\htdocs\\be-fms\\api\\vendor\\laravel\\lumen-framework\\src\\Concerns\\RoutesRequests.php(264): Laravel\\Lumen\\Application->callActionOnArrayBasedRoute(Array)
#20 C:\\xampp\\htdocs\\be-fms\\api\\vendor\\laravel\\lumen-framework\\src\\Routing\\Pipeline.php(48): Laravel\\Lumen\\Application->Laravel\\Lumen\\Concerns\\{closure}(Object(Laravel\\Lumen\\Http\\Request))
#21 C:\\xampp\\htdocs\\be-fms\\api\\app\\Http\\Middleware\\Authenticate.php(74): Laravel\\Lumen\\Routing\\Pipeline->Laravel\\Lumen\\Routing\\{closure}(Object(Laravel\\Lumen\\Http\\Request))
#22 C:\\xampp\\htdocs\\be-fms\\api\\vendor\\illuminate\\pipeline\\Pipeline.php(183): App\\Http\\Middleware\\Authenticate->handle(Object(Laravel\\Lumen\\Http\\Request), Object(Closure))
#23 C:\\xampp\\htdocs\\be-fms\\api\\vendor\\laravel\\lumen-framework\\src\\Routing\\Pipeline.php(30): Illuminate\\Pipeline\\Pipeline->Illuminate\\Pipeline\\{closure}(Object(Laravel\\Lumen\\Http\\Request))
#24 C:\\xampp\\htdocs\\be-fms\\api\\vendor\\illuminate\\pipeline\\Pipeline.php(119): Laravel\\Lumen\\Routing\\Pipeline->Laravel\\Lumen\\Routing\\{closure}(Object(Laravel\\Lumen\\Http\\Request))
#25 C:\\xampp\\htdocs\\be-fms\\api\\vendor\\laravel\\lumen-framework\\src\\Concerns\\RoutesRequests.php(428): Illuminate\\Pipeline\\Pipeline->then(Object(Closure))
#26 C:\\xampp\\htdocs\\be-fms\\api\\vendor\\laravel\\lumen-framework\\src\\Concerns\\RoutesRequests.php(263): Laravel\\Lumen\\Application->sendThroughPipeline(Array, Object(Closure))
#27 C:\\xampp\\htdocs\\be-fms\\api\\vendor\\laravel\\lumen-framework\\src\\Concerns\\RoutesRequests.php(171): Laravel\\Lumen\\Application->handleFoundRoute(Array)
#28 C:\\xampp\\htdocs\\be-fms\\api\\vendor\\laravel\\lumen-framework\\src\\Concerns\\RoutesRequests.php(431): Laravel\\Lumen\\Application->Laravel\\Lumen\\Concerns\\{closure}(Object(Laravel\\Lumen\\Http\\Request))
#29 C:\\xampp\\htdocs\\be-fms\\api\\vendor\\laravel\\lumen-framework\\src\\Concerns\\RoutesRequests.php(167): Laravel\\Lumen\\Application->sendThroughPipeline(Array, Object(Closure))
#30 C:\\xampp\\htdocs\\be-fms\\api\\vendor\\laravel\\lumen-framework\\src\\Concerns\\RoutesRequests.php(112): Laravel\\Lumen\\Application->dispatch(NULL)
#31 C:\\xampp\\htdocs\\be-fms\\api\\public\\index.php(28): Laravel\\Lumen\\Application->run()
#32 {main}"} 
[2026-02-28 06:02:10] local.ERROR: Unable to resolve dependency [Parameter #1 [ <required> $userID ]] in class App\Http\Controllers\JobController {"exception":"[object] (Illuminate\\Contracts\\Container\\BindingResolutionException(code: 0): Unable to resolve dependency [Parameter #1 [ <required> $userID ]] in class App\\Http\\Controllers\\JobController at C:/xampp/htdocs/be-fms/api/vendor/illuminate/container/BoundMethod.php:188)
[stacktrace]
#0 C:/xampp/htdocs/be-fms/api/vendor/illuminate/container/BoundMethod.php(124): Illuminate/Container/BoundMethod::addDependencyForCallParameter(Object(Laravel/Lumen/Application), Object(ReflectionParameter), Array, Array)
#1 C:/xampp/htdocs/be-fms/api/vendor/illuminate/container/BoundMethod.php(36): Illuminate/Container/BoundMethod::getMethodDependencies(Object(Laravel/Lumen/Application), Array, Array)
#2 C:/xampp/htdocs/be-fms/api/vendor/illuminate/container/Util.php(41): Illuminate/Container/BoundMethod::Illuminate/Container/{closure}()
#3 C:/xampp/htdocs/be-fms/api/vendor/illuminate/container/BoundMethod.php(93): Illuminate/Container/Util::unwrapIfClosure(Object(Closure))
#4 C:/xampp/htdocs/be-fms/api/vendor/illuminate/container/BoundMethod.php(35): Illuminate/Container/BoundMethod::callBoundMethod(Object(Laravel/Lumen/Application), Array, Object(Closure))
#5 C:/xampp/htdocs/be-fms/api/vendor/illuminate/container/Container.php(662): Illuminate/Container/BoundMethod::call(Object(Laravel/Lumen/Application), Array, Array, NULL)
#6 C:/xampp/htdocs/be-fms/api/vendor/laravel/lumen-framework/src/Concerns/RoutesRequests.php(391): Illuminate/Container/Container->call(Array, Array)
#7 C:/xampp/htdocs/be-fms/api/vendor/laravel/lumen-framework/src/Concerns/RoutesRequests.php(356): Laravel/Lumen/Application->callControllerCallable(Array, Array)
#8 C:/xampp/htdocs/be-fms/api/vendor/laravel/lumen-framework/src/Concerns/RoutesRequests.php(331): Laravel/Lumen/Application->callLumenController(Object(App/Http/Controllers/JobController), 'get_job_by_user', Array)
#9 C:/xampp/htdocs/be-fms/api/vendor/laravel/lumen-framework/src/Concerns/RoutesRequests.php(284): Laravel/Lumen/Application->callControllerAction(Array)
#10 C:/xampp/htdocs/be-fms/api/vendor/laravel/lumen-framework/src/Concerns/RoutesRequests.php(264): Laravel/Lumen/Application->callActionOnArrayBasedRoute(Array)
#11 C:/xampp/htdocs/be-fms/api/vendor/laravel/lumen-framework/src/Routing/Pipeline.php(48): Laravel/Lumen/Application->Laravel/Lumen/Concerns/{closure}(Object(Laravel/Lumen/Http/Request))
#12 C:/xampp/htdocs/be-fms/api/app/Http/Middleware/Authenticate.php(74): Laravel/Lumen/Routing/Pipeline->Laravel/Lumen/Routing/{closure}(Object(Laravel/Lumen/Http/Request))
#13 C:/xampp/htdocs/be-fms/api/vendor/illuminate/pipeline/Pipeline.php(183): App/Http/Middleware/Authenticate->handle(Object(Laravel/Lumen/Http/Request), Object(Closure))
#14 C:/xampp/htdocs/be-fms/api/vendor/laravel/lumen-framework/src/Routing/Pipeline.php(30): Illuminate/Pipeline/Pipeline->Illuminate/Pipeline/{closure}(Object(Laravel/Lumen/Http/Request))
#15 C:/xampp/htdocs/be-fms/api/vendor/illuminate/pipeline/Pipeline.php(119): Laravel/Lumen/Routing/Pipeline->Laravel/Lumen/Routing/{closure}(Object(Laravel/Lumen/Http/Request))
#16 C:/xampp/htdocs/be-fms/api/vendor/laravel/lumen-framework/src/Concerns/RoutesRequests.php(428): Illuminate/Pipeline/Pipeline->then(Object(Closure))
#17 C:/xampp/htdocs/be-fms/api/vendor/laravel/lumen-framework/src/Concerns/RoutesRequests.php(263): Laravel/Lumen/Application->sendThroughPipeline(Array, Object(Closure))
#18 C:/xampp/htdocs/be-fms/api/vendor/laravel/lumen-framework/src/Concerns/RoutesRequests.php(239): Laravel/Lumen/Application->handleFoundRoute(Array)
#19 C:/xampp/htdocs/be-fms/api/vendor/laravel/lumen-framework/src/Concerns/RoutesRequests.php(174): Laravel/Lumen/Application->handleDispatcherResponse(Array)
#20 C:/xampp/htdocs/be-fms/api/vendor/laravel/lumen-framework/src/Concerns/RoutesRequests.php(431): Laravel/Lumen/Application->Laravel/Lumen/Concerns/{closure}(Object(Laravel/Lumen/Http/Request))
#21 C:/xampp/htdocs/be-fms/api/vendor/laravel/lumen-framework/src/Concerns/RoutesRequests.php(167): Laravel/Lumen/Application->sendThroughPipeline(Array, Object(Closure))
#22 C:/xampp/htdocs/be-fms/api/vendor/laravel/lumen-framework/src/Concerns/RoutesRequests.php(112): Laravel/Lumen/Application->dispatch(NULL)
#23 C:/xampp/htdocs/be-fms/api/public/index.php(28): Laravel/Lumen/Application->run()
#24 {main}
"} 
[2026-02-28 06:02:10] local.ERROR: Unable to resolve dependency [Parameter #1 [ <required> $userID ]] in class App\Http\Controllers\JobController {"exception":"[object] (Illuminate\\Contracts\\Container\\BindingResolutionException(code: 0): Unable to resolve dependency [Parameter #1 [ <required> $userID ]] in class App\\Http\\Controllers\\JobController at C:/xampp/htdocs/be-fms/api/vendor/illuminate/container/BoundMethod.php:188)
[stacktrace]
#0 C:/xampp/htdocs/be-fms/api/vendor/illuminate/container/BoundMethod.php(124): Illuminate/Container/BoundMethod::addDependencyForCallParameter(Object(Laravel/Lumen/Application), Object(ReflectionParameter), Array, Array)
#1 C:/xampp/htdocs/be-fms/api/vendor/illuminate/container/BoundMethod.php(36): Illuminate/Container/BoundMethod::getMethodDependencies(Object(Laravel/Lumen/Application), Array, Array)
#2 C:/xampp/htdocs/be-fms/api/vendor/illuminate/container/Util.php(41): Illuminate/Container/BoundMethod::Illuminate/Container/{closure}()
#3 C:/xampp/htdocs/be-fms/api/vendor/illuminate/container/BoundMethod.php(93): Illuminate/Container/Util::unwrapIfClosure(Object(Closure))
#4 C:/xampp/htdocs/be-fms/api/vendor/illuminate/container/BoundMethod.php(35): Illuminate/Container/BoundMethod::callBoundMethod(Object(Laravel/Lumen/Application), Array, Object(Closure))
#5 C:/xampp/htdocs/be-fms/api/vendor/illuminate/container/Container.php(662): Illuminate/Container/BoundMethod::call(Object(Laravel/Lumen/Application), Array, Array, NULL)
#6 C:/xampp/htdocs/be-fms/api/vendor/laravel/lumen-framework/src/Concerns/RoutesRequests.php(391): Illuminate/Container/Container->call(Array, Array)
#7 C:/xampp/htdocs/be-fms/api/vendor/laravel/lumen-framework/src/Concerns/RoutesRequests.php(356): Laravel/Lumen/Application->callControllerCallable(Array, Array)
#8 C:/xampp/htdocs/be-fms/api/vendor/laravel/lumen-framework/src/Concerns/RoutesRequests.php(331): Laravel/Lumen/Application->callLumenController(Object(App/Http/Controllers/JobController), 'get_job_by_user', Array)
#9 C:/xampp/htdocs/be-fms/api/vendor/laravel/lumen-framework/src/Concerns/RoutesRequests.php(284): Laravel/Lumen/Application->callControllerAction(Array)
#10 C:/xampp/htdocs/be-fms/api/vendor/laravel/lumen-framework/src/Concerns/RoutesRequests.php(264): Laravel/Lumen/Application->callActionOnArrayBasedRoute(Array)
#11 C:/xampp/htdocs/be-fms/api/vendor/laravel/lumen-framework/src/Routing/Pipeline.php(48): Laravel/Lumen/Application->Laravel/Lumen/Concerns/{closure}(Object(Laravel/Lumen/Http/Request))
#12 C:/xampp/htdocs/be-fms/api/app/Http/Middleware/Authenticate.php(74): Laravel/Lumen/Routing/Pipeline->Laravel/Lumen/Routing/{closure}(Object(Laravel/Lumen/Http/Request))
#13 C:/xampp/htdocs/be-fms/api/vendor/illuminate/pipeline/Pipeline.php(183): App/Http/Middleware/Authenticate->handle(Object(Laravel/Lumen/Http/Request), Object(Closure))
#14 C:/xampp/htdocs/be-fms/api/vendor/laravel/lumen-framework/src/Routing/Pipeline.php(30): Illuminate/Pipeline/Pipeline->Illuminate/Pipeline/{closure}(Object(Laravel/Lumen/Http/Request))
#15 C:/xampp/htdocs/be-fms/api/vendor/illuminate/pipeline/Pipeline.php(119): Laravel/Lumen/Routing/Pipeline->Laravel/Lumen/Routing/{closure}(Object(Laravel/Lumen/Http/Request))
#16 C:/xampp/htdocs/be-fms/api/vendor/laravel/lumen-framework/src/Concerns/RoutesRequests.php(428): Illuminate/Pipeline/Pipeline->then(Object(Closure))
#17 C:/xampp/htdocs/be-fms/api/vendor/laravel/lumen-framework/src/Concerns/RoutesRequests.php(263): Laravel/Lumen/Application->sendThroughPipeline(Array, Object(Closure))
#18 C:/xampp/htdocs/be-fms/api/vendor/laravel/lumen-framework/src/Concerns/RoutesRequests.php(239): Laravel/Lumen/Application->handleFoundRoute(Array)
#19 C:/xampp/htdocs/be-fms/api/vendor/laravel/lumen-framework/src/Concerns/RoutesRequests.php(174): Laravel/Lumen/Application->handleDispatcherResponse(Array)
#20 C:/xampp/htdocs/be-fms/api/vendor/laravel/lumen-framework/src/Concerns/RoutesRequests.php(431): Laravel/Lumen/Application->Laravel/Lumen/Concerns/{closure}(Object(Laravel/Lumen/Http/Request))
#21 C:/xampp/htdocs/be-fms/api/vendor/laravel/lumen-framework/src/Concerns/RoutesRequests.php(167): Laravel/Lumen/Application->sendThroughPipeline(Array, Object(Closure))
#22 C:/xampp/htdocs/be-fms/api/vendor/laravel/lumen-framework/src/Concerns/RoutesRequests.php(112): Laravel/Lumen/Application->dispatch(NULL)
#23 C:/xampp/htdocs/be-fms/api/public/index.php(28): Laravel/Lumen/Application->run()
#24 {main}
"} 
[2026-02-28 06:02:10] local.ERROR: Unable to resolve dependency [Parameter #0 [ <required> $userID ]] in class App\Http\Controllers\UserController {"exception":"[object] (Illuminate\\Contracts\\Container\\BindingResolutionException(code: 0): Unable to resolve dependency [Parameter #0 [ <required> $userID ]] in class App\\Http\\Controllers\\UserController at C:/xampp/htdocs/be-fms/api/vendor/illuminate/container/BoundMethod.php:188)
[stacktrace]
#0 C:/xampp/htdocs/be-fms/api/vendor/illuminate/container/BoundMethod.php(124): Illuminate/Container/BoundMethod::addDependencyForCallParameter(Object(Laravel/Lumen/Application), Object(ReflectionParameter), Array, Array)
#1 C:/xampp/htdocs/be-fms/api/vendor/illuminate/container/BoundMethod.php(36): Illuminate/Container/BoundMethod::getMethodDependencies(Object(Laravel/Lumen/Application), Array, Array)
#2 C:/xampp/htdocs/be-fms/api/vendor/illuminate/container/Util.php(41): Illuminate/Container/BoundMethod::Illuminate/Container/{closure}()
#3 C:/xampp/htdocs/be-fms/api/vendor/illuminate/container/BoundMethod.php(93): Illuminate/Container/Util::unwrapIfClosure(Object(Closure))
#4 C:/xampp/htdocs/be-fms/api/vendor/illuminate/container/BoundMethod.php(35): Illuminate/Container/BoundMethod::callBoundMethod(Object(Laravel/Lumen/Application), Array, Object(Closure))
#5 C:/xampp/htdocs/be-fms/api/vendor/illuminate/container/Container.php(662): Illuminate/Container/BoundMethod::call(Object(Laravel/Lumen/Application), Array, Array, NULL)
#6 C:/xampp/htdocs/be-fms/api/vendor/laravel/lumen-framework/src/Concerns/RoutesRequests.php(391): Illuminate/Container/Container->call(Array, Array)
#7 C:/xampp/htdocs/be-fms/api/vendor/laravel/lumen-framework/src/Concerns/RoutesRequests.php(356): Laravel/Lumen/Application->callControllerCallable(Array, Array)
#8 C:/xampp/htdocs/be-fms/api/vendor/laravel/lumen-framework/src/Concerns/RoutesRequests.php(331): Laravel/Lumen/Application->callLumenController(Object(App/Http/Controllers/UserController), 'get_user', Array)
#9 C:/xampp/htdocs/be-fms/api/vendor/laravel/lumen-framework/src/Concerns/RoutesRequests.php(284): Laravel/Lumen/Application->callControllerAction(Array)
#10 C:/xampp/htdocs/be-fms/api/vendor/laravel/lumen-framework/src/Concerns/RoutesRequests.php(264): Laravel/Lumen/Application->callActionOnArrayBasedRoute(Array)
#11 C:/xampp/htdocs/be-fms/api/vendor/laravel/lumen-framework/src/Routing/Pipeline.php(48): Laravel/Lumen/Application->Laravel/Lumen/Concerns/{closure}(Object(Laravel/Lumen/Http/Request))
#12 C:/xampp/htdocs/be-fms/api/app/Http/Middleware/Authenticate.php(74): Laravel/Lumen/Routing/Pipeline->Laravel/Lumen/Routing/{closure}(Object(Laravel/Lumen/Http/Request))
#13 C:/xampp/htdocs/be-fms/api/vendor/illuminate/pipeline/Pipeline.php(183): App/Http/Middleware/Authenticate->handle(Object(Laravel/Lumen/Http/Request), Object(Closure))
#14 C:/xampp/htdocs/be-fms/api/vendor/laravel/lumen-framework/src/Routing/Pipeline.php(30): Illuminate/Pipeline/Pipeline->Illuminate/Pipeline/{closure}(Object(Laravel/Lumen/Http/Request))
#15 C:/xampp/htdocs/be-fms/api/vendor/illuminate/pipeline/Pipeline.php(119): Laravel/Lumen/Routing/Pipeline->Laravel/Lumen/Routing/{closure}(Object(Laravel/Lumen/Http/Request))
#16 C:/xampp/htdocs/be-fms/api/vendor/laravel/lumen-framework/src/Concerns/RoutesRequests.php(428): Illuminate/Pipeline/Pipeline->then(Object(Closure))
#17 C:/xampp/htdocs/be-fms/api/vendor/laravel/lumen-framework/src/Concerns/RoutesRequests.php(263): Laravel/Lumen/Application->sendThroughPipeline(Array, Object(Closure))
#18 C:/xampp/htdocs/be-fms/api/vendor/laravel/lumen-framework/src/Concerns/RoutesRequests.php(239): Laravel/Lumen/Application->handleFoundRoute(Array)
#19 C:/xampp/htdocs/be-fms/api/vendor/laravel/lumen-framework/src/Concerns/RoutesRequests.php(174): Laravel/Lumen/Application->handleDispatcherResponse(Array)
#20 C:/xampp/htdocs/be-fms/api/vendor/laravel/lumen-framework/src/Concerns/RoutesRequests.php(431): Laravel/Lumen/Application->Laravel/Lumen/Concerns/{closure}(Object(Laravel/Lumen/Http/Request))
#21 C:/xampp/htdocs/be-fms/api/vendor/laravel/lumen-framework/src/Concerns/RoutesRequests.php(167): Laravel/Lumen/Application->sendThroughPipeline(Array, Object(Closure))
#22 C:/xampp/htdocs/be-fms/api/vendor/laravel/lumen-framework/src/Concerns/RoutesRequests.php(112): Laravel/Lumen/Application->dispatch(NULL)
#23 C:/xampp/htdocs/be-fms/api/public/index.php(28): Laravel/Lumen/Application->run()
#24 {main}
"} 
[2026-02-28 06:04:10] local.ERROR: Unable to resolve dependency [Parameter #1 [ <required> $userID ]] in class App\Http\Controllers\JobController {"exception":"[object] (Illuminate\\Contracts\\Container\\BindingResolutionException(code: 0): Unable to resolve dependency [Parameter #1 [ <required> $userID ]] in class App\\Http\\Controllers\\JobController at C:/xampp/htdocs/be-fms/api/vendor/illuminate/container/BoundMethod.php:188)
[stacktrace]
#0 C:/xampp/htdocs/be-fms/api/vendor/illuminate/container/BoundMethod.php(124): Illuminate/Container/BoundMethod::addDependencyForCallParameter(Object(Laravel/Lumen/Application), Object(ReflectionParameter), Array, Array)
#1 C:/xampp/htdocs/be-fms/api/vendor/illuminate/container/BoundMethod.php(36): Illuminate/Container/BoundMethod::getMethodDependencies(Object(Laravel/Lumen/Application), Array, Array)
#2 C:/xampp/htdocs/be-fms/api/vendor/illuminate/container/Util.php(41): Illuminate/Container/BoundMethod::Illuminate/Container/{closure}()
#3 C:/xampp/htdocs/be-fms/api/vendor/illuminate/container/BoundMethod.php(93): Illuminate/Container/Util::unwrapIfClosure(Object(Closure))
#4 C:/xampp/htdocs/be-fms/api/vendor/illuminate/container/BoundMethod.php(35): Illuminate/Container/BoundMethod::callBoundMethod(Object(Laravel/Lumen/Application), Array, Object(Closure))
#5 C:/xampp/htdocs/be-fms/api/vendor/illuminate/container/Container.php(662): Illuminate/Container/BoundMethod::call(Object(Laravel/Lumen/Application), Array, Array, NULL)
#6 C:/xampp/htdocs/be-fms/api/vendor/laravel/lumen-framework/src/Concerns/RoutesRequests.php(391): Illuminate/Container/Container->call(Array, Array)
#7 C:/xampp/htdocs/be-fms/api/vendor/laravel/lumen-framework/src/Concerns/RoutesRequests.php(356): Laravel/Lumen/Application->callControllerCallable(Array, Array)
#8 C:/xampp/htdocs/be-fms/api/vendor/laravel/lumen-framework/src/Concerns/RoutesRequests.php(331): Laravel/Lumen/Application->callLumenController(Object(App/Http/Controllers/JobController), 'get_job_by_user', Array)
#9 C:/xampp/htdocs/be-fms/api/vendor/laravel/lumen-framework/src/Concerns/RoutesRequests.php(284): Laravel/Lumen/Application->callControllerAction(Array)
#10 C:/xampp/htdocs/be-fms/api/vendor/laravel/lumen-framework/src/Concerns/RoutesRequests.php(264): Laravel/Lumen/Application->callActionOnArrayBasedRoute(Array)
#11 C:/xampp/htdocs/be-fms/api/vendor/laravel/lumen-framework/src/Routing/Pipeline.php(48): Laravel/Lumen/Application->Laravel/Lumen/Concerns/{closure}(Object(Laravel/Lumen/Http/Request))
#12 C:/xampp/htdocs/be-fms/api/app/Http/Middleware/Authenticate.php(74): Laravel/Lumen/Routing/Pipeline->Laravel/Lumen/Routing/{closure}(Object(Laravel/Lumen/Http/Request))
#13 C:/xampp/htdocs/be-fms/api/vendor/illuminate/pipeline/Pipeline.php(183): App/Http/Middleware/Authenticate->handle(Object(Laravel/Lumen/Http/Request), Object(Closure))
#14 C:/xampp/htdocs/be-fms/api/vendor/laravel/lumen-framework/src/Routing/Pipeline.php(30): Illuminate/Pipeline/Pipeline->Illuminate/Pipeline/{closure}(Object(Laravel/Lumen/Http/Request))
#15 C:/xampp/htdocs/be-fms/api/vendor/illuminate/pipeline/Pipeline.php(119): Laravel/Lumen/Routing/Pipeline->Laravel/Lumen/Routing/{closure}(Object(Laravel/Lumen/Http/Request))
#16 C:/xampp/htdocs/be-fms/api/vendor/laravel/lumen-framework/src/Concerns/RoutesRequests.php(428): Illuminate/Pipeline/Pipeline->then(Object(Closure))
#17 C:/xampp/htdocs/be-fms/api/vendor/laravel/lumen-framework/src/Concerns/RoutesRequests.php(263): Laravel/Lumen/Application->sendThroughPipeline(Array, Object(Closure))
#18 C:/xampp/htdocs/be-fms/api/vendor/laravel/lumen-framework/src/Concerns/RoutesRequests.php(239): Laravel/Lumen/Application->handleFoundRoute(Array)
#19 C:/xampp/htdocs/be-fms/api/vendor/laravel/lumen-framework/src/Concerns/RoutesRequests.php(174): Laravel/Lumen/Application->handleDispatcherResponse(Array)
#20 C:/xampp/htdocs/be-fms/api/vendor/laravel/lumen-framework/src/Concerns/RoutesRequests.php(431): Laravel/Lumen/Application->Laravel/Lumen/Concerns/{closure}(Object(Laravel/Lumen/Http/Request))
#21 C:/xampp/htdocs/be-fms/api/vendor/laravel/lumen-framework/src/Concerns/RoutesRequests.php(167): Laravel/Lumen/Application->sendThroughPipeline(Array, Object(Closure))
#22 C:/xampp/htdocs/be-fms/api/vendor/laravel/lumen-framework/src/Concerns/RoutesRequests.php(112): Laravel/Lumen/Application->dispatch(NULL)
#23 C:/xampp/htdocs/be-fms/api/public/index.php(28): Laravel/Lumen/Application->run()
#24 {main}
"} 
[2026-02-28 06:04:23] local.ERROR: Unable to resolve dependency [Parameter #1 [ <required> $userID ]] in class App\Http\Controllers\JobController {"exception":"[object] (Illuminate\\Contracts\\Container\\BindingResolutionException(code: 0): Unable to resolve dependency [Parameter #1 [ <required> $userID ]] in class App\\Http\\Controllers\\JobController at C:/xampp/htdocs/be-fms/api/vendor/illuminate/container/BoundMethod.php:188)
[stacktrace]
#0 C:/xampp/htdocs/be-fms/api/vendor/illuminate/container/BoundMethod.php(124): Illuminate/Container/BoundMethod::addDependencyForCallParameter(Object(Laravel/Lumen/Application), Object(ReflectionParameter), Array, Array)
#1 C:/xampp/htdocs/be-fms/api/vendor/illuminate/container/BoundMethod.php(36): Illuminate/Container/BoundMethod::getMethodDependencies(Object(Laravel/Lumen/Application), Array, Array)
#2 C:/xampp/htdocs/be-fms/api/vendor/illuminate/container/Util.php(41): Illuminate/Container/BoundMethod::Illuminate/Container/{closure}()
#3 C:/xampp/htdocs/be-fms/api/vendor/illuminate/container/BoundMethod.php(93): Illuminate/Container/Util::unwrapIfClosure(Object(Closure))
#4 C:/xampp/htdocs/be-fms/api/vendor/illuminate/container/BoundMethod.php(35): Illuminate/Container/BoundMethod::callBoundMethod(Object(Laravel/Lumen/Application), Array, Object(Closure))
#5 C:/xampp/htdocs/be-fms/api/vendor/illuminate/container/Container.php(662): Illuminate/Container/BoundMethod::call(Object(Laravel/Lumen/Application), Array, Array, NULL)
#6 C:/xampp/htdocs/be-fms/api/vendor/laravel/lumen-framework/src/Concerns/RoutesRequests.php(391): Illuminate/Container/Container->call(Array, Array)
#7 C:/xampp/htdocs/be-fms/api/vendor/laravel/lumen-framework/src/Concerns/RoutesRequests.php(356): Laravel/Lumen/Application->callControllerCallable(Array, Array)
#8 C:/xampp/htdocs/be-fms/api/vendor/laravel/lumen-framework/src/Concerns/RoutesRequests.php(331): Laravel/Lumen/Application->callLumenController(Object(App/Http/Controllers/JobController), 'get_job_by_user', Array)
#9 C:/xampp/htdocs/be-fms/api/vendor/laravel/lumen-framework/src/Concerns/RoutesRequests.php(284): Laravel/Lumen/Application->callControllerAction(Array)
#10 C:/xampp/htdocs/be-fms/api/vendor/laravel/lumen-framework/src/Concerns/RoutesRequests.php(264): Laravel/Lumen/Application->callActionOnArrayBasedRoute(Array)
#11 C:/xampp/htdocs/be-fms/api/vendor/laravel/lumen-framework/src/Routing/Pipeline.php(48): Laravel/Lumen/Application->Laravel/Lumen/Concerns/{closure}(Object(Laravel/Lumen/Http/Request))
#12 C:/xampp/htdocs/be-fms/api/app/Http/Middleware/Authenticate.php(74): Laravel/Lumen/Routing/Pipeline->Laravel/Lumen/Routing/{closure}(Object(Laravel/Lumen/Http/Request))
#13 C:/xampp/htdocs/be-fms/api/vendor/illuminate/pipeline/Pipeline.php(183): App/Http/Middleware/Authenticate->handle(Object(Laravel/Lumen/Http/Request), Object(Closure))
#14 C:/xampp/htdocs/be-fms/api/vendor/laravel/lumen-framework/src/Routing/Pipeline.php(30): Illuminate/Pipeline/Pipeline->Illuminate/Pipeline/{closure}(Object(Laravel/Lumen/Http/Request))
#15 C:/xampp/htdocs/be-fms/api/vendor/illuminate/pipeline/Pipeline.php(119): Laravel/Lumen/Routing/Pipeline->Laravel/Lumen/Routing/{closure}(Object(Laravel/Lumen/Http/Request))
#16 C:/xampp/htdocs/be-fms/api/vendor/laravel/lumen-framework/src/Concerns/RoutesRequests.php(428): Illuminate/Pipeline/Pipeline->then(Object(Closure))
#17 C:/xampp/htdocs/be-fms/api/vendor/laravel/lumen-framework/src/Concerns/RoutesRequests.php(263): Laravel/Lumen/Application->sendThroughPipeline(Array, Object(Closure))
#18 C:/xampp/htdocs/be-fms/api/vendor/laravel/lumen-framework/src/Concerns/RoutesRequests.php(239): Laravel/Lumen/Application->handleFoundRoute(Array)
#19 C:/xampp/htdocs/be-fms/api/vendor/laravel/lumen-framework/src/Concerns/RoutesRequests.php(174): Laravel/Lumen/Application->handleDispatcherResponse(Array)
#20 C:/xampp/htdocs/be-fms/api/vendor/laravel/lumen-framework/src/Concerns/RoutesRequests.php(431): Laravel/Lumen/Application->Laravel/Lumen/Concerns/{closure}(Object(Laravel/Lumen/Http/Request))
#21 C:/xampp/htdocs/be-fms/api/vendor/laravel/lumen-framework/src/Concerns/RoutesRequests.php(167): Laravel/Lumen/Application->sendThroughPipeline(Array, Object(Closure))
#22 C:/xampp/htdocs/be-fms/api/vendor/laravel/lumen-framework/src/Concerns/RoutesRequests.php(112): Laravel/Lumen/Application->dispatch(NULL)
#23 C:/xampp/htdocs/be-fms/api/public/index.php(28): Laravel/Lumen/Application->run()
#24 {main}
"} 
[2026-02-28 06:04:36] local.ERROR: Unable to resolve dependency [Parameter #1 [ <required> $userID ]] in class App\Http\Controllers\JobController {"exception":"[object] (Illuminate\\Contracts\\Container\\BindingResolutionException(code: 0): Unable to resolve dependency [Parameter #1 [ <required> $userID ]] in class App\\Http\\Controllers\\JobController at C:/xampp/htdocs/be-fms/api/vendor/illuminate/container/BoundMethod.php:188)
[stacktrace]
#0 C:/xampp/htdocs/be-fms/api/vendor/illuminate/container/BoundMethod.php(124): Illuminate/Container/BoundMethod::addDependencyForCallParameter(Object(Laravel/Lumen/Application), Object(ReflectionParameter), Array, Array)
#1 C:/xampp/htdocs/be-fms/api/vendor/illuminate/container/BoundMethod.php(36): Illuminate/Container/BoundMethod::getMethodDependencies(Object(Laravel/Lumen/Application), Array, Array)
#2 C:/xampp/htdocs/be-fms/api/vendor/illuminate/container/Util.php(41): Illuminate/Container/BoundMethod::Illuminate/Container/{closure}()
#3 C:/xampp/htdocs/be-fms/api/vendor/illuminate/container/BoundMethod.php(93): Illuminate/Container/Util::unwrapIfClosure(Object(Closure))
#4 C:/xampp/htdocs/be-fms/api/vendor/illuminate/container/BoundMethod.php(35): Illuminate/Container/BoundMethod::callBoundMethod(Object(Laravel/Lumen/Application), Array, Object(Closure))
#5 C:/xampp/htdocs/be-fms/api/vendor/illuminate/container/Container.php(662): Illuminate/Container/BoundMethod::call(Object(Laravel/Lumen/Application), Array, Array, NULL)
#6 C:/xampp/htdocs/be-fms/api/vendor/laravel/lumen-framework/src/Concerns/RoutesRequests.php(391): Illuminate/Container/Container->call(Array, Array)
#7 C:/xampp/htdocs/be-fms/api/vendor/laravel/lumen-framework/src/Concerns/RoutesRequests.php(356): Laravel/Lumen/Application->callControllerCallable(Array, Array)
#8 C:/xampp/htdocs/be-fms/api/vendor/laravel/lumen-framework/src/Concerns/RoutesRequests.php(331): Laravel/Lumen/Application->callLumenController(Object(App/Http/Controllers/JobController), 'get_job_by_user', Array)
#9 C:/xampp/htdocs/be-fms/api/vendor/laravel/lumen-framework/src/Concerns/RoutesRequests.php(284): Laravel/Lumen/Application->callControllerAction(Array)
#10 C:/xampp/htdocs/be-fms/api/vendor/laravel/lumen-framework/src/Concerns/RoutesRequests.php(264): Laravel/Lumen/Application->callActionOnArrayBasedRoute(Array)
#11 C:/xampp/htdocs/be-fms/api/vendor/laravel/lumen-framework/src/Routing/Pipeline.php(48): Laravel/Lumen/Application->Laravel/Lumen/Concerns/{closure}(Object(Laravel/Lumen/Http/Request))
#12 C:/xampp/htdocs/be-fms/api/app/Http/Middleware/Authenticate.php(74): Laravel/Lumen/Routing/Pipeline->Laravel/Lumen/Routing/{closure}(Object(Laravel/Lumen/Http/Request))
#13 C:/xampp/htdocs/be-fms/api/vendor/illuminate/pipeline/Pipeline.php(183): App/Http/Middleware/Authenticate->handle(Object(Laravel/Lumen/Http/Request), Object(Closure))
#14 C:/xampp/htdocs/be-fms/api/vendor/laravel/lumen-framework/src/Routing/Pipeline.php(30): Illuminate/Pipeline/Pipeline->Illuminate/Pipeline/{closure}(Object(Laravel/Lumen/Http/Request))
#15 C:/xampp/htdocs/be-fms/api/vendor/illuminate/pipeline/Pipeline.php(119): Laravel/Lumen/Routing/Pipeline->Laravel/Lumen/Routing/{closure}(Object(Laravel/Lumen/Http/Request))
#16 C:/xampp/htdocs/be-fms/api/vendor/laravel/lumen-framework/src/Concerns/RoutesRequests.php(428): Illuminate/Pipeline/Pipeline->then(Object(Closure))
#17 C:/xampp/htdocs/be-fms/api/vendor/laravel/lumen-framework/src/Concerns/RoutesRequests.php(263): Laravel/Lumen/Application->sendThroughPipeline(Array, Object(Closure))
#18 C:/xampp/htdocs/be-fms/api/vendor/laravel/lumen-framework/src/Concerns/RoutesRequests.php(239): Laravel/Lumen/Application->handleFoundRoute(Array)
#19 C:/xampp/htdocs/be-fms/api/vendor/laravel/lumen-framework/src/Concerns/RoutesRequests.php(174): Laravel/Lumen/Application->handleDispatcherResponse(Array)
#20 C:/xampp/htdocs/be-fms/api/vendor/laravel/lumen-framework/src/Concerns/RoutesRequests.php(431): Laravel/Lumen/Application->Laravel/Lumen/Concerns/{closure}(Object(Laravel/Lumen/Http/Request))
#21 C:/xampp/htdocs/be-fms/api/vendor/laravel/lumen-framework/src/Concerns/RoutesRequests.php(167): Laravel/Lumen/Application->sendThroughPipeline(Array, Object(Closure))
#22 C:/xampp/htdocs/be-fms/api/vendor/laravel/lumen-framework/src/Concerns/RoutesRequests.php(112): Laravel/Lumen/Application->dispatch(NULL)
#23 C:/xampp/htdocs/be-fms/api/public/index.php(28): Laravel/Lumen/Application->run()
#24 {main}
"} 
[2026-02-28 06:13:05] local.ERROR: Unable to resolve dependency [Parameter #1 [ <required> $userID ]] in class App\Http\Controllers\JobController {"exception":"[object] (Illuminate\\Contracts\\Container\\BindingResolutionException(code: 0): Unable to resolve dependency [Parameter #1 [ <required> $userID ]] in class App\\Http\\Controllers\\JobController at C:/xampp/htdocs/be-fms/api/vendor/illuminate/container/BoundMethod.php:188)
[stacktrace]
#0 C:/xampp/htdocs/be-fms/api/vendor/illuminate/container/BoundMethod.php(124): Illuminate/Container/BoundMethod::addDependencyForCallParameter(Object(Laravel/Lumen/Application), Object(ReflectionParameter), Array, Array)
#1 C:/xampp/htdocs/be-fms/api/vendor/illuminate/container/BoundMethod.php(36): Illuminate/Container/BoundMethod::getMethodDependencies(Object(Laravel/Lumen/Application), Array, Array)
#2 C:/xampp/htdocs/be-fms/api/vendor/illuminate/container/Util.php(41): Illuminate/Container/BoundMethod::Illuminate/Container/{closure}()
#3 C:/xampp/htdocs/be-fms/api/vendor/illuminate/container/BoundMethod.php(93): Illuminate/Container/Util::unwrapIfClosure(Object(Closure))
#4 C:/xampp/htdocs/be-fms/api/vendor/illuminate/container/BoundMethod.php(35): Illuminate/Container/BoundMethod::callBoundMethod(Object(Laravel/Lumen/Application), Array, Object(Closure))
#5 C:/xampp/htdocs/be-fms/api/vendor/illuminate/container/Container.php(662): Illuminate/Container/BoundMethod::call(Object(Laravel/Lumen/Application), Array, Array, NULL)
#6 C:/xampp/htdocs/be-fms/api/vendor/laravel/lumen-framework/src/Concerns/RoutesRequests.php(391): Illuminate/Container/Container->call(Array, Array)
#7 C:/xampp/htdocs/be-fms/api/vendor/laravel/lumen-framework/src/Concerns/RoutesRequests.php(356): Laravel/Lumen/Application->callControllerCallable(Array, Array)
#8 C:/xampp/htdocs/be-fms/api/vendor/laravel/lumen-framework/src/Concerns/RoutesRequests.php(331): Laravel/Lumen/Application->callLumenController(Object(App/Http/Controllers/JobController), 'get_job_by_user', Array)
#9 C:/xampp/htdocs/be-fms/api/vendor/laravel/lumen-framework/src/Concerns/RoutesRequests.php(284): Laravel/Lumen/Application->callControllerAction(Array)
#10 C:/xampp/htdocs/be-fms/api/vendor/laravel/lumen-framework/src/Concerns/RoutesRequests.php(264): Laravel/Lumen/Application->callActionOnArrayBasedRoute(Array)
#11 C:/xampp/htdocs/be-fms/api/vendor/laravel/lumen-framework/src/Routing/Pipeline.php(48): Laravel/Lumen/Application->Laravel/Lumen/Concerns/{closure}(Object(Laravel/Lumen/Http/Request))
#12 C:/xampp/htdocs/be-fms/api/app/Http/Middleware/Authenticate.php(74): Laravel/Lumen/Routing/Pipeline->Laravel/Lumen/Routing/{closure}(Object(Laravel/Lumen/Http/Request))
#13 C:/xampp/htdocs/be-fms/api/vendor/illuminate/pipeline/Pipeline.php(183): App/Http/Middleware/Authenticate->handle(Object(Laravel/Lumen/Http/Request), Object(Closure))
#14 C:/xampp/htdocs/be-fms/api/vendor/laravel/lumen-framework/src/Routing/Pipeline.php(30): Illuminate/Pipeline/Pipeline->Illuminate/Pipeline/{closure}(Object(Laravel/Lumen/Http/Request))
#15 C:/xampp/htdocs/be-fms/api/vendor/illuminate/pipeline/Pipeline.php(119): Laravel/Lumen/Routing/Pipeline->Laravel/Lumen/Routing/{closure}(Object(Laravel/Lumen/Http/Request))
#16 C:/xampp/htdocs/be-fms/api/vendor/laravel/lumen-framework/src/Concerns/RoutesRequests.php(428): Illuminate/Pipeline/Pipeline->then(Object(Closure))
#17 C:/xampp/htdocs/be-fms/api/vendor/laravel/lumen-framework/src/Concerns/RoutesRequests.php(263): Laravel/Lumen/Application->sendThroughPipeline(Array, Object(Closure))
#18 C:/xampp/htdocs/be-fms/api/vendor/laravel/lumen-framework/src/Concerns/RoutesRequests.php(239): Laravel/Lumen/Application->handleFoundRoute(Array)
#19 C:/xampp/htdocs/be-fms/api/vendor/laravel/lumen-framework/src/Concerns/RoutesRequests.php(174): Laravel/Lumen/Application->handleDispatcherResponse(Array)
#20 C:/xampp/htdocs/be-fms/api/vendor/laravel/lumen-framework/src/Concerns/RoutesRequests.php(431): Laravel/Lumen/Application->Laravel/Lumen/Concerns/{closure}(Object(Laravel/Lumen/Http/Request))
#21 C:/xampp/htdocs/be-fms/api/vendor/laravel/lumen-framework/src/Concerns/RoutesRequests.php(167): Laravel/Lumen/Application->sendThroughPipeline(Array, Object(Closure))
#22 C:/xampp/htdocs/be-fms/api/vendor/laravel/lumen-framework/src/Concerns/RoutesRequests.php(112): Laravel/Lumen/Application->dispatch(NULL)
#23 C:/xampp/htdocs/be-fms/api/public/index.php(28): Laravel/Lumen/Application->run()
#24 {main}
"} 
[2026-02-28 06:13:05] local.ERROR: Unable to resolve dependency [Parameter #1 [ <required> $userID ]] in class App\Http\Controllers\JobController {"exception":"[object] (Illuminate\\Contracts\\Container\\BindingResolutionException(code: 0): Unable to resolve dependency [Parameter #1 [ <required> $userID ]] in class App\\Http\\Controllers\\JobController at C:/xampp/htdocs/be-fms/api/vendor/illuminate/container/BoundMethod.php:188)
[stacktrace]
#0 C:/xampp/htdocs/be-fms/api/vendor/illuminate/container/BoundMethod.php(124): Illuminate/Container/BoundMethod::addDependencyForCallParameter(Object(Laravel/Lumen/Application), Object(ReflectionParameter), Array, Array)
#1 C:/xampp/htdocs/be-fms/api/vendor/illuminate/container/BoundMethod.php(36): Illuminate/Container/BoundMethod::getMethodDependencies(Object(Laravel/Lumen/Application), Array, Array)
#2 C:/xampp/htdocs/be-fms/api/vendor/illuminate/container/Util.php(41): Illuminate/Container/BoundMethod::Illuminate/Container/{closure}()
#3 C:/xampp/htdocs/be-fms/api/vendor/illuminate/container/BoundMethod.php(93): Illuminate/Container/Util::unwrapIfClosure(Object(Closure))
#4 C:/xampp/htdocs/be-fms/api/vendor/illuminate/container/BoundMethod.php(35): Illuminate/Container/BoundMethod::callBoundMethod(Object(Laravel/Lumen/Application), Array, Object(Closure))
#5 C:/xampp/htdocs/be-fms/api/vendor/illuminate/container/Container.php(662): Illuminate/Container/BoundMethod::call(Object(Laravel/Lumen/Application), Array, Array, NULL)
#6 C:/xampp/htdocs/be-fms/api/vendor/laravel/lumen-framework/src/Concerns/RoutesRequests.php(391): Illuminate/Container/Container->call(Array, Array)
#7 C:/xampp/htdocs/be-fms/api/vendor/laravel/lumen-framework/src/Concerns/RoutesRequests.php(356): Laravel/Lumen/Application->callControllerCallable(Array, Array)
#8 C:/xampp/htdocs/be-fms/api/vendor/laravel/lumen-framework/src/Concerns/RoutesRequests.php(331): Laravel/Lumen/Application->callLumenController(Object(App/Http/Controllers/JobController), 'get_job_by_user', Array)
#9 C:/xampp/htdocs/be-fms/api/vendor/laravel/lumen-framework/src/Concerns/RoutesRequests.php(284): Laravel/Lumen/Application->callControllerAction(Array)
#10 C:/xampp/htdocs/be-fms/api/vendor/laravel/lumen-framework/src/Concerns/RoutesRequests.php(264): Laravel/Lumen/Application->callActionOnArrayBasedRoute(Array)
#11 C:/xampp/htdocs/be-fms/api/vendor/laravel/lumen-framework/src/Routing/Pipeline.php(48): Laravel/Lumen/Application->Laravel/Lumen/Concerns/{closure}(Object(Laravel/Lumen/Http/Request))
#12 C:/xampp/htdocs/be-fms/api/app/Http/Middleware/Authenticate.php(74): Laravel/Lumen/Routing/Pipeline->Laravel/Lumen/Routing/{closure}(Object(Laravel/Lumen/Http/Request))
#13 C:/xampp/htdocs/be-fms/api/vendor/illuminate/pipeline/Pipeline.php(183): App/Http/Middleware/Authenticate->handle(Object(Laravel/Lumen/Http/Request), Object(Closure))
#14 C:/xampp/htdocs/be-fms/api/vendor/laravel/lumen-framework/src/Routing/Pipeline.php(30): Illuminate/Pipeline/Pipeline->Illuminate/Pipeline/{closure}(Object(Laravel/Lumen/Http/Request))
#15 C:/xampp/htdocs/be-fms/api/vendor/illuminate/pipeline/Pipeline.php(119): Laravel/Lumen/Routing/Pipeline->Laravel/Lumen/Routing/{closure}(Object(Laravel/Lumen/Http/Request))
#16 C:/xampp/htdocs/be-fms/api/vendor/laravel/lumen-framework/src/Concerns/RoutesRequests.php(428): Illuminate/Pipeline/Pipeline->then(Object(Closure))
#17 C:/xampp/htdocs/be-fms/api/vendor/laravel/lumen-framework/src/Concerns/RoutesRequests.php(263): Laravel/Lumen/Application->sendThroughPipeline(Array, Object(Closure))
#18 C:/xampp/htdocs/be-fms/api/vendor/laravel/lumen-framework/src/Concerns/RoutesRequests.php(239): Laravel/Lumen/Application->handleFoundRoute(Array)
#19 C:/xampp/htdocs/be-fms/api/vendor/laravel/lumen-framework/src/Concerns/RoutesRequests.php(174): Laravel/Lumen/Application->handleDispatcherResponse(Array)
#20 C:/xampp/htdocs/be-fms/api/vendor/laravel/lumen-framework/src/Concerns/RoutesRequests.php(431): Laravel/Lumen/Application->Laravel/Lumen/Concerns/{closure}(Object(Laravel/Lumen/Http/Request))
#21 C:/xampp/htdocs/be-fms/api/vendor/laravel/lumen-framework/src/Concerns/RoutesRequests.php(167): Laravel/Lumen/Application->sendThroughPipeline(Array, Object(Closure))
#22 C:/xampp/htdocs/be-fms/api/vendor/laravel/lumen-framework/src/Concerns/RoutesRequests.php(112): Laravel/Lumen/Application->dispatch(NULL)
#23 C:/xampp/htdocs/be-fms/api/public/index.php(28): Laravel/Lumen/Application->run()
#24 {main}
"} 
[2026-02-28 06:15:13] local.ERROR: Unable to resolve dependency [Parameter #0 [ <required> $userID ]] in class App\Http\Controllers\UserController {"exception":"[object] (Illuminate\\Contracts\\Container\\BindingResolutionException(code: 0): Unable to resolve dependency [Parameter #0 [ <required> $userID ]] in class App\\Http\\Controllers\\UserController at C:/xampp/htdocs/be-fms/api/vendor/illuminate/container/BoundMethod.php:188)
[stacktrace]
#0 C:/xampp/htdocs/be-fms/api/vendor/illuminate/container/BoundMethod.php(124): Illuminate/Container/BoundMethod::addDependencyForCallParameter(Object(Laravel/Lumen/Application), Object(ReflectionParameter), Array, Array)
#1 C:/xampp/htdocs/be-fms/api/vendor/illuminate/container/BoundMethod.php(36): Illuminate/Container/BoundMethod::getMethodDependencies(Object(Laravel/Lumen/Application), Array, Array)
#2 C:/xampp/htdocs/be-fms/api/vendor/illuminate/container/Util.php(41): Illuminate/Container/BoundMethod::Illuminate/Container/{closure}()
#3 C:/xampp/htdocs/be-fms/api/vendor/illuminate/container/BoundMethod.php(93): Illuminate/Container/Util::unwrapIfClosure(Object(Closure))
#4 C:/xampp/htdocs/be-fms/api/vendor/illuminate/container/BoundMethod.php(35): Illuminate/Container/BoundMethod::callBoundMethod(Object(Laravel/Lumen/Application), Array, Object(Closure))
#5 C:/xampp/htdocs/be-fms/api/vendor/illuminate/container/Container.php(662): Illuminate/Container/BoundMethod::call(Object(Laravel/Lumen/Application), Array, Array, NULL)
#6 C:/xampp/htdocs/be-fms/api/vendor/laravel/lumen-framework/src/Concerns/RoutesRequests.php(391): Illuminate/Container/Container->call(Array, Array)
#7 C:/xampp/htdocs/be-fms/api/vendor/laravel/lumen-framework/src/Concerns/RoutesRequests.php(356): Laravel/Lumen/Application->callControllerCallable(Array, Array)
#8 C:/xampp/htdocs/be-fms/api/vendor/laravel/lumen-framework/src/Concerns/RoutesRequests.php(331): Laravel/Lumen/Application->callLumenController(Object(App/Http/Controllers/UserController), 'get_user', Array)
#9 C:/xampp/htdocs/be-fms/api/vendor/laravel/lumen-framework/src/Concerns/RoutesRequests.php(284): Laravel/Lumen/Application->callControllerAction(Array)
#10 C:/xampp/htdocs/be-fms/api/vendor/laravel/lumen-framework/src/Concerns/RoutesRequests.php(264): Laravel/Lumen/Application->callActionOnArrayBasedRoute(Array)
#11 C:/xampp/htdocs/be-fms/api/vendor/laravel/lumen-framework/src/Routing/Pipeline.php(48): Laravel/Lumen/Application->Laravel/Lumen/Concerns/{closure}(Object(Laravel/Lumen/Http/Request))
#12 C:/xampp/htdocs/be-fms/api/app/Http/Middleware/Authenticate.php(74): Laravel/Lumen/Routing/Pipeline->Laravel/Lumen/Routing/{closure}(Object(Laravel/Lumen/Http/Request))
#13 C:/xampp/htdocs/be-fms/api/vendor/illuminate/pipeline/Pipeline.php(183): App/Http/Middleware/Authenticate->handle(Object(Laravel/Lumen/Http/Request), Object(Closure))
#14 C:/xampp/htdocs/be-fms/api/vendor/laravel/lumen-framework/src/Routing/Pipeline.php(30): Illuminate/Pipeline/Pipeline->Illuminate/Pipeline/{closure}(Object(Laravel/Lumen/Http/Request))
#15 C:/xampp/htdocs/be-fms/api/vendor/illuminate/pipeline/Pipeline.php(119): Laravel/Lumen/Routing/Pipeline->Laravel/Lumen/Routing/{closure}(Object(Laravel/Lumen/Http/Request))
#16 C:/xampp/htdocs/be-fms/api/vendor/laravel/lumen-framework/src/Concerns/RoutesRequests.php(428): Illuminate/Pipeline/Pipeline->then(Object(Closure))
#17 C:/xampp/htdocs/be-fms/api/vendor/laravel/lumen-framework/src/Concerns/RoutesRequests.php(263): Laravel/Lumen/Application->sendThroughPipeline(Array, Object(Closure))
#18 C:/xampp/htdocs/be-fms/api/vendor/laravel/lumen-framework/src/Concerns/RoutesRequests.php(239): Laravel/Lumen/Application->handleFoundRoute(Array)
#19 C:/xampp/htdocs/be-fms/api/vendor/laravel/lumen-framework/src/Concerns/RoutesRequests.php(174): Laravel/Lumen/Application->handleDispatcherResponse(Array)
#20 C:/xampp/htdocs/be-fms/api/vendor/laravel/lumen-framework/src/Concerns/RoutesRequests.php(431): Laravel/Lumen/Application->Laravel/Lumen/Concerns/{closure}(Object(Laravel/Lumen/Http/Request))
#21 C:/xampp/htdocs/be-fms/api/vendor/laravel/lumen-framework/src/Concerns/RoutesRequests.php(167): Laravel/Lumen/Application->sendThroughPipeline(Array, Object(Closure))
#22 C:/xampp/htdocs/be-fms/api/vendor/laravel/lumen-framework/src/Concerns/RoutesRequests.php(112): Laravel/Lumen/Application->dispatch(NULL)
#23 C:/xampp/htdocs/be-fms/api/public/index.php(28): Laravel/Lumen/Application->run()
#24 {main}
"} 
[2026-02-28 06:15:15] local.ERROR: Unable to resolve dependency [Parameter #0 [ <required> $userID ]] in class App\Http\Controllers\UserController {"exception":"[object] (Illuminate\\Contracts\\Container\\BindingResolutionException(code: 0): Unable to resolve dependency [Parameter #0 [ <required> $userID ]] in class App\\Http\\Controllers\\UserController at C:/xampp/htdocs/be-fms/api/vendor/illuminate/container/BoundMethod.php:188)
[stacktrace]
#0 C:/xampp/htdocs/be-fms/api/vendor/illuminate/container/BoundMethod.php(124): Illuminate/Container/BoundMethod::addDependencyForCallParameter(Object(Laravel/Lumen/Application), Object(ReflectionParameter), Array, Array)
#1 C:/xampp/htdocs/be-fms/api/vendor/illuminate/container/BoundMethod.php(36): Illuminate/Container/BoundMethod::getMethodDependencies(Object(Laravel/Lumen/Application), Array, Array)
#2 C:/xampp/htdocs/be-fms/api/vendor/illuminate/container/Util.php(41): Illuminate/Container/BoundMethod::Illuminate/Container/{closure}()
#3 C:/xampp/htdocs/be-fms/api/vendor/illuminate/container/BoundMethod.php(93): Illuminate/Container/Util::unwrapIfClosure(Object(Closure))
#4 C:/xampp/htdocs/be-fms/api/vendor/illuminate/container/BoundMethod.php(35): Illuminate/Container/BoundMethod::callBoundMethod(Object(Laravel/Lumen/Application), Array, Object(Closure))
#5 C:/xampp/htdocs/be-fms/api/vendor/illuminate/container/Container.php(662): Illuminate/Container/BoundMethod::call(Object(Laravel/Lumen/Application), Array, Array, NULL)
#6 C:/xampp/htdocs/be-fms/api/vendor/laravel/lumen-framework/src/Concerns/RoutesRequests.php(391): Illuminate/Container/Container->call(Array, Array)
#7 C:/xampp/htdocs/be-fms/api/vendor/laravel/lumen-framework/src/Concerns/RoutesRequests.php(356): Laravel/Lumen/Application->callControllerCallable(Array, Array)
#8 C:/xampp/htdocs/be-fms/api/vendor/laravel/lumen-framework/src/Concerns/RoutesRequests.php(331): Laravel/Lumen/Application->callLumenController(Object(App/Http/Controllers/UserController), 'get_user', Array)
#9 C:/xampp/htdocs/be-fms/api/vendor/laravel/lumen-framework/src/Concerns/RoutesRequests.php(284): Laravel/Lumen/Application->callControllerAction(Array)
#10 C:/xampp/htdocs/be-fms/api/vendor/laravel/lumen-framework/src/Concerns/RoutesRequests.php(264): Laravel/Lumen/Application->callActionOnArrayBasedRoute(Array)
#11 C:/xampp/htdocs/be-fms/api/vendor/laravel/lumen-framework/src/Routing/Pipeline.php(48): Laravel/Lumen/Application->Laravel/Lumen/Concerns/{closure}(Object(Laravel/Lumen/Http/Request))
#12 C:/xampp/htdocs/be-fms/api/app/Http/Middleware/Authenticate.php(74): Laravel/Lumen/Routing/Pipeline->Laravel/Lumen/Routing/{closure}(Object(Laravel/Lumen/Http/Request))
#13 C:/xampp/htdocs/be-fms/api/vendor/illuminate/pipeline/Pipeline.php(183): App/Http/Middleware/Authenticate->handle(Object(Laravel/Lumen/Http/Request), Object(Closure))
#14 C:/xampp/htdocs/be-fms/api/vendor/laravel/lumen-framework/src/Routing/Pipeline.php(30): Illuminate/Pipeline/Pipeline->Illuminate/Pipeline/{closure}(Object(Laravel/Lumen/Http/Request))
#15 C:/xampp/htdocs/be-fms/api/vendor/illuminate/pipeline/Pipeline.php(119): Laravel/Lumen/Routing/Pipeline->Laravel/Lumen/Routing/{closure}(Object(Laravel/Lumen/Http/Request))
#16 C:/xampp/htdocs/be-fms/api/vendor/laravel/lumen-framework/src/Concerns/RoutesRequests.php(428): Illuminate/Pipeline/Pipeline->then(Object(Closure))
#17 C:/xampp/htdocs/be-fms/api/vendor/laravel/lumen-framework/src/Concerns/RoutesRequests.php(263): Laravel/Lumen/Application->sendThroughPipeline(Array, Object(Closure))
#18 C:/xampp/htdocs/be-fms/api/vendor/laravel/lumen-framework/src/Concerns/RoutesRequests.php(239): Laravel/Lumen/Application->handleFoundRoute(Array)
#19 C:/xampp/htdocs/be-fms/api/vendor/laravel/lumen-framework/src/Concerns/RoutesRequests.php(174): Laravel/Lumen/Application->handleDispatcherResponse(Array)
#20 C:/xampp/htdocs/be-fms/api/vendor/laravel/lumen-framework/src/Concerns/RoutesRequests.php(431): Laravel/Lumen/Application->Laravel/Lumen/Concerns/{closure}(Object(Laravel/Lumen/Http/Request))
#21 C:/xampp/htdocs/be-fms/api/vendor/laravel/lumen-framework/src/Concerns/RoutesRequests.php(167): Laravel/Lumen/Application->sendThroughPipeline(Array, Object(Closure))
#22 C:/xampp/htdocs/be-fms/api/vendor/laravel/lumen-framework/src/Concerns/RoutesRequests.php(112): Laravel/Lumen/Application->dispatch(NULL)
#23 C:/xampp/htdocs/be-fms/api/public/index.php(28): Laravel/Lumen/Application->run()
#24 {main}
"} 
[2026-02-28 06:15:15] local.ERROR: Unable to resolve dependency [Parameter #0 [ <required> $userID ]] in class App\Http\Controllers\UserController {"exception":"[object] (Illuminate\\Contracts\\Container\\BindingResolutionException(code: 0): Unable to resolve dependency [Parameter #0 [ <required> $userID ]] in class App\\Http\\Controllers\\UserController at C:/xampp/htdocs/be-fms/api/vendor/illuminate/container/BoundMethod.php:188)
[stacktrace]
#0 C:/xampp/htdocs/be-fms/api/vendor/illuminate/container/BoundMethod.php(124): Illuminate/Container/BoundMethod::addDependencyForCallParameter(Object(Laravel/Lumen/Application), Object(ReflectionParameter), Array, Array)
#1 C:/xampp/htdocs/be-fms/api/vendor/illuminate/container/BoundMethod.php(36): Illuminate/Container/BoundMethod::getMethodDependencies(Object(Laravel/Lumen/Application), Array, Array)
#2 C:/xampp/htdocs/be-fms/api/vendor/illuminate/container/Util.php(41): Illuminate/Container/BoundMethod::Illuminate/Container/{closure}()
#3 C:/xampp/htdocs/be-fms/api/vendor/illuminate/container/BoundMethod.php(93): Illuminate/Container/Util::unwrapIfClosure(Object(Closure))
#4 C:/xampp/htdocs/be-fms/api/vendor/illuminate/container/BoundMethod.php(35): Illuminate/Container/BoundMethod::callBoundMethod(Object(Laravel/Lumen/Application), Array, Object(Closure))
#5 C:/xampp/htdocs/be-fms/api/vendor/illuminate/container/Container.php(662): Illuminate/Container/BoundMethod::call(Object(Laravel/Lumen/Application), Array, Array, NULL)
#6 C:/xampp/htdocs/be-fms/api/vendor/laravel/lumen-framework/src/Concerns/RoutesRequests.php(391): Illuminate/Container/Container->call(Array, Array)
#7 C:/xampp/htdocs/be-fms/api/vendor/laravel/lumen-framework/src/Concerns/RoutesRequests.php(356): Laravel/Lumen/Application->callControllerCallable(Array, Array)
#8 C:/xampp/htdocs/be-fms/api/vendor/laravel/lumen-framework/src/Concerns/RoutesRequests.php(331): Laravel/Lumen/Application->callLumenController(Object(App/Http/Controllers/UserController), 'get_user', Array)
#9 C:/xampp/htdocs/be-fms/api/vendor/laravel/lumen-framework/src/Concerns/RoutesRequests.php(284): Laravel/Lumen/Application->callControllerAction(Array)
#10 C:/xampp/htdocs/be-fms/api/vendor/laravel/lumen-framework/src/Concerns/RoutesRequests.php(264): Laravel/Lumen/Application->callActionOnArrayBasedRoute(Array)
#11 C:/xampp/htdocs/be-fms/api/vendor/laravel/lumen-framework/src/Routing/Pipeline.php(48): Laravel/Lumen/Application->Laravel/Lumen/Concerns/{closure}(Object(Laravel/Lumen/Http/Request))
#12 C:/xampp/htdocs/be-fms/api/app/Http/Middleware/Authenticate.php(74): Laravel/Lumen/Routing/Pipeline->Laravel/Lumen/Routing/{closure}(Object(Laravel/Lumen/Http/Request))
#13 C:/xampp/htdocs/be-fms/api/vendor/illuminate/pipeline/Pipeline.php(183): App/Http/Middleware/Authenticate->handle(Object(Laravel/Lumen/Http/Request), Object(Closure))
#14 C:/xampp/htdocs/be-fms/api/vendor/laravel/lumen-framework/src/Routing/Pipeline.php(30): Illuminate/Pipeline/Pipeline->Illuminate/Pipeline/{closure}(Object(Laravel/Lumen/Http/Request))
#15 C:/xampp/htdocs/be-fms/api/vendor/illuminate/pipeline/Pipeline.php(119): Laravel/Lumen/Routing/Pipeline->Laravel/Lumen/Routing/{closure}(Object(Laravel/Lumen/Http/Request))
#16 C:/xampp/htdocs/be-fms/api/vendor/laravel/lumen-framework/src/Concerns/RoutesRequests.php(428): Illuminate/Pipeline/Pipeline->then(Object(Closure))
#17 C:/xampp/htdocs/be-fms/api/vendor/laravel/lumen-framework/src/Concerns/RoutesRequests.php(263): Laravel/Lumen/Application->sendThroughPipeline(Array, Object(Closure))
#18 C:/xampp/htdocs/be-fms/api/vendor/laravel/lumen-framework/src/Concerns/RoutesRequests.php(239): Laravel/Lumen/Application->handleFoundRoute(Array)
#19 C:/xampp/htdocs/be-fms/api/vendor/laravel/lumen-framework/src/Concerns/RoutesRequests.php(174): Laravel/Lumen/Application->handleDispatcherResponse(Array)
#20 C:/xampp/htdocs/be-fms/api/vendor/laravel/lumen-framework/src/Concerns/RoutesRequests.php(431): Laravel/Lumen/Application->Laravel/Lumen/Concerns/{closure}(Object(Laravel/Lumen/Http/Request))
#21 C:/xampp/htdocs/be-fms/api/vendor/laravel/lumen-framework/src/Concerns/RoutesRequests.php(167): Laravel/Lumen/Application->sendThroughPipeline(Array, Object(Closure))
#22 C:/xampp/htdocs/be-fms/api/vendor/laravel/lumen-framework/src/Concerns/RoutesRequests.php(112): Laravel/Lumen/Application->dispatch(NULL)
#23 C:/xampp/htdocs/be-fms/api/public/index.php(28): Laravel/Lumen/Application->run()
#24 {main}
"} 
[2026-02-28 06:15:16] local.ERROR: Unable to resolve dependency [Parameter #0 [ <required> $userID ]] in class App\Http\Controllers\UserController {"exception":"[object] (Illuminate\\Contracts\\Container\\BindingResolutionException(code: 0): Unable to resolve dependency [Parameter #0 [ <required> $userID ]] in class App\\Http\\Controllers\\UserController at C:/xampp/htdocs/be-fms/api/vendor/illuminate/container/BoundMethod.php:188)
[stacktrace]
#0 C:/xampp/htdocs/be-fms/api/vendor/illuminate/container/BoundMethod.php(124): Illuminate/Container/BoundMethod::addDependencyForCallParameter(Object(Laravel/Lumen/Application), Object(ReflectionParameter), Array, Array)
#1 C:/xampp/htdocs/be-fms/api/vendor/illuminate/container/BoundMethod.php(36): Illuminate/Container/BoundMethod::getMethodDependencies(Object(Laravel/Lumen/Application), Array, Array)
#2 C:/xampp/htdocs/be-fms/api/vendor/illuminate/container/Util.php(41): Illuminate/Container/BoundMethod::Illuminate/Container/{closure}()
#3 C:/xampp/htdocs/be-fms/api/vendor/illuminate/container/BoundMethod.php(93): Illuminate/Container/Util::unwrapIfClosure(Object(Closure))
#4 C:/xampp/htdocs/be-fms/api/vendor/illuminate/container/BoundMethod.php(35): Illuminate/Container/BoundMethod::callBoundMethod(Object(Laravel/Lumen/Application), Array, Object(Closure))
#5 C:/xampp/htdocs/be-fms/api/vendor/illuminate/container/Container.php(662): Illuminate/Container/BoundMethod::call(Object(Laravel/Lumen/Application), Array, Array, NULL)
#6 C:/xampp/htdocs/be-fms/api/vendor/laravel/lumen-framework/src/Concerns/RoutesRequests.php(391): Illuminate/Container/Container->call(Array, Array)
#7 C:/xampp/htdocs/be-fms/api/vendor/laravel/lumen-framework/src/Concerns/RoutesRequests.php(356): Laravel/Lumen/Application->callControllerCallable(Array, Array)
#8 C:/xampp/htdocs/be-fms/api/vendor/laravel/lumen-framework/src/Concerns/RoutesRequests.php(331): Laravel/Lumen/Application->callLumenController(Object(App/Http/Controllers/UserController), 'get_user', Array)
#9 C:/xampp/htdocs/be-fms/api/vendor/laravel/lumen-framework/src/Concerns/RoutesRequests.php(284): Laravel/Lumen/Application->callControllerAction(Array)
#10 C:/xampp/htdocs/be-fms/api/vendor/laravel/lumen-framework/src/Concerns/RoutesRequests.php(264): Laravel/Lumen/Application->callActionOnArrayBasedRoute(Array)
#11 C:/xampp/htdocs/be-fms/api/vendor/laravel/lumen-framework/src/Routing/Pipeline.php(48): Laravel/Lumen/Application->Laravel/Lumen/Concerns/{closure}(Object(Laravel/Lumen/Http/Request))
#12 C:/xampp/htdocs/be-fms/api/app/Http/Middleware/Authenticate.php(74): Laravel/Lumen/Routing/Pipeline->Laravel/Lumen/Routing/{closure}(Object(Laravel/Lumen/Http/Request))
#13 C:/xampp/htdocs/be-fms/api/vendor/illuminate/pipeline/Pipeline.php(183): App/Http/Middleware/Authenticate->handle(Object(Laravel/Lumen/Http/Request), Object(Closure))
#14 C:/xampp/htdocs/be-fms/api/vendor/laravel/lumen-framework/src/Routing/Pipeline.php(30): Illuminate/Pipeline/Pipeline->Illuminate/Pipeline/{closure}(Object(Laravel/Lumen/Http/Request))
#15 C:/xampp/htdocs/be-fms/api/vendor/illuminate/pipeline/Pipeline.php(119): Laravel/Lumen/Routing/Pipeline->Laravel/Lumen/Routing/{closure}(Object(Laravel/Lumen/Http/Request))
#16 C:/xampp/htdocs/be-fms/api/vendor/laravel/lumen-framework/src/Concerns/RoutesRequests.php(428): Illuminate/Pipeline/Pipeline->then(Object(Closure))
#17 C:/xampp/htdocs/be-fms/api/vendor/laravel/lumen-framework/src/Concerns/RoutesRequests.php(263): Laravel/Lumen/Application->sendThroughPipeline(Array, Object(Closure))
#18 C:/xampp/htdocs/be-fms/api/vendor/laravel/lumen-framework/src/Concerns/RoutesRequests.php(239): Laravel/Lumen/Application->handleFoundRoute(Array)
#19 C:/xampp/htdocs/be-fms/api/vendor/laravel/lumen-framework/src/Concerns/RoutesRequests.php(174): Laravel/Lumen/Application->handleDispatcherResponse(Array)
#20 C:/xampp/htdocs/be-fms/api/vendor/laravel/lumen-framework/src/Concerns/RoutesRequests.php(431): Laravel/Lumen/Application->Laravel/Lumen/Concerns/{closure}(Object(Laravel/Lumen/Http/Request))
#21 C:/xampp/htdocs/be-fms/api/vendor/laravel/lumen-framework/src/Concerns/RoutesRequests.php(167): Laravel/Lumen/Application->sendThroughPipeline(Array, Object(Closure))
#22 C:/xampp/htdocs/be-fms/api/vendor/laravel/lumen-framework/src/Concerns/RoutesRequests.php(112): Laravel/Lumen/Application->dispatch(NULL)
#23 C:/xampp/htdocs/be-fms/api/public/index.php(28): Laravel/Lumen/Application->run()
#24 {main}
"} 
[2026-02-28 06:15:17] local.ERROR: Unable to resolve dependency [Parameter #0 [ <required> $userID ]] in class App\Http\Controllers\UserController {"exception":"[object] (Illuminate\\Contracts\\Container\\BindingResolutionException(code: 0): Unable to resolve dependency [Parameter #0 [ <required> $userID ]] in class App\\Http\\Controllers\\UserController at C:/xampp/htdocs/be-fms/api/vendor/illuminate/container/BoundMethod.php:188)
[stacktrace]
#0 C:/xampp/htdocs/be-fms/api/vendor/illuminate/container/BoundMethod.php(124): Illuminate/Container/BoundMethod::addDependencyForCallParameter(Object(Laravel/Lumen/Application), Object(ReflectionParameter), Array, Array)
#1 C:/xampp/htdocs/be-fms/api/vendor/illuminate/container/BoundMethod.php(36): Illuminate/Container/BoundMethod::getMethodDependencies(Object(Laravel/Lumen/Application), Array, Array)
#2 C:/xampp/htdocs/be-fms/api/vendor/illuminate/container/Util.php(41): Illuminate/Container/BoundMethod::Illuminate/Container/{closure}()
#3 C:/xampp/htdocs/be-fms/api/vendor/illuminate/container/BoundMethod.php(93): Illuminate/Container/Util::unwrapIfClosure(Object(Closure))
#4 C:/xampp/htdocs/be-fms/api/vendor/illuminate/container/BoundMethod.php(35): Illuminate/Container/BoundMethod::callBoundMethod(Object(Laravel/Lumen/Application), Array, Object(Closure))
#5 C:/xampp/htdocs/be-fms/api/vendor/illuminate/container/Container.php(662): Illuminate/Container/BoundMethod::call(Object(Laravel/Lumen/Application), Array, Array, NULL)
#6 C:/xampp/htdocs/be-fms/api/vendor/laravel/lumen-framework/src/Concerns/RoutesRequests.php(391): Illuminate/Container/Container->call(Array, Array)
#7 C:/xampp/htdocs/be-fms/api/vendor/laravel/lumen-framework/src/Concerns/RoutesRequests.php(356): Laravel/Lumen/Application->callControllerCallable(Array, Array)
#8 C:/xampp/htdocs/be-fms/api/vendor/laravel/lumen-framework/src/Concerns/RoutesRequests.php(331): Laravel/Lumen/Application->callLumenController(Object(App/Http/Controllers/UserController), 'get_user', Array)
#9 C:/xampp/htdocs/be-fms/api/vendor/laravel/lumen-framework/src/Concerns/RoutesRequests.php(284): Laravel/Lumen/Application->callControllerAction(Array)
#10 C:/xampp/htdocs/be-fms/api/vendor/laravel/lumen-framework/src/Concerns/RoutesRequests.php(264): Laravel/Lumen/Application->callActionOnArrayBasedRoute(Array)
#11 C:/xampp/htdocs/be-fms/api/vendor/laravel/lumen-framework/src/Routing/Pipeline.php(48): Laravel/Lumen/Application->Laravel/Lumen/Concerns/{closure}(Object(Laravel/Lumen/Http/Request))
#12 C:/xampp/htdocs/be-fms/api/app/Http/Middleware/Authenticate.php(74): Laravel/Lumen/Routing/Pipeline->Laravel/Lumen/Routing/{closure}(Object(Laravel/Lumen/Http/Request))
#13 C:/xampp/htdocs/be-fms/api/vendor/illuminate/pipeline/Pipeline.php(183): App/Http/Middleware/Authenticate->handle(Object(Laravel/Lumen/Http/Request), Object(Closure))
#14 C:/xampp/htdocs/be-fms/api/vendor/laravel/lumen-framework/src/Routing/Pipeline.php(30): Illuminate/Pipeline/Pipeline->Illuminate/Pipeline/{closure}(Object(Laravel/Lumen/Http/Request))
#15 C:/xampp/htdocs/be-fms/api/vendor/illuminate/pipeline/Pipeline.php(119): Laravel/Lumen/Routing/Pipeline->Laravel/Lumen/Routing/{closure}(Object(Laravel/Lumen/Http/Request))
#16 C:/xampp/htdocs/be-fms/api/vendor/laravel/lumen-framework/src/Concerns/RoutesRequests.php(428): Illuminate/Pipeline/Pipeline->then(Object(Closure))
#17 C:/xampp/htdocs/be-fms/api/vendor/laravel/lumen-framework/src/Concerns/RoutesRequests.php(263): Laravel/Lumen/Application->sendThroughPipeline(Array, Object(Closure))
#18 C:/xampp/htdocs/be-fms/api/vendor/laravel/lumen-framework/src/Concerns/RoutesRequests.php(239): Laravel/Lumen/Application->handleFoundRoute(Array)
#19 C:/xampp/htdocs/be-fms/api/vendor/laravel/lumen-framework/src/Concerns/RoutesRequests.php(174): Laravel/Lumen/Application->handleDispatcherResponse(Array)
#20 C:/xampp/htdocs/be-fms/api/vendor/laravel/lumen-framework/src/Concerns/RoutesRequests.php(431): Laravel/Lumen/Application->Laravel/Lumen/Concerns/{closure}(Object(Laravel/Lumen/Http/Request))
#21 C:/xampp/htdocs/be-fms/api/vendor/laravel/lumen-framework/src/Concerns/RoutesRequests.php(167): Laravel/Lumen/Application->sendThroughPipeline(Array, Object(Closure))
#22 C:/xampp/htdocs/be-fms/api/vendor/laravel/lumen-framework/src/Concerns/RoutesRequests.php(112): Laravel/Lumen/Application->dispatch(NULL)
#23 C:/xampp/htdocs/be-fms/api/public/index.php(28): Laravel/Lumen/Application->run()
#24 {main}
"} 
[2026-02-28 06:15:18] local.ERROR: Unable to resolve dependency [Parameter #0 [ <required> $userID ]] in class App\Http\Controllers\UserController {"exception":"[object] (Illuminate\\Contracts\\Container\\BindingResolutionException(code: 0): Unable to resolve dependency [Parameter #0 [ <required> $userID ]] in class App\\Http\\Controllers\\UserController at C:/xampp/htdocs/be-fms/api/vendor/illuminate/container/BoundMethod.php:188)
[stacktrace]
#0 C:/xampp/htdocs/be-fms/api/vendor/illuminate/container/BoundMethod.php(124): Illuminate/Container/BoundMethod::addDependencyForCallParameter(Object(Laravel/Lumen/Application), Object(ReflectionParameter), Array, Array)
#1 C:/xampp/htdocs/be-fms/api/vendor/illuminate/container/BoundMethod.php(36): Illuminate/Container/BoundMethod::getMethodDependencies(Object(Laravel/Lumen/Application), Array, Array)
#2 C:/xampp/htdocs/be-fms/api/vendor/illuminate/container/Util.php(41): Illuminate/Container/BoundMethod::Illuminate/Container/{closure}()
#3 C:/xampp/htdocs/be-fms/api/vendor/illuminate/container/BoundMethod.php(93): Illuminate/Container/Util::unwrapIfClosure(Object(Closure))
#4 C:/xampp/htdocs/be-fms/api/vendor/illuminate/container/BoundMethod.php(35): Illuminate/Container/BoundMethod::callBoundMethod(Object(Laravel/Lumen/Application), Array, Object(Closure))
#5 C:/xampp/htdocs/be-fms/api/vendor/illuminate/container/Container.php(662): Illuminate/Container/BoundMethod::call(Object(Laravel/Lumen/Application), Array, Array, NULL)
#6 C:/xampp/htdocs/be-fms/api/vendor/laravel/lumen-framework/src/Concerns/RoutesRequests.php(391): Illuminate/Container/Container->call(Array, Array)
#7 C:/xampp/htdocs/be-fms/api/vendor/laravel/lumen-framework/src/Concerns/RoutesRequests.php(356): Laravel/Lumen/Application->callControllerCallable(Array, Array)
#8 C:/xampp/htdocs/be-fms/api/vendor/laravel/lumen-framework/src/Concerns/RoutesRequests.php(331): Laravel/Lumen/Application->callLumenController(Object(App/Http/Controllers/UserController), 'get_user', Array)
#9 C:/xampp/htdocs/be-fms/api/vendor/laravel/lumen-framework/src/Concerns/RoutesRequests.php(284): Laravel/Lumen/Application->callControllerAction(Array)
#10 C:/xampp/htdocs/be-fms/api/vendor/laravel/lumen-framework/src/Concerns/RoutesRequests.php(264): Laravel/Lumen/Application->callActionOnArrayBasedRoute(Array)
#11 C:/xampp/htdocs/be-fms/api/vendor/laravel/lumen-framework/src/Routing/Pipeline.php(48): Laravel/Lumen/Application->Laravel/Lumen/Concerns/{closure}(Object(Laravel/Lumen/Http/Request))
#12 C:/xampp/htdocs/be-fms/api/app/Http/Middleware/Authenticate.php(74): Laravel/Lumen/Routing/Pipeline->Laravel/Lumen/Routing/{closure}(Object(Laravel/Lumen/Http/Request))
#13 C:/xampp/htdocs/be-fms/api/vendor/illuminate/pipeline/Pipeline.php(183): App/Http/Middleware/Authenticate->handle(Object(Laravel/Lumen/Http/Request), Object(Closure))
#14 C:/xampp/htdocs/be-fms/api/vendor/laravel/lumen-framework/src/Routing/Pipeline.php(30): Illuminate/Pipeline/Pipeline->Illuminate/Pipeline/{closure}(Object(Laravel/Lumen/Http/Request))
#15 C:/xampp/htdocs/be-fms/api/vendor/illuminate/pipeline/Pipeline.php(119): Laravel/Lumen/Routing/Pipeline->Laravel/Lumen/Routing/{closure}(Object(Laravel/Lumen/Http/Request))
#16 C:/xampp/htdocs/be-fms/api/vendor/laravel/lumen-framework/src/Concerns/RoutesRequests.php(428): Illuminate/Pipeline/Pipeline->then(Object(Closure))
#17 C:/xampp/htdocs/be-fms/api/vendor/laravel/lumen-framework/src/Concerns/RoutesRequests.php(263): Laravel/Lumen/Application->sendThroughPipeline(Array, Object(Closure))
#18 C:/xampp/htdocs/be-fms/api/vendor/laravel/lumen-framework/src/Concerns/RoutesRequests.php(239): Laravel/Lumen/Application->handleFoundRoute(Array)
#19 C:/xampp/htdocs/be-fms/api/vendor/laravel/lumen-framework/src/Concerns/RoutesRequests.php(174): Laravel/Lumen/Application->handleDispatcherResponse(Array)
#20 C:/xampp/htdocs/be-fms/api/vendor/laravel/lumen-framework/src/Concerns/RoutesRequests.php(431): Laravel/Lumen/Application->Laravel/Lumen/Concerns/{closure}(Object(Laravel/Lumen/Http/Request))
#21 C:/xampp/htdocs/be-fms/api/vendor/laravel/lumen-framework/src/Concerns/RoutesRequests.php(167): Laravel/Lumen/Application->sendThroughPipeline(Array, Object(Closure))
#22 C:/xampp/htdocs/be-fms/api/vendor/laravel/lumen-framework/src/Concerns/RoutesRequests.php(112): Laravel/Lumen/Application->dispatch(NULL)
#23 C:/xampp/htdocs/be-fms/api/public/index.php(28): Laravel/Lumen/Application->run()
#24 {main}
"} 
[2026-02-28 06:15:18] local.ERROR: Unable to resolve dependency [Parameter #0 [ <required> $userID ]] in class App\Http\Controllers\UserController {"exception":"[object] (Illuminate\\Contracts\\Container\\BindingResolutionException(code: 0): Unable to resolve dependency [Parameter #0 [ <required> $userID ]] in class App\\Http\\Controllers\\UserController at C:/xampp/htdocs/be-fms/api/vendor/illuminate/container/BoundMethod.php:188)
[stacktrace]
#0 C:/xampp/htdocs/be-fms/api/vendor/illuminate/container/BoundMethod.php(124): Illuminate/Container/BoundMethod::addDependencyForCallParameter(Object(Laravel/Lumen/Application), Object(ReflectionParameter), Array, Array)
#1 C:/xampp/htdocs/be-fms/api/vendor/illuminate/container/BoundMethod.php(36): Illuminate/Container/BoundMethod::getMethodDependencies(Object(Laravel/Lumen/Application), Array, Array)
#2 C:/xampp/htdocs/be-fms/api/vendor/illuminate/container/Util.php(41): Illuminate/Container/BoundMethod::Illuminate/Container/{closure}()
#3 C:/xampp/htdocs/be-fms/api/vendor/illuminate/container/BoundMethod.php(93): Illuminate/Container/Util::unwrapIfClosure(Object(Closure))
#4 C:/xampp/htdocs/be-fms/api/vendor/illuminate/container/BoundMethod.php(35): Illuminate/Container/BoundMethod::callBoundMethod(Object(Laravel/Lumen/Application), Array, Object(Closure))
#5 C:/xampp/htdocs/be-fms/api/vendor/illuminate/container/Container.php(662): Illuminate/Container/BoundMethod::call(Object(Laravel/Lumen/Application), Array, Array, NULL)
#6 C:/xampp/htdocs/be-fms/api/vendor/laravel/lumen-framework/src/Concerns/RoutesRequests.php(391): Illuminate/Container/Container->call(Array, Array)
#7 C:/xampp/htdocs/be-fms/api/vendor/laravel/lumen-framework/src/Concerns/RoutesRequests.php(356): Laravel/Lumen/Application->callControllerCallable(Array, Array)
#8 C:/xampp/htdocs/be-fms/api/vendor/laravel/lumen-framework/src/Concerns/RoutesRequests.php(331): Laravel/Lumen/Application->callLumenController(Object(App/Http/Controllers/UserController), 'get_user', Array)
#9 C:/xampp/htdocs/be-fms/api/vendor/laravel/lumen-framework/src/Concerns/RoutesRequests.php(284): Laravel/Lumen/Application->callControllerAction(Array)
#10 C:/xampp/htdocs/be-fms/api/vendor/laravel/lumen-framework/src/Concerns/RoutesRequests.php(264): Laravel/Lumen/Application->callActionOnArrayBasedRoute(Array)
#11 C:/xampp/htdocs/be-fms/api/vendor/laravel/lumen-framework/src/Routing/Pipeline.php(48): Laravel/Lumen/Application->Laravel/Lumen/Concerns/{closure}(Object(Laravel/Lumen/Http/Request))
#12 C:/xampp/htdocs/be-fms/api/app/Http/Middleware/Authenticate.php(74): Laravel/Lumen/Routing/Pipeline->Laravel/Lumen/Routing/{closure}(Object(Laravel/Lumen/Http/Request))
#13 C:/xampp/htdocs/be-fms/api/vendor/illuminate/pipeline/Pipeline.php(183): App/Http/Middleware/Authenticate->handle(Object(Laravel/Lumen/Http/Request), Object(Closure))
#14 C:/xampp/htdocs/be-fms/api/vendor/laravel/lumen-framework/src/Routing/Pipeline.php(30): Illuminate/Pipeline/Pipeline->Illuminate/Pipeline/{closure}(Object(Laravel/Lumen/Http/Request))
#15 C:/xampp/htdocs/be-fms/api/vendor/illuminate/pipeline/Pipeline.php(119): Laravel/Lumen/Routing/Pipeline->Laravel/Lumen/Routing/{closure}(Object(Laravel/Lumen/Http/Request))
#16 C:/xampp/htdocs/be-fms/api/vendor/laravel/lumen-framework/src/Concerns/RoutesRequests.php(428): Illuminate/Pipeline/Pipeline->then(Object(Closure))
#17 C:/xampp/htdocs/be-fms/api/vendor/laravel/lumen-framework/src/Concerns/RoutesRequests.php(263): Laravel/Lumen/Application->sendThroughPipeline(Array, Object(Closure))
#18 C:/xampp/htdocs/be-fms/api/vendor/laravel/lumen-framework/src/Concerns/RoutesRequests.php(239): Laravel/Lumen/Application->handleFoundRoute(Array)
#19 C:/xampp/htdocs/be-fms/api/vendor/laravel/lumen-framework/src/Concerns/RoutesRequests.php(174): Laravel/Lumen/Application->handleDispatcherResponse(Array)
#20 C:/xampp/htdocs/be-fms/api/vendor/laravel/lumen-framework/src/Concerns/RoutesRequests.php(431): Laravel/Lumen/Application->Laravel/Lumen/Concerns/{closure}(Object(Laravel/Lumen/Http/Request))
#21 C:/xampp/htdocs/be-fms/api/vendor/laravel/lumen-framework/src/Concerns/RoutesRequests.php(167): Laravel/Lumen/Application->sendThroughPipeline(Array, Object(Closure))
#22 C:/xampp/htdocs/be-fms/api/vendor/laravel/lumen-framework/src/Concerns/RoutesRequests.php(112): Laravel/Lumen/Application->dispatch(NULL)
#23 C:/xampp/htdocs/be-fms/api/public/index.php(28): Laravel/Lumen/Application->run()
#24 {main}
"} 
[2026-02-28 06:16:23] local.ERROR: Unable to resolve dependency [Parameter #1 [ <required> $userID ]] in class App\Http\Controllers\JobController {"exception":"[object] (Illuminate\\Contracts\\Container\\BindingResolutionException(code: 0): Unable to resolve dependency [Parameter #1 [ <required> $userID ]] in class App\\Http\\Controllers\\JobController at C:/xampp/htdocs/be-fms/api/vendor/illuminate/container/BoundMethod.php:188)
[stacktrace]
#0 C:/xampp/htdocs/be-fms/api/vendor/illuminate/container/BoundMethod.php(124): Illuminate/Container/BoundMethod::addDependencyForCallParameter(Object(Laravel/Lumen/Application), Object(ReflectionParameter), Array, Array)
#1 C:/xampp/htdocs/be-fms/api/vendor/illuminate/container/BoundMethod.php(36): Illuminate/Container/BoundMethod::getMethodDependencies(Object(Laravel/Lumen/Application), Array, Array)
#2 C:/xampp/htdocs/be-fms/api/vendor/illuminate/container/Util.php(41): Illuminate/Container/BoundMethod::Illuminate/Container/{closure}()
#3 C:/xampp/htdocs/be-fms/api/vendor/illuminate/container/BoundMethod.php(93): Illuminate/Container/Util::unwrapIfClosure(Object(Closure))
#4 C:/xampp/htdocs/be-fms/api/vendor/illuminate/container/BoundMethod.php(35): Illuminate/Container/BoundMethod::callBoundMethod(Object(Laravel/Lumen/Application), Array, Object(Closure))
#5 C:/xampp/htdocs/be-fms/api/vendor/illuminate/container/Container.php(662): Illuminate/Container/BoundMethod::call(Object(Laravel/Lumen/Application), Array, Array, NULL)
#6 C:/xampp/htdocs/be-fms/api/vendor/laravel/lumen-framework/src/Concerns/RoutesRequests.php(391): Illuminate/Container/Container->call(Array, Array)
#7 C:/xampp/htdocs/be-fms/api/vendor/laravel/lumen-framework/src/Concerns/RoutesRequests.php(356): Laravel/Lumen/Application->callControllerCallable(Array, Array)
#8 C:/xampp/htdocs/be-fms/api/vendor/laravel/lumen-framework/src/Concerns/RoutesRequests.php(331): Laravel/Lumen/Application->callLumenController(Object(App/Http/Controllers/JobController), 'get_job_by_user', Array)
#9 C:/xampp/htdocs/be-fms/api/vendor/laravel/lumen-framework/src/Concerns/RoutesRequests.php(284): Laravel/Lumen/Application->callControllerAction(Array)
#10 C:/xampp/htdocs/be-fms/api/vendor/laravel/lumen-framework/src/Concerns/RoutesRequests.php(264): Laravel/Lumen/Application->callActionOnArrayBasedRoute(Array)
#11 C:/xampp/htdocs/be-fms/api/vendor/laravel/lumen-framework/src/Routing/Pipeline.php(48): Laravel/Lumen/Application->Laravel/Lumen/Concerns/{closure}(Object(Laravel/Lumen/Http/Request))
#12 C:/xampp/htdocs/be-fms/api/app/Http/Middleware/Authenticate.php(74): Laravel/Lumen/Routing/Pipeline->Laravel/Lumen/Routing/{closure}(Object(Laravel/Lumen/Http/Request))
#13 C:/xampp/htdocs/be-fms/api/vendor/illuminate/pipeline/Pipeline.php(183): App/Http/Middleware/Authenticate->handle(Object(Laravel/Lumen/Http/Request), Object(Closure))
#14 C:/xampp/htdocs/be-fms/api/vendor/laravel/lumen-framework/src/Routing/Pipeline.php(30): Illuminate/Pipeline/Pipeline->Illuminate/Pipeline/{closure}(Object(Laravel/Lumen/Http/Request))
#15 C:/xampp/htdocs/be-fms/api/vendor/illuminate/pipeline/Pipeline.php(119): Laravel/Lumen/Routing/Pipeline->Laravel/Lumen/Routing/{closure}(Object(Laravel/Lumen/Http/Request))
#16 C:/xampp/htdocs/be-fms/api/vendor/laravel/lumen-framework/src/Concerns/RoutesRequests.php(428): Illuminate/Pipeline/Pipeline->then(Object(Closure))
#17 C:/xampp/htdocs/be-fms/api/vendor/laravel/lumen-framework/src/Concerns/RoutesRequests.php(263): Laravel/Lumen/Application->sendThroughPipeline(Array, Object(Closure))
#18 C:/xampp/htdocs/be-fms/api/vendor/laravel/lumen-framework/src/Concerns/RoutesRequests.php(239): Laravel/Lumen/Application->handleFoundRoute(Array)
#19 C:/xampp/htdocs/be-fms/api/vendor/laravel/lumen-framework/src/Concerns/RoutesRequests.php(174): Laravel/Lumen/Application->handleDispatcherResponse(Array)
#20 C:/xampp/htdocs/be-fms/api/vendor/laravel/lumen-framework/src/Concerns/RoutesRequests.php(431): Laravel/Lumen/Application->Laravel/Lumen/Concerns/{closure}(Object(Laravel/Lumen/Http/Request))
#21 C:/xampp/htdocs/be-fms/api/vendor/laravel/lumen-framework/src/Concerns/RoutesRequests.php(167): Laravel/Lumen/Application->sendThroughPipeline(Array, Object(Closure))
#22 C:/xampp/htdocs/be-fms/api/vendor/laravel/lumen-framework/src/Concerns/RoutesRequests.php(112): Laravel/Lumen/Application->dispatch(NULL)
#23 C:/xampp/htdocs/be-fms/api/public/index.php(28): Laravel/Lumen/Application->run()
#24 {main}
"} 
[2026-02-28 06:16:24] local.ERROR: Unable to resolve dependency [Parameter #1 [ <required> $userID ]] in class App\Http\Controllers\JobController {"exception":"[object] (Illuminate\\Contracts\\Container\\BindingResolutionException(code: 0): Unable to resolve dependency [Parameter #1 [ <required> $userID ]] in class App\\Http\\Controllers\\JobController at C:/xampp/htdocs/be-fms/api/vendor/illuminate/container/BoundMethod.php:188)
[stacktrace]
#0 C:/xampp/htdocs/be-fms/api/vendor/illuminate/container/BoundMethod.php(124): Illuminate/Container/BoundMethod::addDependencyForCallParameter(Object(Laravel/Lumen/Application), Object(ReflectionParameter), Array, Array)
#1 C:/xampp/htdocs/be-fms/api/vendor/illuminate/container/BoundMethod.php(36): Illuminate/Container/BoundMethod::getMethodDependencies(Object(Laravel/Lumen/Application), Array, Array)
#2 C:/xampp/htdocs/be-fms/api/vendor/illuminate/container/Util.php(41): Illuminate/Container/BoundMethod::Illuminate/Container/{closure}()
#3 C:/xampp/htdocs/be-fms/api/vendor/illuminate/container/BoundMethod.php(93): Illuminate/Container/Util::unwrapIfClosure(Object(Closure))
#4 C:/xampp/htdocs/be-fms/api/vendor/illuminate/container/BoundMethod.php(35): Illuminate/Container/BoundMethod::callBoundMethod(Object(Laravel/Lumen/Application), Array, Object(Closure))
#5 C:/xampp/htdocs/be-fms/api/vendor/illuminate/container/Container.php(662): Illuminate/Container/BoundMethod::call(Object(Laravel/Lumen/Application), Array, Array, NULL)
#6 C:/xampp/htdocs/be-fms/api/vendor/laravel/lumen-framework/src/Concerns/RoutesRequests.php(391): Illuminate/Container/Container->call(Array, Array)
#7 C:/xampp/htdocs/be-fms/api/vendor/laravel/lumen-framework/src/Concerns/RoutesRequests.php(356): Laravel/Lumen/Application->callControllerCallable(Array, Array)
#8 C:/xampp/htdocs/be-fms/api/vendor/laravel/lumen-framework/src/Concerns/RoutesRequests.php(331): Laravel/Lumen/Application->callLumenController(Object(App/Http/Controllers/JobController), 'get_job_by_user', Array)
#9 C:/xampp/htdocs/be-fms/api/vendor/laravel/lumen-framework/src/Concerns/RoutesRequests.php(284): Laravel/Lumen/Application->callControllerAction(Array)
#10 C:/xampp/htdocs/be-fms/api/vendor/laravel/lumen-framework/src/Concerns/RoutesRequests.php(264): Laravel/Lumen/Application->callActionOnArrayBasedRoute(Array)
#11 C:/xampp/htdocs/be-fms/api/vendor/laravel/lumen-framework/src/Routing/Pipeline.php(48): Laravel/Lumen/Application->Laravel/Lumen/Concerns/{closure}(Object(Laravel/Lumen/Http/Request))
#12 C:/xampp/htdocs/be-fms/api/app/Http/Middleware/Authenticate.php(74): Laravel/Lumen/Routing/Pipeline->Laravel/Lumen/Routing/{closure}(Object(Laravel/Lumen/Http/Request))
#13 C:/xampp/htdocs/be-fms/api/vendor/illuminate/pipeline/Pipeline.php(183): App/Http/Middleware/Authenticate->handle(Object(Laravel/Lumen/Http/Request), Object(Closure))
#14 C:/xampp/htdocs/be-fms/api/vendor/laravel/lumen-framework/src/Routing/Pipeline.php(30): Illuminate/Pipeline/Pipeline->Illuminate/Pipeline/{closure}(Object(Laravel/Lumen/Http/Request))
#15 C:/xampp/htdocs/be-fms/api/vendor/illuminate/pipeline/Pipeline.php(119): Laravel/Lumen/Routing/Pipeline->Laravel/Lumen/Routing/{closure}(Object(Laravel/Lumen/Http/Request))
#16 C:/xampp/htdocs/be-fms/api/vendor/laravel/lumen-framework/src/Concerns/RoutesRequests.php(428): Illuminate/Pipeline/Pipeline->then(Object(Closure))
#17 C:/xampp/htdocs/be-fms/api/vendor/laravel/lumen-framework/src/Concerns/RoutesRequests.php(263): Laravel/Lumen/Application->sendThroughPipeline(Array, Object(Closure))
#18 C:/xampp/htdocs/be-fms/api/vendor/laravel/lumen-framework/src/Concerns/RoutesRequests.php(239): Laravel/Lumen/Application->handleFoundRoute(Array)
#19 C:/xampp/htdocs/be-fms/api/vendor/laravel/lumen-framework/src/Concerns/RoutesRequests.php(174): Laravel/Lumen/Application->handleDispatcherResponse(Array)
#20 C:/xampp/htdocs/be-fms/api/vendor/laravel/lumen-framework/src/Concerns/RoutesRequests.php(431): Laravel/Lumen/Application->Laravel/Lumen/Concerns/{closure}(Object(Laravel/Lumen/Http/Request))
#21 C:/xampp/htdocs/be-fms/api/vendor/laravel/lumen-framework/src/Concerns/RoutesRequests.php(167): Laravel/Lumen/Application->sendThroughPipeline(Array, Object(Closure))
#22 C:/xampp/htdocs/be-fms/api/vendor/laravel/lumen-framework/src/Concerns/RoutesRequests.php(112): Laravel/Lumen/Application->dispatch(NULL)
#23 C:/xampp/htdocs/be-fms/api/public/index.php(28): Laravel/Lumen/Application->run()
#24 {main}
"} 
[2026-02-28 06:16:28] local.ERROR: Unable to resolve dependency [Parameter #0 [ <required> $userID ]] in class App\Http\Controllers\UserController {"exception":"[object] (Illuminate\\Contracts\\Container\\BindingResolutionException(code: 0): Unable to resolve dependency [Parameter #0 [ <required> $userID ]] in class App\\Http\\Controllers\\UserController at C:/xampp/htdocs/be-fms/api/vendor/illuminate/container/BoundMethod.php:188)
[stacktrace]
#0 C:/xampp/htdocs/be-fms/api/vendor/illuminate/container/BoundMethod.php(124): Illuminate/Container/BoundMethod::addDependencyForCallParameter(Object(Laravel/Lumen/Application), Object(ReflectionParameter), Array, Array)
#1 C:/xampp/htdocs/be-fms/api/vendor/illuminate/container/BoundMethod.php(36): Illuminate/Container/BoundMethod::getMethodDependencies(Object(Laravel/Lumen/Application), Array, Array)
#2 C:/xampp/htdocs/be-fms/api/vendor/illuminate/container/Util.php(41): Illuminate/Container/BoundMethod::Illuminate/Container/{closure}()
#3 C:/xampp/htdocs/be-fms/api/vendor/illuminate/container/BoundMethod.php(93): Illuminate/Container/Util::unwrapIfClosure(Object(Closure))
#4 C:/xampp/htdocs/be-fms/api/vendor/illuminate/container/BoundMethod.php(35): Illuminate/Container/BoundMethod::callBoundMethod(Object(Laravel/Lumen/Application), Array, Object(Closure))
#5 C:/xampp/htdocs/be-fms/api/vendor/illuminate/container/Container.php(662): Illuminate/Container/BoundMethod::call(Object(Laravel/Lumen/Application), Array, Array, NULL)
#6 C:/xampp/htdocs/be-fms/api/vendor/laravel/lumen-framework/src/Concerns/RoutesRequests.php(391): Illuminate/Container/Container->call(Array, Array)
#7 C:/xampp/htdocs/be-fms/api/vendor/laravel/lumen-framework/src/Concerns/RoutesRequests.php(356): Laravel/Lumen/Application->callControllerCallable(Array, Array)
#8 C:/xampp/htdocs/be-fms/api/vendor/laravel/lumen-framework/src/Concerns/RoutesRequests.php(331): Laravel/Lumen/Application->callLumenController(Object(App/Http/Controllers/UserController), 'get_user', Array)
#9 C:/xampp/htdocs/be-fms/api/vendor/laravel/lumen-framework/src/Concerns/RoutesRequests.php(284): Laravel/Lumen/Application->callControllerAction(Array)
#10 C:/xampp/htdocs/be-fms/api/vendor/laravel/lumen-framework/src/Concerns/RoutesRequests.php(264): Laravel/Lumen/Application->callActionOnArrayBasedRoute(Array)
#11 C:/xampp/htdocs/be-fms/api/vendor/laravel/lumen-framework/src/Routing/Pipeline.php(48): Laravel/Lumen/Application->Laravel/Lumen/Concerns/{closure}(Object(Laravel/Lumen/Http/Request))
#12 C:/xampp/htdocs/be-fms/api/app/Http/Middleware/Authenticate.php(74): Laravel/Lumen/Routing/Pipeline->Laravel/Lumen/Routing/{closure}(Object(Laravel/Lumen/Http/Request))
#13 C:/xampp/htdocs/be-fms/api/vendor/illuminate/pipeline/Pipeline.php(183): App/Http/Middleware/Authenticate->handle(Object(Laravel/Lumen/Http/Request), Object(Closure))
#14 C:/xampp/htdocs/be-fms/api/vendor/laravel/lumen-framework/src/Routing/Pipeline.php(30): Illuminate/Pipeline/Pipeline->Illuminate/Pipeline/{closure}(Object(Laravel/Lumen/Http/Request))
#15 C:/xampp/htdocs/be-fms/api/vendor/illuminate/pipeline/Pipeline.php(119): Laravel/Lumen/Routing/Pipeline->Laravel/Lumen/Routing/{closure}(Object(Laravel/Lumen/Http/Request))
#16 C:/xampp/htdocs/be-fms/api/vendor/laravel/lumen-framework/src/Concerns/RoutesRequests.php(428): Illuminate/Pipeline/Pipeline->then(Object(Closure))
#17 C:/xampp/htdocs/be-fms/api/vendor/laravel/lumen-framework/src/Concerns/RoutesRequests.php(263): Laravel/Lumen/Application->sendThroughPipeline(Array, Object(Closure))
#18 C:/xampp/htdocs/be-fms/api/vendor/laravel/lumen-framework/src/Concerns/RoutesRequests.php(239): Laravel/Lumen/Application->handleFoundRoute(Array)
#19 C:/xampp/htdocs/be-fms/api/vendor/laravel/lumen-framework/src/Concerns/RoutesRequests.php(174): Laravel/Lumen/Application->handleDispatcherResponse(Array)
#20 C:/xampp/htdocs/be-fms/api/vendor/laravel/lumen-framework/src/Concerns/RoutesRequests.php(431): Laravel/Lumen/Application->Laravel/Lumen/Concerns/{closure}(Object(Laravel/Lumen/Http/Request))
#21 C:/xampp/htdocs/be-fms/api/vendor/laravel/lumen-framework/src/Concerns/RoutesRequests.php(167): Laravel/Lumen/Application->sendThroughPipeline(Array, Object(Closure))
#22 C:/xampp/htdocs/be-fms/api/vendor/laravel/lumen-framework/src/Concerns/RoutesRequests.php(112): Laravel/Lumen/Application->dispatch(NULL)
#23 C:/xampp/htdocs/be-fms/api/public/index.php(28): Laravel/Lumen/Application->run()
#24 {main}
"} 
[2026-02-28 06:16:30] local.ERROR: Unable to resolve dependency [Parameter #0 [ <required> $userID ]] in class App\Http\Controllers\UserController {"exception":"[object] (Illuminate\\Contracts\\Container\\BindingResolutionException(code: 0): Unable to resolve dependency [Parameter #0 [ <required> $userID ]] in class App\\Http\\Controllers\\UserController at C:/xampp/htdocs/be-fms/api/vendor/illuminate/container/BoundMethod.php:188)
[stacktrace]
#0 C:/xampp/htdocs/be-fms/api/vendor/illuminate/container/BoundMethod.php(124): Illuminate/Container/BoundMethod::addDependencyForCallParameter(Object(Laravel/Lumen/Application), Object(ReflectionParameter), Array, Array)
#1 C:/xampp/htdocs/be-fms/api/vendor/illuminate/container/BoundMethod.php(36): Illuminate/Container/BoundMethod::getMethodDependencies(Object(Laravel/Lumen/Application), Array, Array)
#2 C:/xampp/htdocs/be-fms/api/vendor/illuminate/container/Util.php(41): Illuminate/Container/BoundMethod::Illuminate/Container/{closure}()
#3 C:/xampp/htdocs/be-fms/api/vendor/illuminate/container/BoundMethod.php(93): Illuminate/Container/Util::unwrapIfClosure(Object(Closure))
#4 C:/xampp/htdocs/be-fms/api/vendor/illuminate/container/BoundMethod.php(35): Illuminate/Container/BoundMethod::callBoundMethod(Object(Laravel/Lumen/Application), Array, Object(Closure))
#5 C:/xampp/htdocs/be-fms/api/vendor/illuminate/container/Container.php(662): Illuminate/Container/BoundMethod::call(Object(Laravel/Lumen/Application), Array, Array, NULL)
#6 C:/xampp/htdocs/be-fms/api/vendor/laravel/lumen-framework/src/Concerns/RoutesRequests.php(391): Illuminate/Container/Container->call(Array, Array)
#7 C:/xampp/htdocs/be-fms/api/vendor/laravel/lumen-framework/src/Concerns/RoutesRequests.php(356): Laravel/Lumen/Application->callControllerCallable(Array, Array)
#8 C:/xampp/htdocs/be-fms/api/vendor/laravel/lumen-framework/src/Concerns/RoutesRequests.php(331): Laravel/Lumen/Application->callLumenController(Object(App/Http/Controllers/UserController), 'get_user', Array)
#9 C:/xampp/htdocs/be-fms/api/vendor/laravel/lumen-framework/src/Concerns/RoutesRequests.php(284): Laravel/Lumen/Application->callControllerAction(Array)
#10 C:/xampp/htdocs/be-fms/api/vendor/laravel/lumen-framework/src/Concerns/RoutesRequests.php(264): Laravel/Lumen/Application->callActionOnArrayBasedRoute(Array)
#11 C:/xampp/htdocs/be-fms/api/vendor/laravel/lumen-framework/src/Routing/Pipeline.php(48): Laravel/Lumen/Application->Laravel/Lumen/Concerns/{closure}(Object(Laravel/Lumen/Http/Request))
#12 C:/xampp/htdocs/be-fms/api/app/Http/Middleware/Authenticate.php(74): Laravel/Lumen/Routing/Pipeline->Laravel/Lumen/Routing/{closure}(Object(Laravel/Lumen/Http/Request))
#13 C:/xampp/htdocs/be-fms/api/vendor/illuminate/pipeline/Pipeline.php(183): App/Http/Middleware/Authenticate->handle(Object(Laravel/Lumen/Http/Request), Object(Closure))
#14 C:/xampp/htdocs/be-fms/api/vendor/laravel/lumen-framework/src/Routing/Pipeline.php(30): Illuminate/Pipeline/Pipeline->Illuminate/Pipeline/{closure}(Object(Laravel/Lumen/Http/Request))
#15 C:/xampp/htdocs/be-fms/api/vendor/illuminate/pipeline/Pipeline.php(119): Laravel/Lumen/Routing/Pipeline->Laravel/Lumen/Routing/{closure}(Object(Laravel/Lumen/Http/Request))
#16 C:/xampp/htdocs/be-fms/api/vendor/laravel/lumen-framework/src/Concerns/RoutesRequests.php(428): Illuminate/Pipeline/Pipeline->then(Object(Closure))
#17 C:/xampp/htdocs/be-fms/api/vendor/laravel/lumen-framework/src/Concerns/RoutesRequests.php(263): Laravel/Lumen/Application->sendThroughPipeline(Array, Object(Closure))
#18 C:/xampp/htdocs/be-fms/api/vendor/laravel/lumen-framework/src/Concerns/RoutesRequests.php(239): Laravel/Lumen/Application->handleFoundRoute(Array)
#19 C:/xampp/htdocs/be-fms/api/vendor/laravel/lumen-framework/src/Concerns/RoutesRequests.php(174): Laravel/Lumen/Application->handleDispatcherResponse(Array)
#20 C:/xampp/htdocs/be-fms/api/vendor/laravel/lumen-framework/src/Concerns/RoutesRequests.php(431): Laravel/Lumen/Application->Laravel/Lumen/Concerns/{closure}(Object(Laravel/Lumen/Http/Request))
#21 C:/xampp/htdocs/be-fms/api/vendor/laravel/lumen-framework/src/Concerns/RoutesRequests.php(167): Laravel/Lumen/Application->sendThroughPipeline(Array, Object(Closure))
#22 C:/xampp/htdocs/be-fms/api/vendor/laravel/lumen-framework/src/Concerns/RoutesRequests.php(112): Laravel/Lumen/Application->dispatch(NULL)
#23 C:/xampp/htdocs/be-fms/api/public/index.php(28): Laravel/Lumen/Application->run()
#24 {main}
"} 
[2026-02-28 06:16:30] local.ERROR: Unable to resolve dependency [Parameter #0 [ <required> $userID ]] in class App\Http\Controllers\UserController {"exception":"[object] (Illuminate\\Contracts\\Container\\BindingResolutionException(code: 0): Unable to resolve dependency [Parameter #0 [ <required> $userID ]] in class App\\Http\\Controllers\\UserController at C:/xampp/htdocs/be-fms/api/vendor/illuminate/container/BoundMethod.php:188)
[stacktrace]
#0 C:/xampp/htdocs/be-fms/api/vendor/illuminate/container/BoundMethod.php(124): Illuminate/Container/BoundMethod::addDependencyForCallParameter(Object(Laravel/Lumen/Application), Object(ReflectionParameter), Array, Array)
#1 C:/xampp/htdocs/be-fms/api/vendor/illuminate/container/BoundMethod.php(36): Illuminate/Container/BoundMethod::getMethodDependencies(Object(Laravel/Lumen/Application), Array, Array)
#2 C:/xampp/htdocs/be-fms/api/vendor/illuminate/container/Util.php(41): Illuminate/Container/BoundMethod::Illuminate/Container/{closure}()
#3 C:/xampp/htdocs/be-fms/api/vendor/illuminate/container/BoundMethod.php(93): Illuminate/Container/Util::unwrapIfClosure(Object(Closure))
#4 C:/xampp/htdocs/be-fms/api/vendor/illuminate/container/BoundMethod.php(35): Illuminate/Container/BoundMethod::callBoundMethod(Object(Laravel/Lumen/Application), Array, Object(Closure))
#5 C:/xampp/htdocs/be-fms/api/vendor/illuminate/container/Container.php(662): Illuminate/Container/BoundMethod::call(Object(Laravel/Lumen/Application), Array, Array, NULL)
#6 C:/xampp/htdocs/be-fms/api/vendor/laravel/lumen-framework/src/Concerns/RoutesRequests.php(391): Illuminate/Container/Container->call(Array, Array)
#7 C:/xampp/htdocs/be-fms/api/vendor/laravel/lumen-framework/src/Concerns/RoutesRequests.php(356): Laravel/Lumen/Application->callControllerCallable(Array, Array)
#8 C:/xampp/htdocs/be-fms/api/vendor/laravel/lumen-framework/src/Concerns/RoutesRequests.php(331): Laravel/Lumen/Application->callLumenController(Object(App/Http/Controllers/UserController), 'get_user', Array)
#9 C:/xampp/htdocs/be-fms/api/vendor/laravel/lumen-framework/src/Concerns/RoutesRequests.php(284): Laravel/Lumen/Application->callControllerAction(Array)
#10 C:/xampp/htdocs/be-fms/api/vendor/laravel/lumen-framework/src/Concerns/RoutesRequests.php(264): Laravel/Lumen/Application->callActionOnArrayBasedRoute(Array)
#11 C:/xampp/htdocs/be-fms/api/vendor/laravel/lumen-framework/src/Routing/Pipeline.php(48): Laravel/Lumen/Application->Laravel/Lumen/Concerns/{closure}(Object(Laravel/Lumen/Http/Request))
#12 C:/xampp/htdocs/be-fms/api/app/Http/Middleware/Authenticate.php(74): Laravel/Lumen/Routing/Pipeline->Laravel/Lumen/Routing/{closure}(Object(Laravel/Lumen/Http/Request))
#13 C:/xampp/htdocs/be-fms/api/vendor/illuminate/pipeline/Pipeline.php(183): App/Http/Middleware/Authenticate->handle(Object(Laravel/Lumen/Http/Request), Object(Closure))
#14 C:/xampp/htdocs/be-fms/api/vendor/laravel/lumen-framework/src/Routing/Pipeline.php(30): Illuminate/Pipeline/Pipeline->Illuminate/Pipeline/{closure}(Object(Laravel/Lumen/Http/Request))
#15 C:/xampp/htdocs/be-fms/api/vendor/illuminate/pipeline/Pipeline.php(119): Laravel/Lumen/Routing/Pipeline->Laravel/Lumen/Routing/{closure}(Object(Laravel/Lumen/Http/Request))
#16 C:/xampp/htdocs/be-fms/api/vendor/laravel/lumen-framework/src/Concerns/RoutesRequests.php(428): Illuminate/Pipeline/Pipeline->then(Object(Closure))
#17 C:/xampp/htdocs/be-fms/api/vendor/laravel/lumen-framework/src/Concerns/RoutesRequests.php(263): Laravel/Lumen/Application->sendThroughPipeline(Array, Object(Closure))
#18 C:/xampp/htdocs/be-fms/api/vendor/laravel/lumen-framework/src/Concerns/RoutesRequests.php(239): Laravel/Lumen/Application->handleFoundRoute(Array)
#19 C:/xampp/htdocs/be-fms/api/vendor/laravel/lumen-framework/src/Concerns/RoutesRequests.php(174): Laravel/Lumen/Application->handleDispatcherResponse(Array)
#20 C:/xampp/htdocs/be-fms/api/vendor/laravel/lumen-framework/src/Concerns/RoutesRequests.php(431): Laravel/Lumen/Application->Laravel/Lumen/Concerns/{closure}(Object(Laravel/Lumen/Http/Request))
#21 C:/xampp/htdocs/be-fms/api/vendor/laravel/lumen-framework/src/Concerns/RoutesRequests.php(167): Laravel/Lumen/Application->sendThroughPipeline(Array, Object(Closure))
#22 C:/xampp/htdocs/be-fms/api/vendor/laravel/lumen-framework/src/Concerns/RoutesRequests.php(112): Laravel/Lumen/Application->dispatch(NULL)
#23 C:/xampp/htdocs/be-fms/api/public/index.php(28): Laravel/Lumen/Application->run()
#24 {main}
"} 
[2026-02-28 06:16:31] local.ERROR: Unable to resolve dependency [Parameter #0 [ <required> $userID ]] in class App\Http\Controllers\UserController {"exception":"[object] (Illuminate\\Contracts\\Container\\BindingResolutionException(code: 0): Unable to resolve dependency [Parameter #0 [ <required> $userID ]] in class App\\Http\\Controllers\\UserController at C:/xampp/htdocs/be-fms/api/vendor/illuminate/container/BoundMethod.php:188)
[stacktrace]
#0 C:/xampp/htdocs/be-fms/api/vendor/illuminate/container/BoundMethod.php(124): Illuminate/Container/BoundMethod::addDependencyForCallParameter(Object(Laravel/Lumen/Application), Object(ReflectionParameter), Array, Array)
#1 C:/xampp/htdocs/be-fms/api/vendor/illuminate/container/BoundMethod.php(36): Illuminate/Container/BoundMethod::getMethodDependencies(Object(Laravel/Lumen/Application), Array, Array)
#2 C:/xampp/htdocs/be-fms/api/vendor/illuminate/container/Util.php(41): Illuminate/Container/BoundMethod::Illuminate/Container/{closure}()
#3 C:/xampp/htdocs/be-fms/api/vendor/illuminate/container/BoundMethod.php(93): Illuminate/Container/Util::unwrapIfClosure(Object(Closure))
#4 C:/xampp/htdocs/be-fms/api/vendor/illuminate/container/BoundMethod.php(35): Illuminate/Container/BoundMethod::callBoundMethod(Object(Laravel/Lumen/Application), Array, Object(Closure))
#5 C:/xampp/htdocs/be-fms/api/vendor/illuminate/container/Container.php(662): Illuminate/Container/BoundMethod::call(Object(Laravel/Lumen/Application), Array, Array, NULL)
#6 C:/xampp/htdocs/be-fms/api/vendor/laravel/lumen-framework/src/Concerns/RoutesRequests.php(391): Illuminate/Container/Container->call(Array, Array)
#7 C:/xampp/htdocs/be-fms/api/vendor/laravel/lumen-framework/src/Concerns/RoutesRequests.php(356): Laravel/Lumen/Application->callControllerCallable(Array, Array)
#8 C:/xampp/htdocs/be-fms/api/vendor/laravel/lumen-framework/src/Concerns/RoutesRequests.php(331): Laravel/Lumen/Application->callLumenController(Object(App/Http/Controllers/UserController), 'get_user', Array)
#9 C:/xampp/htdocs/be-fms/api/vendor/laravel/lumen-framework/src/Concerns/RoutesRequests.php(284): Laravel/Lumen/Application->callControllerAction(Array)
#10 C:/xampp/htdocs/be-fms/api/vendor/laravel/lumen-framework/src/Concerns/RoutesRequests.php(264): Laravel/Lumen/Application->callActionOnArrayBasedRoute(Array)
#11 C:/xampp/htdocs/be-fms/api/vendor/laravel/lumen-framework/src/Routing/Pipeline.php(48): Laravel/Lumen/Application->Laravel/Lumen/Concerns/{closure}(Object(Laravel/Lumen/Http/Request))
#12 C:/xampp/htdocs/be-fms/api/app/Http/Middleware/Authenticate.php(74): Laravel/Lumen/Routing/Pipeline->Laravel/Lumen/Routing/{closure}(Object(Laravel/Lumen/Http/Request))
#13 C:/xampp/htdocs/be-fms/api/vendor/illuminate/pipeline/Pipeline.php(183): App/Http/Middleware/Authenticate->handle(Object(Laravel/Lumen/Http/Request), Object(Closure))
#14 C:/xampp/htdocs/be-fms/api/vendor/laravel/lumen-framework/src/Routing/Pipeline.php(30): Illuminate/Pipeline/Pipeline->Illuminate/Pipeline/{closure}(Object(Laravel/Lumen/Http/Request))
#15 C:/xampp/htdocs/be-fms/api/vendor/illuminate/pipeline/Pipeline.php(119): Laravel/Lumen/Routing/Pipeline->Laravel/Lumen/Routing/{closure}(Object(Laravel/Lumen/Http/Request))
#16 C:/xampp/htdocs/be-fms/api/vendor/laravel/lumen-framework/src/Concerns/RoutesRequests.php(428): Illuminate/Pipeline/Pipeline->then(Object(Closure))
#17 C:/xampp/htdocs/be-fms/api/vendor/laravel/lumen-framework/src/Concerns/RoutesRequests.php(263): Laravel/Lumen/Application->sendThroughPipeline(Array, Object(Closure))
#18 C:/xampp/htdocs/be-fms/api/vendor/laravel/lumen-framework/src/Concerns/RoutesRequests.php(239): Laravel/Lumen/Application->handleFoundRoute(Array)
#19 C:/xampp/htdocs/be-fms/api/vendor/laravel/lumen-framework/src/Concerns/RoutesRequests.php(174): Laravel/Lumen/Application->handleDispatcherResponse(Array)
#20 C:/xampp/htdocs/be-fms/api/vendor/laravel/lumen-framework/src/Concerns/RoutesRequests.php(431): Laravel/Lumen/Application->Laravel/Lumen/Concerns/{closure}(Object(Laravel/Lumen/Http/Request))
#21 C:/xampp/htdocs/be-fms/api/vendor/laravel/lumen-framework/src/Concerns/RoutesRequests.php(167): Laravel/Lumen/Application->sendThroughPipeline(Array, Object(Closure))
#22 C:/xampp/htdocs/be-fms/api/vendor/laravel/lumen-framework/src/Concerns/RoutesRequests.php(112): Laravel/Lumen/Application->dispatch(NULL)
#23 C:/xampp/htdocs/be-fms/api/public/index.php(28): Laravel/Lumen/Application->run()
#24 {main}
"} 
[2026-02-28 06:16:35] local.ERROR: Unable to resolve dependency [Parameter #0 [ <required> $userID ]] in class App\Http\Controllers\UserController {"exception":"[object] (Illuminate\\Contracts\\Container\\BindingResolutionException(code: 0): Unable to resolve dependency [Parameter #0 [ <required> $userID ]] in class App\\Http\\Controllers\\UserController at C:/xampp/htdocs/be-fms/api/vendor/illuminate/container/BoundMethod.php:188)
[stacktrace]
#0 C:/xampp/htdocs/be-fms/api/vendor/illuminate/container/BoundMethod.php(124): Illuminate/Container/BoundMethod::addDependencyForCallParameter(Object(Laravel/Lumen/Application), Object(ReflectionParameter), Array, Array)
#1 C:/xampp/htdocs/be-fms/api/vendor/illuminate/container/BoundMethod.php(36): Illuminate/Container/BoundMethod::getMethodDependencies(Object(Laravel/Lumen/Application), Array, Array)
#2 C:/xampp/htdocs/be-fms/api/vendor/illuminate/container/Util.php(41): Illuminate/Container/BoundMethod::Illuminate/Container/{closure}()
#3 C:/xampp/htdocs/be-fms/api/vendor/illuminate/container/BoundMethod.php(93): Illuminate/Container/Util::unwrapIfClosure(Object(Closure))
#4 C:/xampp/htdocs/be-fms/api/vendor/illuminate/container/BoundMethod.php(35): Illuminate/Container/BoundMethod::callBoundMethod(Object(Laravel/Lumen/Application), Array, Object(Closure))
#5 C:/xampp/htdocs/be-fms/api/vendor/illuminate/container/Container.php(662): Illuminate/Container/BoundMethod::call(Object(Laravel/Lumen/Application), Array, Array, NULL)
#6 C:/xampp/htdocs/be-fms/api/vendor/laravel/lumen-framework/src/Concerns/RoutesRequests.php(391): Illuminate/Container/Container->call(Array, Array)
#7 C:/xampp/htdocs/be-fms/api/vendor/laravel/lumen-framework/src/Concerns/RoutesRequests.php(356): Laravel/Lumen/Application->callControllerCallable(Array, Array)
#8 C:/xampp/htdocs/be-fms/api/vendor/laravel/lumen-framework/src/Concerns/RoutesRequests.php(331): Laravel/Lumen/Application->callLumenController(Object(App/Http/Controllers/UserController), 'get_user', Array)
#9 C:/xampp/htdocs/be-fms/api/vendor/laravel/lumen-framework/src/Concerns/RoutesRequests.php(284): Laravel/Lumen/Application->callControllerAction(Array)
#10 C:/xampp/htdocs/be-fms/api/vendor/laravel/lumen-framework/src/Concerns/RoutesRequests.php(264): Laravel/Lumen/Application->callActionOnArrayBasedRoute(Array)
#11 C:/xampp/htdocs/be-fms/api/vendor/laravel/lumen-framework/src/Routing/Pipeline.php(48): Laravel/Lumen/Application->Laravel/Lumen/Concerns/{closure}(Object(Laravel/Lumen/Http/Request))
#12 C:/xampp/htdocs/be-fms/api/app/Http/Middleware/Authenticate.php(74): Laravel/Lumen/Routing/Pipeline->Laravel/Lumen/Routing/{closure}(Object(Laravel/Lumen/Http/Request))
#13 C:/xampp/htdocs/be-fms/api/vendor/illuminate/pipeline/Pipeline.php(183): App/Http/Middleware/Authenticate->handle(Object(Laravel/Lumen/Http/Request), Object(Closure))
#14 C:/xampp/htdocs/be-fms/api/vendor/laravel/lumen-framework/src/Routing/Pipeline.php(30): Illuminate/Pipeline/Pipeline->Illuminate/Pipeline/{closure}(Object(Laravel/Lumen/Http/Request))
#15 C:/xampp/htdocs/be-fms/api/vendor/illuminate/pipeline/Pipeline.php(119): Laravel/Lumen/Routing/Pipeline->Laravel/Lumen/Routing/{closure}(Object(Laravel/Lumen/Http/Request))
#16 C:/xampp/htdocs/be-fms/api/vendor/laravel/lumen-framework/src/Concerns/RoutesRequests.php(428): Illuminate/Pipeline/Pipeline->then(Object(Closure))
#17 C:/xampp/htdocs/be-fms/api/vendor/laravel/lumen-framework/src/Concerns/RoutesRequests.php(263): Laravel/Lumen/Application->sendThroughPipeline(Array, Object(Closure))
#18 C:/xampp/htdocs/be-fms/api/vendor/laravel/lumen-framework/src/Concerns/RoutesRequests.php(239): Laravel/Lumen/Application->handleFoundRoute(Array)
#19 C:/xampp/htdocs/be-fms/api/vendor/laravel/lumen-framework/src/Concerns/RoutesRequests.php(174): Laravel/Lumen/Application->handleDispatcherResponse(Array)
#20 C:/xampp/htdocs/be-fms/api/vendor/laravel/lumen-framework/src/Concerns/RoutesRequests.php(431): Laravel/Lumen/Application->Laravel/Lumen/Concerns/{closure}(Object(Laravel/Lumen/Http/Request))
#21 C:/xampp/htdocs/be-fms/api/vendor/laravel/lumen-framework/src/Concerns/RoutesRequests.php(167): Laravel/Lumen/Application->sendThroughPipeline(Array, Object(Closure))
#22 C:/xampp/htdocs/be-fms/api/vendor/laravel/lumen-framework/src/Concerns/RoutesRequests.php(112): Laravel/Lumen/Application->dispatch(NULL)
#23 C:/xampp/htdocs/be-fms/api/public/index.php(28): Laravel/Lumen/Application->run()
#24 {main}
"} 
[2026-02-28 06:16:36] local.ERROR: Unable to resolve dependency [Parameter #0 [ <required> $userID ]] in class App\Http\Controllers\UserController {"exception":"[object] (Illuminate\\Contracts\\Container\\BindingResolutionException(code: 0): Unable to resolve dependency [Parameter #0 [ <required> $userID ]] in class App\\Http\\Controllers\\UserController at C:/xampp/htdocs/be-fms/api/vendor/illuminate/container/BoundMethod.php:188)
[stacktrace]
#0 C:/xampp/htdocs/be-fms/api/vendor/illuminate/container/BoundMethod.php(124): Illuminate/Container/BoundMethod::addDependencyForCallParameter(Object(Laravel/Lumen/Application), Object(ReflectionParameter), Array, Array)
#1 C:/xampp/htdocs/be-fms/api/vendor/illuminate/container/BoundMethod.php(36): Illuminate/Container/BoundMethod::getMethodDependencies(Object(Laravel/Lumen/Application), Array, Array)
#2 C:/xampp/htdocs/be-fms/api/vendor/illuminate/container/Util.php(41): Illuminate/Container/BoundMethod::Illuminate/Container/{closure}()
#3 C:/xampp/htdocs/be-fms/api/vendor/illuminate/container/BoundMethod.php(93): Illuminate/Container/Util::unwrapIfClosure(Object(Closure))
#4 C:/xampp/htdocs/be-fms/api/vendor/illuminate/container/BoundMethod.php(35): Illuminate/Container/BoundMethod::callBoundMethod(Object(Laravel/Lumen/Application), Array, Object(Closure))
#5 C:/xampp/htdocs/be-fms/api/vendor/illuminate/container/Container.php(662): Illuminate/Container/BoundMethod::call(Object(Laravel/Lumen/Application), Array, Array, NULL)
#6 C:/xampp/htdocs/be-fms/api/vendor/laravel/lumen-framework/src/Concerns/RoutesRequests.php(391): Illuminate/Container/Container->call(Array, Array)
#7 C:/xampp/htdocs/be-fms/api/vendor/laravel/lumen-framework/src/Concerns/RoutesRequests.php(356): Laravel/Lumen/Application->callControllerCallable(Array, Array)
#8 C:/xampp/htdocs/be-fms/api/vendor/laravel/lumen-framework/src/Concerns/RoutesRequests.php(331): Laravel/Lumen/Application->callLumenController(Object(App/Http/Controllers/UserController), 'get_user', Array)
#9 C:/xampp/htdocs/be-fms/api/vendor/laravel/lumen-framework/src/Concerns/RoutesRequests.php(284): Laravel/Lumen/Application->callControllerAction(Array)
#10 C:/xampp/htdocs/be-fms/api/vendor/laravel/lumen-framework/src/Concerns/RoutesRequests.php(264): Laravel/Lumen/Application->callActionOnArrayBasedRoute(Array)
#11 C:/xampp/htdocs/be-fms/api/vendor/laravel/lumen-framework/src/Routing/Pipeline.php(48): Laravel/Lumen/Application->Laravel/Lumen/Concerns/{closure}(Object(Laravel/Lumen/Http/Request))
#12 C:/xampp/htdocs/be-fms/api/app/Http/Middleware/Authenticate.php(74): Laravel/Lumen/Routing/Pipeline->Laravel/Lumen/Routing/{closure}(Object(Laravel/Lumen/Http/Request))
#13 C:/xampp/htdocs/be-fms/api/vendor/illuminate/pipeline/Pipeline.php(183): App/Http/Middleware/Authenticate->handle(Object(Laravel/Lumen/Http/Request), Object(Closure))
#14 C:/xampp/htdocs/be-fms/api/vendor/laravel/lumen-framework/src/Routing/Pipeline.php(30): Illuminate/Pipeline/Pipeline->Illuminate/Pipeline/{closure}(Object(Laravel/Lumen/Http/Request))
#15 C:/xampp/htdocs/be-fms/api/vendor/illuminate/pipeline/Pipeline.php(119): Laravel/Lumen/Routing/Pipeline->Laravel/Lumen/Routing/{closure}(Object(Laravel/Lumen/Http/Request))
#16 C:/xampp/htdocs/be-fms/api/vendor/laravel/lumen-framework/src/Concerns/RoutesRequests.php(428): Illuminate/Pipeline/Pipeline->then(Object(Closure))
#17 C:/xampp/htdocs/be-fms/api/vendor/laravel/lumen-framework/src/Concerns/RoutesRequests.php(263): Laravel/Lumen/Application->sendThroughPipeline(Array, Object(Closure))
#18 C:/xampp/htdocs/be-fms/api/vendor/laravel/lumen-framework/src/Concerns/RoutesRequests.php(239): Laravel/Lumen/Application->handleFoundRoute(Array)
#19 C:/xampp/htdocs/be-fms/api/vendor/laravel/lumen-framework/src/Concerns/RoutesRequests.php(174): Laravel/Lumen/Application->handleDispatcherResponse(Array)
#20 C:/xampp/htdocs/be-fms/api/vendor/laravel/lumen-framework/src/Concerns/RoutesRequests.php(431): Laravel/Lumen/Application->Laravel/Lumen/Concerns/{closure}(Object(Laravel/Lumen/Http/Request))
#21 C:/xampp/htdocs/be-fms/api/vendor/laravel/lumen-framework/src/Concerns/RoutesRequests.php(167): Laravel/Lumen/Application->sendThroughPipeline(Array, Object(Closure))
#22 C:/xampp/htdocs/be-fms/api/vendor/laravel/lumen-framework/src/Concerns/RoutesRequests.php(112): Laravel/Lumen/Application->dispatch(NULL)
#23 C:/xampp/htdocs/be-fms/api/public/index.php(28): Laravel/Lumen/Application->run()
#24 {main}
"} 
[2026-02-28 06:16:36] local.ERROR: Unable to resolve dependency [Parameter #0 [ <required> $userID ]] in class App\Http\Controllers\UserController {"exception":"[object] (Illuminate\\Contracts\\Container\\BindingResolutionException(code: 0): Unable to resolve dependency [Parameter #0 [ <required> $userID ]] in class App\\Http\\Controllers\\UserController at C:/xampp/htdocs/be-fms/api/vendor/illuminate/container/BoundMethod.php:188)
[stacktrace]
#0 C:/xampp/htdocs/be-fms/api/vendor/illuminate/container/BoundMethod.php(124): Illuminate/Container/BoundMethod::addDependencyForCallParameter(Object(Laravel/Lumen/Application), Object(ReflectionParameter), Array, Array)
#1 C:/xampp/htdocs/be-fms/api/vendor/illuminate/container/BoundMethod.php(36): Illuminate/Container/BoundMethod::getMethodDependencies(Object(Laravel/Lumen/Application), Array, Array)
#2 C:/xampp/htdocs/be-fms/api/vendor/illuminate/container/Util.php(41): Illuminate/Container/BoundMethod::Illuminate/Container/{closure}()
#3 C:/xampp/htdocs/be-fms/api/vendor/illuminate/container/BoundMethod.php(93): Illuminate/Container/Util::unwrapIfClosure(Object(Closure))
#4 C:/xampp/htdocs/be-fms/api/vendor/illuminate/container/BoundMethod.php(35): Illuminate/Container/BoundMethod::callBoundMethod(Object(Laravel/Lumen/Application), Array, Object(Closure))
#5 C:/xampp/htdocs/be-fms/api/vendor/illuminate/container/Container.php(662): Illuminate/Container/BoundMethod::call(Object(Laravel/Lumen/Application), Array, Array, NULL)
#6 C:/xampp/htdocs/be-fms/api/vendor/laravel/lumen-framework/src/Concerns/RoutesRequests.php(391): Illuminate/Container/Container->call(Array, Array)
#7 C:/xampp/htdocs/be-fms/api/vendor/laravel/lumen-framework/src/Concerns/RoutesRequests.php(356): Laravel/Lumen/Application->callControllerCallable(Array, Array)
#8 C:/xampp/htdocs/be-fms/api/vendor/laravel/lumen-framework/src/Concerns/RoutesRequests.php(331): Laravel/Lumen/Application->callLumenController(Object(App/Http/Controllers/UserController), 'get_user', Array)
#9 C:/xampp/htdocs/be-fms/api/vendor/laravel/lumen-framework/src/Concerns/RoutesRequests.php(284): Laravel/Lumen/Application->callControllerAction(Array)
#10 C:/xampp/htdocs/be-fms/api/vendor/laravel/lumen-framework/src/Concerns/RoutesRequests.php(264): Laravel/Lumen/Application->callActionOnArrayBasedRoute(Array)
#11 C:/xampp/htdocs/be-fms/api/vendor/laravel/lumen-framework/src/Routing/Pipeline.php(48): Laravel/Lumen/Application->Laravel/Lumen/Concerns/{closure}(Object(Laravel/Lumen/Http/Request))
#12 C:/xampp/htdocs/be-fms/api/app/Http/Middleware/Authenticate.php(74): Laravel/Lumen/Routing/Pipeline->Laravel/Lumen/Routing/{closure}(Object(Laravel/Lumen/Http/Request))
#13 C:/xampp/htdocs/be-fms/api/vendor/illuminate/pipeline/Pipeline.php(183): App/Http/Middleware/Authenticate->handle(Object(Laravel/Lumen/Http/Request), Object(Closure))
#14 C:/xampp/htdocs/be-fms/api/vendor/laravel/lumen-framework/src/Routing/Pipeline.php(30): Illuminate/Pipeline/Pipeline->Illuminate/Pipeline/{closure}(Object(Laravel/Lumen/Http/Request))
#15 C:/xampp/htdocs/be-fms/api/vendor/illuminate/pipeline/Pipeline.php(119): Laravel/Lumen/Routing/Pipeline->Laravel/Lumen/Routing/{closure}(Object(Laravel/Lumen/Http/Request))
#16 C:/xampp/htdocs/be-fms/api/vendor/laravel/lumen-framework/src/Concerns/RoutesRequests.php(428): Illuminate/Pipeline/Pipeline->then(Object(Closure))
#17 C:/xampp/htdocs/be-fms/api/vendor/laravel/lumen-framework/src/Concerns/RoutesRequests.php(263): Laravel/Lumen/Application->sendThroughPipeline(Array, Object(Closure))
#18 C:/xampp/htdocs/be-fms/api/vendor/laravel/lumen-framework/src/Concerns/RoutesRequests.php(239): Laravel/Lumen/Application->handleFoundRoute(Array)
#19 C:/xampp/htdocs/be-fms/api/vendor/laravel/lumen-framework/src/Concerns/RoutesRequests.php(174): Laravel/Lumen/Application->handleDispatcherResponse(Array)
#20 C:/xampp/htdocs/be-fms/api/vendor/laravel/lumen-framework/src/Concerns/RoutesRequests.php(431): Laravel/Lumen/Application->Laravel/Lumen/Concerns/{closure}(Object(Laravel/Lumen/Http/Request))
#21 C:/xampp/htdocs/be-fms/api/vendor/laravel/lumen-framework/src/Concerns/RoutesRequests.php(167): Laravel/Lumen/Application->sendThroughPipeline(Array, Object(Closure))
#22 C:/xampp/htdocs/be-fms/api/vendor/laravel/lumen-framework/src/Concerns/RoutesRequests.php(112): Laravel/Lumen/Application->dispatch(NULL)
#23 C:/xampp/htdocs/be-fms/api/public/index.php(28): Laravel/Lumen/Application->run()
#24 {main}
"} 
[2026-02-28 06:17:00] local.ERROR: Unable to resolve dependency [Parameter #0 [ <required> $userID ]] in class App\Http\Controllers\UserController {"exception":"[object] (Illuminate\\Contracts\\Container\\BindingResolutionException(code: 0): Unable to resolve dependency [Parameter #0 [ <required> $userID ]] in class App\\Http\\Controllers\\UserController at C:/xampp/htdocs/be-fms/api/vendor/illuminate/container/BoundMethod.php:188)
[stacktrace]
#0 C:/xampp/htdocs/be-fms/api/vendor/illuminate/container/BoundMethod.php(124): Illuminate/Container/BoundMethod::addDependencyForCallParameter(Object(Laravel/Lumen/Application), Object(ReflectionParameter), Array, Array)
#1 C:/xampp/htdocs/be-fms/api/vendor/illuminate/container/BoundMethod.php(36): Illuminate/Container/BoundMethod::getMethodDependencies(Object(Laravel/Lumen/Application), Array, Array)
#2 C:/xampp/htdocs/be-fms/api/vendor/illuminate/container/Util.php(41): Illuminate/Container/BoundMethod::Illuminate/Container/{closure}()
#3 C:/xampp/htdocs/be-fms/api/vendor/illuminate/container/BoundMethod.php(93): Illuminate/Container/Util::unwrapIfClosure(Object(Closure))
#4 C:/xampp/htdocs/be-fms/api/vendor/illuminate/container/BoundMethod.php(35): Illuminate/Container/BoundMethod::callBoundMethod(Object(Laravel/Lumen/Application), Array, Object(Closure))
#5 C:/xampp/htdocs/be-fms/api/vendor/illuminate/container/Container.php(662): Illuminate/Container/BoundMethod::call(Object(Laravel/Lumen/Application), Array, Array, NULL)
#6 C:/xampp/htdocs/be-fms/api/vendor/laravel/lumen-framework/src/Concerns/RoutesRequests.php(391): Illuminate/Container/Container->call(Array, Array)
#7 C:/xampp/htdocs/be-fms/api/vendor/laravel/lumen-framework/src/Concerns/RoutesRequests.php(356): Laravel/Lumen/Application->callControllerCallable(Array, Array)
#8 C:/xampp/htdocs/be-fms/api/vendor/laravel/lumen-framework/src/Concerns/RoutesRequests.php(331): Laravel/Lumen/Application->callLumenController(Object(App/Http/Controllers/UserController), 'get_user', Array)
#9 C:/xampp/htdocs/be-fms/api/vendor/laravel/lumen-framework/src/Concerns/RoutesRequests.php(284): Laravel/Lumen/Application->callControllerAction(Array)
#10 C:/xampp/htdocs/be-fms/api/vendor/laravel/lumen-framework/src/Concerns/RoutesRequests.php(264): Laravel/Lumen/Application->callActionOnArrayBasedRoute(Array)
#11 C:/xampp/htdocs/be-fms/api/vendor/laravel/lumen-framework/src/Routing/Pipeline.php(48): Laravel/Lumen/Application->Laravel/Lumen/Concerns/{closure}(Object(Laravel/Lumen/Http/Request))
#12 C:/xampp/htdocs/be-fms/api/app/Http/Middleware/Authenticate.php(74): Laravel/Lumen/Routing/Pipeline->Laravel/Lumen/Routing/{closure}(Object(Laravel/Lumen/Http/Request))
#13 C:/xampp/htdocs/be-fms/api/vendor/illuminate/pipeline/Pipeline.php(183): App/Http/Middleware/Authenticate->handle(Object(Laravel/Lumen/Http/Request), Object(Closure))
#14 C:/xampp/htdocs/be-fms/api/vendor/laravel/lumen-framework/src/Routing/Pipeline.php(30): Illuminate/Pipeline/Pipeline->Illuminate/Pipeline/{closure}(Object(Laravel/Lumen/Http/Request))
#15 C:/xampp/htdocs/be-fms/api/vendor/illuminate/pipeline/Pipeline.php(119): Laravel/Lumen/Routing/Pipeline->Laravel/Lumen/Routing/{closure}(Object(Laravel/Lumen/Http/Request))
#16 C:/xampp/htdocs/be-fms/api/vendor/laravel/lumen-framework/src/Concerns/RoutesRequests.php(428): Illuminate/Pipeline/Pipeline->then(Object(Closure))
#17 C:/xampp/htdocs/be-fms/api/vendor/laravel/lumen-framework/src/Concerns/RoutesRequests.php(263): Laravel/Lumen/Application->sendThroughPipeline(Array, Object(Closure))
#18 C:/xampp/htdocs/be-fms/api/vendor/laravel/lumen-framework/src/Concerns/RoutesRequests.php(239): Laravel/Lumen/Application->handleFoundRoute(Array)
#19 C:/xampp/htdocs/be-fms/api/vendor/laravel/lumen-framework/src/Concerns/RoutesRequests.php(174): Laravel/Lumen/Application->handleDispatcherResponse(Array)
#20 C:/xampp/htdocs/be-fms/api/vendor/laravel/lumen-framework/src/Concerns/RoutesRequests.php(431): Laravel/Lumen/Application->Laravel/Lumen/Concerns/{closure}(Object(Laravel/Lumen/Http/Request))
#21 C:/xampp/htdocs/be-fms/api/vendor/laravel/lumen-framework/src/Concerns/RoutesRequests.php(167): Laravel/Lumen/Application->sendThroughPipeline(Array, Object(Closure))
#22 C:/xampp/htdocs/be-fms/api/vendor/laravel/lumen-framework/src/Concerns/RoutesRequests.php(112): Laravel/Lumen/Application->dispatch(NULL)
#23 C:/xampp/htdocs/be-fms/api/public/index.php(28): Laravel/Lumen/Application->run()
#24 {main}
"} 
[2026-02-28 06:17:01] local.ERROR: Unable to resolve dependency [Parameter #0 [ <required> $userID ]] in class App\Http\Controllers\UserController {"exception":"[object] (Illuminate\\Contracts\\Container\\BindingResolutionException(code: 0): Unable to resolve dependency [Parameter #0 [ <required> $userID ]] in class App\\Http\\Controllers\\UserController at C:/xampp/htdocs/be-fms/api/vendor/illuminate/container/BoundMethod.php:188)
[stacktrace]
#0 C:/xampp/htdocs/be-fms/api/vendor/illuminate/container/BoundMethod.php(124): Illuminate/Container/BoundMethod::addDependencyForCallParameter(Object(Laravel/Lumen/Application), Object(ReflectionParameter), Array, Array)
#1 C:/xampp/htdocs/be-fms/api/vendor/illuminate/container/BoundMethod.php(36): Illuminate/Container/BoundMethod::getMethodDependencies(Object(Laravel/Lumen/Application), Array, Array)
#2 C:/xampp/htdocs/be-fms/api/vendor/illuminate/container/Util.php(41): Illuminate/Container/BoundMethod::Illuminate/Container/{closure}()
#3 C:/xampp/htdocs/be-fms/api/vendor/illuminate/container/BoundMethod.php(93): Illuminate/Container/Util::unwrapIfClosure(Object(Closure))
#4 C:/xampp/htdocs/be-fms/api/vendor/illuminate/container/BoundMethod.php(35): Illuminate/Container/BoundMethod::callBoundMethod(Object(Laravel/Lumen/Application), Array, Object(Closure))
#5 C:/xampp/htdocs/be-fms/api/vendor/illuminate/container/Container.php(662): Illuminate/Container/BoundMethod::call(Object(Laravel/Lumen/Application), Array, Array, NULL)
#6 C:/xampp/htdocs/be-fms/api/vendor/laravel/lumen-framework/src/Concerns/RoutesRequests.php(391): Illuminate/Container/Container->call(Array, Array)
#7 C:/xampp/htdocs/be-fms/api/vendor/laravel/lumen-framework/src/Concerns/RoutesRequests.php(356): Laravel/Lumen/Application->callControllerCallable(Array, Array)
#8 C:/xampp/htdocs/be-fms/api/vendor/laravel/lumen-framework/src/Concerns/RoutesRequests.php(331): Laravel/Lumen/Application->callLumenController(Object(App/Http/Controllers/UserController), 'get_user', Array)
#9 C:/xampp/htdocs/be-fms/api/vendor/laravel/lumen-framework/src/Concerns/RoutesRequests.php(284): Laravel/Lumen/Application->callControllerAction(Array)
#10 C:/xampp/htdocs/be-fms/api/vendor/laravel/lumen-framework/src/Concerns/RoutesRequests.php(264): Laravel/Lumen/Application->callActionOnArrayBasedRoute(Array)
#11 C:/xampp/htdocs/be-fms/api/vendor/laravel/lumen-framework/src/Routing/Pipeline.php(48): Laravel/Lumen/Application->Laravel/Lumen/Concerns/{closure}(Object(Laravel/Lumen/Http/Request))
#12 C:/xampp/htdocs/be-fms/api/app/Http/Middleware/Authenticate.php(74): Laravel/Lumen/Routing/Pipeline->Laravel/Lumen/Routing/{closure}(Object(Laravel/Lumen/Http/Request))
#13 C:/xampp/htdocs/be-fms/api/vendor/illuminate/pipeline/Pipeline.php(183): App/Http/Middleware/Authenticate->handle(Object(Laravel/Lumen/Http/Request), Object(Closure))
#14 C:/xampp/htdocs/be-fms/api/vendor/laravel/lumen-framework/src/Routing/Pipeline.php(30): Illuminate/Pipeline/Pipeline->Illuminate/Pipeline/{closure}(Object(Laravel/Lumen/Http/Request))
#15 C:/xampp/htdocs/be-fms/api/vendor/illuminate/pipeline/Pipeline.php(119): Laravel/Lumen/Routing/Pipeline->Laravel/Lumen/Routing/{closure}(Object(Laravel/Lumen/Http/Request))
#16 C:/xampp/htdocs/be-fms/api/vendor/laravel/lumen-framework/src/Concerns/RoutesRequests.php(428): Illuminate/Pipeline/Pipeline->then(Object(Closure))
#17 C:/xampp/htdocs/be-fms/api/vendor/laravel/lumen-framework/src/Concerns/RoutesRequests.php(263): Laravel/Lumen/Application->sendThroughPipeline(Array, Object(Closure))
#18 C:/xampp/htdocs/be-fms/api/vendor/laravel/lumen-framework/src/Concerns/RoutesRequests.php(239): Laravel/Lumen/Application->handleFoundRoute(Array)
#19 C:/xampp/htdocs/be-fms/api/vendor/laravel/lumen-framework/src/Concerns/RoutesRequests.php(174): Laravel/Lumen/Application->handleDispatcherResponse(Array)
#20 C:/xampp/htdocs/be-fms/api/vendor/laravel/lumen-framework/src/Concerns/RoutesRequests.php(431): Laravel/Lumen/Application->Laravel/Lumen/Concerns/{closure}(Object(Laravel/Lumen/Http/Request))
#21 C:/xampp/htdocs/be-fms/api/vendor/laravel/lumen-framework/src/Concerns/RoutesRequests.php(167): Laravel/Lumen/Application->sendThroughPipeline(Array, Object(Closure))
#22 C:/xampp/htdocs/be-fms/api/vendor/laravel/lumen-framework/src/Concerns/RoutesRequests.php(112): Laravel/Lumen/Application->dispatch(NULL)
#23 C:/xampp/htdocs/be-fms/api/public/index.php(28): Laravel/Lumen/Application->run()
#24 {main}
"} 
[2026-02-28 06:17:02] local.ERROR: Unable to resolve dependency [Parameter #0 [ <required> $userID ]] in class App\Http\Controllers\UserController {"exception":"[object] (Illuminate\\Contracts\\Container\\BindingResolutionException(code: 0): Unable to resolve dependency [Parameter #0 [ <required> $userID ]] in class App\\Http\\Controllers\\UserController at C:/xampp/htdocs/be-fms/api/vendor/illuminate/container/BoundMethod.php:188)
[stacktrace]
#0 C:/xampp/htdocs/be-fms/api/vendor/illuminate/container/BoundMethod.php(124): Illuminate/Container/BoundMethod::addDependencyForCallParameter(Object(Laravel/Lumen/Application), Object(ReflectionParameter), Array, Array)
#1 C:/xampp/htdocs/be-fms/api/vendor/illuminate/container/BoundMethod.php(36): Illuminate/Container/BoundMethod::getMethodDependencies(Object(Laravel/Lumen/Application), Array, Array)
#2 C:/xampp/htdocs/be-fms/api/vendor/illuminate/container/Util.php(41): Illuminate/Container/BoundMethod::Illuminate/Container/{closure}()
#3 C:/xampp/htdocs/be-fms/api/vendor/illuminate/container/BoundMethod.php(93): Illuminate/Container/Util::unwrapIfClosure(Object(Closure))
#4 C:/xampp/htdocs/be-fms/api/vendor/illuminate/container/BoundMethod.php(35): Illuminate/Container/BoundMethod::callBoundMethod(Object(Laravel/Lumen/Application), Array, Object(Closure))
#5 C:/xampp/htdocs/be-fms/api/vendor/illuminate/container/Container.php(662): Illuminate/Container/BoundMethod::call(Object(Laravel/Lumen/Application), Array, Array, NULL)
#6 C:/xampp/htdocs/be-fms/api/vendor/laravel/lumen-framework/src/Concerns/RoutesRequests.php(391): Illuminate/Container/Container->call(Array, Array)
#7 C:/xampp/htdocs/be-fms/api/vendor/laravel/lumen-framework/src/Concerns/RoutesRequests.php(356): Laravel/Lumen/Application->callControllerCallable(Array, Array)
#8 C:/xampp/htdocs/be-fms/api/vendor/laravel/lumen-framework/src/Concerns/RoutesRequests.php(331): Laravel/Lumen/Application->callLumenController(Object(App/Http/Controllers/UserController), 'get_user', Array)
#9 C:/xampp/htdocs/be-fms/api/vendor/laravel/lumen-framework/src/Concerns/RoutesRequests.php(284): Laravel/Lumen/Application->callControllerAction(Array)
#10 C:/xampp/htdocs/be-fms/api/vendor/laravel/lumen-framework/src/Concerns/RoutesRequests.php(264): Laravel/Lumen/Application->callActionOnArrayBasedRoute(Array)
#11 C:/xampp/htdocs/be-fms/api/vendor/laravel/lumen-framework/src/Routing/Pipeline.php(48): Laravel/Lumen/Application->Laravel/Lumen/Concerns/{closure}(Object(Laravel/Lumen/Http/Request))
#12 C:/xampp/htdocs/be-fms/api/app/Http/Middleware/Authenticate.php(74): Laravel/Lumen/Routing/Pipeline->Laravel/Lumen/Routing/{closure}(Object(Laravel/Lumen/Http/Request))
#13 C:/xampp/htdocs/be-fms/api/vendor/illuminate/pipeline/Pipeline.php(183): App/Http/Middleware/Authenticate->handle(Object(Laravel/Lumen/Http/Request), Object(Closure))
#14 C:/xampp/htdocs/be-fms/api/vendor/laravel/lumen-framework/src/Routing/Pipeline.php(30): Illuminate/Pipeline/Pipeline->Illuminate/Pipeline/{closure}(Object(Laravel/Lumen/Http/Request))
#15 C:/xampp/htdocs/be-fms/api/vendor/illuminate/pipeline/Pipeline.php(119): Laravel/Lumen/Routing/Pipeline->Laravel/Lumen/Routing/{closure}(Object(Laravel/Lumen/Http/Request))
#16 C:/xampp/htdocs/be-fms/api/vendor/laravel/lumen-framework/src/Concerns/RoutesRequests.php(428): Illuminate/Pipeline/Pipeline->then(Object(Closure))
#17 C:/xampp/htdocs/be-fms/api/vendor/laravel/lumen-framework/src/Concerns/RoutesRequests.php(263): Laravel/Lumen/Application->sendThroughPipeline(Array, Object(Closure))
#18 C:/xampp/htdocs/be-fms/api/vendor/laravel/lumen-framework/src/Concerns/RoutesRequests.php(239): Laravel/Lumen/Application->handleFoundRoute(Array)
#19 C:/xampp/htdocs/be-fms/api/vendor/laravel/lumen-framework/src/Concerns/RoutesRequests.php(174): Laravel/Lumen/Application->handleDispatcherResponse(Array)
#20 C:/xampp/htdocs/be-fms/api/vendor/laravel/lumen-framework/src/Concerns/RoutesRequests.php(431): Laravel/Lumen/Application->Laravel/Lumen/Concerns/{closure}(Object(Laravel/Lumen/Http/Request))
#21 C:/xampp/htdocs/be-fms/api/vendor/laravel/lumen-framework/src/Concerns/RoutesRequests.php(167): Laravel/Lumen/Application->sendThroughPipeline(Array, Object(Closure))
#22 C:/xampp/htdocs/be-fms/api/vendor/laravel/lumen-framework/src/Concerns/RoutesRequests.php(112): Laravel/Lumen/Application->dispatch(NULL)
#23 C:/xampp/htdocs/be-fms/api/public/index.php(28): Laravel/Lumen/Application->run()
#24 {main}
"} 
[2026-02-28 06:17:54] local.ERROR: Unable to resolve dependency [Parameter #0 [ <required> $userID ]] in class App\Http\Controllers\UserController {"exception":"[object] (Illuminate\\Contracts\\Container\\BindingResolutionException(code: 0): Unable to resolve dependency [Parameter #0 [ <required> $userID ]] in class App\\Http\\Controllers\\UserController at C:/xampp/htdocs/be-fms/api/vendor/illuminate/container/BoundMethod.php:188)
[stacktrace]
#0 C:/xampp/htdocs/be-fms/api/vendor/illuminate/container/BoundMethod.php(124): Illuminate/Container/BoundMethod::addDependencyForCallParameter(Object(Laravel/Lumen/Application), Object(ReflectionParameter), Array, Array)
#1 C:/xampp/htdocs/be-fms/api/vendor/illuminate/container/BoundMethod.php(36): Illuminate/Container/BoundMethod::getMethodDependencies(Object(Laravel/Lumen/Application), Array, Array)
#2 C:/xampp/htdocs/be-fms/api/vendor/illuminate/container/Util.php(41): Illuminate/Container/BoundMethod::Illuminate/Container/{closure}()
#3 C:/xampp/htdocs/be-fms/api/vendor/illuminate/container/BoundMethod.php(93): Illuminate/Container/Util::unwrapIfClosure(Object(Closure))
#4 C:/xampp/htdocs/be-fms/api/vendor/illuminate/container/BoundMethod.php(35): Illuminate/Container/BoundMethod::callBoundMethod(Object(Laravel/Lumen/Application), Array, Object(Closure))
#5 C:/xampp/htdocs/be-fms/api/vendor/illuminate/container/Container.php(662): Illuminate/Container/BoundMethod::call(Object(Laravel/Lumen/Application), Array, Array, NULL)
#6 C:/xampp/htdocs/be-fms/api/vendor/laravel/lumen-framework/src/Concerns/RoutesRequests.php(391): Illuminate/Container/Container->call(Array, Array)
#7 C:/xampp/htdocs/be-fms/api/vendor/laravel/lumen-framework/src/Concerns/RoutesRequests.php(356): Laravel/Lumen/Application->callControllerCallable(Array, Array)
#8 C:/xampp/htdocs/be-fms/api/vendor/laravel/lumen-framework/src/Concerns/RoutesRequests.php(331): Laravel/Lumen/Application->callLumenController(Object(App/Http/Controllers/UserController), 'get_user', Array)
#9 C:/xampp/htdocs/be-fms/api/vendor/laravel/lumen-framework/src/Concerns/RoutesRequests.php(284): Laravel/Lumen/Application->callControllerAction(Array)
#10 C:/xampp/htdocs/be-fms/api/vendor/laravel/lumen-framework/src/Concerns/RoutesRequests.php(264): Laravel/Lumen/Application->callActionOnArrayBasedRoute(Array)
#11 C:/xampp/htdocs/be-fms/api/vendor/laravel/lumen-framework/src/Routing/Pipeline.php(48): Laravel/Lumen/Application->Laravel/Lumen/Concerns/{closure}(Object(Laravel/Lumen/Http/Request))
#12 C:/xampp/htdocs/be-fms/api/app/Http/Middleware/Authenticate.php(74): Laravel/Lumen/Routing/Pipeline->Laravel/Lumen/Routing/{closure}(Object(Laravel/Lumen/Http/Request))
#13 C:/xampp/htdocs/be-fms/api/vendor/illuminate/pipeline/Pipeline.php(183): App/Http/Middleware/Authenticate->handle(Object(Laravel/Lumen/Http/Request), Object(Closure))
#14 C:/xampp/htdocs/be-fms/api/vendor/laravel/lumen-framework/src/Routing/Pipeline.php(30): Illuminate/Pipeline/Pipeline->Illuminate/Pipeline/{closure}(Object(Laravel/Lumen/Http/Request))
#15 C:/xampp/htdocs/be-fms/api/vendor/illuminate/pipeline/Pipeline.php(119): Laravel/Lumen/Routing/Pipeline->Laravel/Lumen/Routing/{closure}(Object(Laravel/Lumen/Http/Request))
#16 C:/xampp/htdocs/be-fms/api/vendor/laravel/lumen-framework/src/Concerns/RoutesRequests.php(428): Illuminate/Pipeline/Pipeline->then(Object(Closure))
#17 C:/xampp/htdocs/be-fms/api/vendor/laravel/lumen-framework/src/Concerns/RoutesRequests.php(263): Laravel/Lumen/Application->sendThroughPipeline(Array, Object(Closure))
#18 C:/xampp/htdocs/be-fms/api/vendor/laravel/lumen-framework/src/Concerns/RoutesRequests.php(239): Laravel/Lumen/Application->handleFoundRoute(Array)
#19 C:/xampp/htdocs/be-fms/api/vendor/laravel/lumen-framework/src/Concerns/RoutesRequests.php(174): Laravel/Lumen/Application->handleDispatcherResponse(Array)
#20 C:/xampp/htdocs/be-fms/api/vendor/laravel/lumen-framework/src/Concerns/RoutesRequests.php(431): Laravel/Lumen/Application->Laravel/Lumen/Concerns/{closure}(Object(Laravel/Lumen/Http/Request))
#21 C:/xampp/htdocs/be-fms/api/vendor/laravel/lumen-framework/src/Concerns/RoutesRequests.php(167): Laravel/Lumen/Application->sendThroughPipeline(Array, Object(Closure))
#22 C:/xampp/htdocs/be-fms/api/vendor/laravel/lumen-framework/src/Concerns/RoutesRequests.php(112): Laravel/Lumen/Application->dispatch(NULL)
#23 C:/xampp/htdocs/be-fms/api/public/index.php(28): Laravel/Lumen/Application->run()
#24 {main}
"} 
[2026-02-28 06:18:15] local.ERROR: Unable to resolve dependency [Parameter #1 [ <required> $userID ]] in class App\Http\Controllers\JobController {"exception":"[object] (Illuminate\\Contracts\\Container\\BindingResolutionException(code: 0): Unable to resolve dependency [Parameter #1 [ <required> $userID ]] in class App\\Http\\Controllers\\JobController at C:/xampp/htdocs/be-fms/api/vendor/illuminate/container/BoundMethod.php:188)
[stacktrace]
#0 C:/xampp/htdocs/be-fms/api/vendor/illuminate/container/BoundMethod.php(124): Illuminate/Container/BoundMethod::addDependencyForCallParameter(Object(Laravel/Lumen/Application), Object(ReflectionParameter), Array, Array)
#1 C:/xampp/htdocs/be-fms/api/vendor/illuminate/container/BoundMethod.php(36): Illuminate/Container/BoundMethod::getMethodDependencies(Object(Laravel/Lumen/Application), Array, Array)
#2 C:/xampp/htdocs/be-fms/api/vendor/illuminate/container/Util.php(41): Illuminate/Container/BoundMethod::Illuminate/Container/{closure}()
#3 C:/xampp/htdocs/be-fms/api/vendor/illuminate/container/BoundMethod.php(93): Illuminate/Container/Util::unwrapIfClosure(Object(Closure))
#4 C:/xampp/htdocs/be-fms/api/vendor/illuminate/container/BoundMethod.php(35): Illuminate/Container/BoundMethod::callBoundMethod(Object(Laravel/Lumen/Application), Array, Object(Closure))
#5 C:/xampp/htdocs/be-fms/api/vendor/illuminate/container/Container.php(662): Illuminate/Container/BoundMethod::call(Object(Laravel/Lumen/Application), Array, Array, NULL)
#6 C:/xampp/htdocs/be-fms/api/vendor/laravel/lumen-framework/src/Concerns/RoutesRequests.php(391): Illuminate/Container/Container->call(Array, Array)
#7 C:/xampp/htdocs/be-fms/api/vendor/laravel/lumen-framework/src/Concerns/RoutesRequests.php(356): Laravel/Lumen/Application->callControllerCallable(Array, Array)
#8 C:/xampp/htdocs/be-fms/api/vendor/laravel/lumen-framework/src/Concerns/RoutesRequests.php(331): Laravel/Lumen/Application->callLumenController(Object(App/Http/Controllers/JobController), 'get_job_by_user', Array)
#9 C:/xampp/htdocs/be-fms/api/vendor/laravel/lumen-framework/src/Concerns/RoutesRequests.php(284): Laravel/Lumen/Application->callControllerAction(Array)
#10 C:/xampp/htdocs/be-fms/api/vendor/laravel/lumen-framework/src/Concerns/RoutesRequests.php(264): Laravel/Lumen/Application->callActionOnArrayBasedRoute(Array)
#11 C:/xampp/htdocs/be-fms/api/vendor/laravel/lumen-framework/src/Routing/Pipeline.php(48): Laravel/Lumen/Application->Laravel/Lumen/Concerns/{closure}(Object(Laravel/Lumen/Http/Request))
#12 C:/xampp/htdocs/be-fms/api/app/Http/Middleware/Authenticate.php(74): Laravel/Lumen/Routing/Pipeline->Laravel/Lumen/Routing/{closure}(Object(Laravel/Lumen/Http/Request))
#13 C:/xampp/htdocs/be-fms/api/vendor/illuminate/pipeline/Pipeline.php(183): App/Http/Middleware/Authenticate->handle(Object(Laravel/Lumen/Http/Request), Object(Closure))
#14 C:/xampp/htdocs/be-fms/api/vendor/laravel/lumen-framework/src/Routing/Pipeline.php(30): Illuminate/Pipeline/Pipeline->Illuminate/Pipeline/{closure}(Object(Laravel/Lumen/Http/Request))
#15 C:/xampp/htdocs/be-fms/api/vendor/illuminate/pipeline/Pipeline.php(119): Laravel/Lumen/Routing/Pipeline->Laravel/Lumen/Routing/{closure}(Object(Laravel/Lumen/Http/Request))
#16 C:/xampp/htdocs/be-fms/api/vendor/laravel/lumen-framework/src/Concerns/RoutesRequests.php(428): Illuminate/Pipeline/Pipeline->then(Object(Closure))
#17 C:/xampp/htdocs/be-fms/api/vendor/laravel/lumen-framework/src/Concerns/RoutesRequests.php(263): Laravel/Lumen/Application->sendThroughPipeline(Array, Object(Closure))
#18 C:/xampp/htdocs/be-fms/api/vendor/laravel/lumen-framework/src/Concerns/RoutesRequests.php(239): Laravel/Lumen/Application->handleFoundRoute(Array)
#19 C:/xampp/htdocs/be-fms/api/vendor/laravel/lumen-framework/src/Concerns/RoutesRequests.php(174): Laravel/Lumen/Application->handleDispatcherResponse(Array)
#20 C:/xampp/htdocs/be-fms/api/vendor/laravel/lumen-framework/src/Concerns/RoutesRequests.php(431): Laravel/Lumen/Application->Laravel/Lumen/Concerns/{closure}(Object(Laravel/Lumen/Http/Request))
#21 C:/xampp/htdocs/be-fms/api/vendor/laravel/lumen-framework/src/Concerns/RoutesRequests.php(167): Laravel/Lumen/Application->sendThroughPipeline(Array, Object(Closure))
#22 C:/xampp/htdocs/be-fms/api/vendor/laravel/lumen-framework/src/Concerns/RoutesRequests.php(112): Laravel/Lumen/Application->dispatch(NULL)
#23 C:/xampp/htdocs/be-fms/api/public/index.php(28): Laravel/Lumen/Application->run()
#24 {main}
"} 
[2026-02-28 06:18:15] local.ERROR: Unable to resolve dependency [Parameter #1 [ <required> $userID ]] in class App\Http\Controllers\JobController {"exception":"[object] (Illuminate\\Contracts\\Container\\BindingResolutionException(code: 0): Unable to resolve dependency [Parameter #1 [ <required> $userID ]] in class App\\Http\\Controllers\\JobController at C:/xampp/htdocs/be-fms/api/vendor/illuminate/container/BoundMethod.php:188)
[stacktrace]
#0 C:/xampp/htdocs/be-fms/api/vendor/illuminate/container/BoundMethod.php(124): Illuminate/Container/BoundMethod::addDependencyForCallParameter(Object(Laravel/Lumen/Application), Object(ReflectionParameter), Array, Array)
#1 C:/xampp/htdocs/be-fms/api/vendor/illuminate/container/BoundMethod.php(36): Illuminate/Container/BoundMethod::getMethodDependencies(Object(Laravel/Lumen/Application), Array, Array)
#2 C:/xampp/htdocs/be-fms/api/vendor/illuminate/container/Util.php(41): Illuminate/Container/BoundMethod::Illuminate/Container/{closure}()
#3 C:/xampp/htdocs/be-fms/api/vendor/illuminate/container/BoundMethod.php(93): Illuminate/Container/Util::unwrapIfClosure(Object(Closure))
#4 C:/xampp/htdocs/be-fms/api/vendor/illuminate/container/BoundMethod.php(35): Illuminate/Container/BoundMethod::callBoundMethod(Object(Laravel/Lumen/Application), Array, Object(Closure))
#5 C:/xampp/htdocs/be-fms/api/vendor/illuminate/container/Container.php(662): Illuminate/Container/BoundMethod::call(Object(Laravel/Lumen/Application), Array, Array, NULL)
#6 C:/xampp/htdocs/be-fms/api/vendor/laravel/lumen-framework/src/Concerns/RoutesRequests.php(391): Illuminate/Container/Container->call(Array, Array)
#7 C:/xampp/htdocs/be-fms/api/vendor/laravel/lumen-framework/src/Concerns/RoutesRequests.php(356): Laravel/Lumen/Application->callControllerCallable(Array, Array)
#8 C:/xampp/htdocs/be-fms/api/vendor/laravel/lumen-framework/src/Concerns/RoutesRequests.php(331): Laravel/Lumen/Application->callLumenController(Object(App/Http/Controllers/JobController), 'get_job_by_user', Array)
#9 C:/xampp/htdocs/be-fms/api/vendor/laravel/lumen-framework/src/Concerns/RoutesRequests.php(284): Laravel/Lumen/Application->callControllerAction(Array)
#10 C:/xampp/htdocs/be-fms/api/vendor/laravel/lumen-framework/src/Concerns/RoutesRequests.php(264): Laravel/Lumen/Application->callActionOnArrayBasedRoute(Array)
#11 C:/xampp/htdocs/be-fms/api/vendor/laravel/lumen-framework/src/Routing/Pipeline.php(48): Laravel/Lumen/Application->Laravel/Lumen/Concerns/{closure}(Object(Laravel/Lumen/Http/Request))
#12 C:/xampp/htdocs/be-fms/api/app/Http/Middleware/Authenticate.php(74): Laravel/Lumen/Routing/Pipeline->Laravel/Lumen/Routing/{closure}(Object(Laravel/Lumen/Http/Request))
#13 C:/xampp/htdocs/be-fms/api/vendor/illuminate/pipeline/Pipeline.php(183): App/Http/Middleware/Authenticate->handle(Object(Laravel/Lumen/Http/Request), Object(Closure))
#14 C:/xampp/htdocs/be-fms/api/vendor/laravel/lumen-framework/src/Routing/Pipeline.php(30): Illuminate/Pipeline/Pipeline->Illuminate/Pipeline/{closure}(Object(Laravel/Lumen/Http/Request))
#15 C:/xampp/htdocs/be-fms/api/vendor/illuminate/pipeline/Pipeline.php(119): Laravel/Lumen/Routing/Pipeline->Laravel/Lumen/Routing/{closure}(Object(Laravel/Lumen/Http/Request))
#16 C:/xampp/htdocs/be-fms/api/vendor/laravel/lumen-framework/src/Concerns/RoutesRequests.php(428): Illuminate/Pipeline/Pipeline->then(Object(Closure))
#17 C:/xampp/htdocs/be-fms/api/vendor/laravel/lumen-framework/src/Concerns/RoutesRequests.php(263): Laravel/Lumen/Application->sendThroughPipeline(Array, Object(Closure))
#18 C:/xampp/htdocs/be-fms/api/vendor/laravel/lumen-framework/src/Concerns/RoutesRequests.php(239): Laravel/Lumen/Application->handleFoundRoute(Array)
#19 C:/xampp/htdocs/be-fms/api/vendor/laravel/lumen-framework/src/Concerns/RoutesRequests.php(174): Laravel/Lumen/Application->handleDispatcherResponse(Array)
#20 C:/xampp/htdocs/be-fms/api/vendor/laravel/lumen-framework/src/Concerns/RoutesRequests.php(431): Laravel/Lumen/Application->Laravel/Lumen/Concerns/{closure}(Object(Laravel/Lumen/Http/Request))
#21 C:/xampp/htdocs/be-fms/api/vendor/laravel/lumen-framework/src/Concerns/RoutesRequests.php(167): Laravel/Lumen/Application->sendThroughPipeline(Array, Object(Closure))
#22 C:/xampp/htdocs/be-fms/api/vendor/laravel/lumen-framework/src/Concerns/RoutesRequests.php(112): Laravel/Lumen/Application->dispatch(NULL)
#23 C:/xampp/htdocs/be-fms/api/public/index.php(28): Laravel/Lumen/Application->run()
#24 {main}
"} 
[2026-02-28 06:18:19] local.ERROR: Unable to resolve dependency [Parameter #0 [ <required> $userID ]] in class App\Http\Controllers\UserController {"exception":"[object] (Illuminate\\Contracts\\Container\\BindingResolutionException(code: 0): Unable to resolve dependency [Parameter #0 [ <required> $userID ]] in class App\\Http\\Controllers\\UserController at C:/xampp/htdocs/be-fms/api/vendor/illuminate/container/BoundMethod.php:188)
[stacktrace]
#0 C:/xampp/htdocs/be-fms/api/vendor/illuminate/container/BoundMethod.php(124): Illuminate/Container/BoundMethod::addDependencyForCallParameter(Object(Laravel/Lumen/Application), Object(ReflectionParameter), Array, Array)
#1 C:/xampp/htdocs/be-fms/api/vendor/illuminate/container/BoundMethod.php(36): Illuminate/Container/BoundMethod::getMethodDependencies(Object(Laravel/Lumen/Application), Array, Array)
#2 C:/xampp/htdocs/be-fms/api/vendor/illuminate/container/Util.php(41): Illuminate/Container/BoundMethod::Illuminate/Container/{closure}()
#3 C:/xampp/htdocs/be-fms/api/vendor/illuminate/container/BoundMethod.php(93): Illuminate/Container/Util::unwrapIfClosure(Object(Closure))
#4 C:/xampp/htdocs/be-fms/api/vendor/illuminate/container/BoundMethod.php(35): Illuminate/Container/BoundMethod::callBoundMethod(Object(Laravel/Lumen/Application), Array, Object(Closure))
#5 C:/xampp/htdocs/be-fms/api/vendor/illuminate/container/Container.php(662): Illuminate/Container/BoundMethod::call(Object(Laravel/Lumen/Application), Array, Array, NULL)
#6 C:/xampp/htdocs/be-fms/api/vendor/laravel/lumen-framework/src/Concerns/RoutesRequests.php(391): Illuminate/Container/Container->call(Array, Array)
#7 C:/xampp/htdocs/be-fms/api/vendor/laravel/lumen-framework/src/Concerns/RoutesRequests.php(356): Laravel/Lumen/Application->callControllerCallable(Array, Array)
#8 C:/xampp/htdocs/be-fms/api/vendor/laravel/lumen-framework/src/Concerns/RoutesRequests.php(331): Laravel/Lumen/Application->callLumenController(Object(App/Http/Controllers/UserController), 'get_user', Array)
#9 C:/xampp/htdocs/be-fms/api/vendor/laravel/lumen-framework/src/Concerns/RoutesRequests.php(284): Laravel/Lumen/Application->callControllerAction(Array)
#10 C:/xampp/htdocs/be-fms/api/vendor/laravel/lumen-framework/src/Concerns/RoutesRequests.php(264): Laravel/Lumen/Application->callActionOnArrayBasedRoute(Array)
#11 C:/xampp/htdocs/be-fms/api/vendor/laravel/lumen-framework/src/Routing/Pipeline.php(48): Laravel/Lumen/Application->Laravel/Lumen/Concerns/{closure}(Object(Laravel/Lumen/Http/Request))
#12 C:/xampp/htdocs/be-fms/api/app/Http/Middleware/Authenticate.php(74): Laravel/Lumen/Routing/Pipeline->Laravel/Lumen/Routing/{closure}(Object(Laravel/Lumen/Http/Request))
#13 C:/xampp/htdocs/be-fms/api/vendor/illuminate/pipeline/Pipeline.php(183): App/Http/Middleware/Authenticate->handle(Object(Laravel/Lumen/Http/Request), Object(Closure))
#14 C:/xampp/htdocs/be-fms/api/vendor/laravel/lumen-framework/src/Routing/Pipeline.php(30): Illuminate/Pipeline/Pipeline->Illuminate/Pipeline/{closure}(Object(Laravel/Lumen/Http/Request))
#15 C:/xampp/htdocs/be-fms/api/vendor/illuminate/pipeline/Pipeline.php(119): Laravel/Lumen/Routing/Pipeline->Laravel/Lumen/Routing/{closure}(Object(Laravel/Lumen/Http/Request))
#16 C:/xampp/htdocs/be-fms/api/vendor/laravel/lumen-framework/src/Concerns/RoutesRequests.php(428): Illuminate/Pipeline/Pipeline->then(Object(Closure))
#17 C:/xampp/htdocs/be-fms/api/vendor/laravel/lumen-framework/src/Concerns/RoutesRequests.php(263): Laravel/Lumen/Application->sendThroughPipeline(Array, Object(Closure))
#18 C:/xampp/htdocs/be-fms/api/vendor/laravel/lumen-framework/src/Concerns/RoutesRequests.php(239): Laravel/Lumen/Application->handleFoundRoute(Array)
#19 C:/xampp/htdocs/be-fms/api/vendor/laravel/lumen-framework/src/Concerns/RoutesRequests.php(174): Laravel/Lumen/Application->handleDispatcherResponse(Array)
#20 C:/xampp/htdocs/be-fms/api/vendor/laravel/lumen-framework/src/Concerns/RoutesRequests.php(431): Laravel/Lumen/Application->Laravel/Lumen/Concerns/{closure}(Object(Laravel/Lumen/Http/Request))
#21 C:/xampp/htdocs/be-fms/api/vendor/laravel/lumen-framework/src/Concerns/RoutesRequests.php(167): Laravel/Lumen/Application->sendThroughPipeline(Array, Object(Closure))
#22 C:/xampp/htdocs/be-fms/api/vendor/laravel/lumen-framework/src/Concerns/RoutesRequests.php(112): Laravel/Lumen/Application->dispatch(NULL)
#23 C:/xampp/htdocs/be-fms/api/public/index.php(28): Laravel/Lumen/Application->run()
#24 {main}
"} 
[2026-02-28 06:18:30] local.ERROR: Unable to resolve dependency [Parameter #0 [ <required> $userID ]] in class App\Http\Controllers\UserController {"exception":"[object] (Illuminate\\Contracts\\Container\\BindingResolutionException(code: 0): Unable to resolve dependency [Parameter #0 [ <required> $userID ]] in class App\\Http\\Controllers\\UserController at C:/xampp/htdocs/be-fms/api/vendor/illuminate/container/BoundMethod.php:188)
[stacktrace]
#0 C:/xampp/htdocs/be-fms/api/vendor/illuminate/container/BoundMethod.php(124): Illuminate/Container/BoundMethod::addDependencyForCallParameter(Object(Laravel/Lumen/Application), Object(ReflectionParameter), Array, Array)
#1 C:/xampp/htdocs/be-fms/api/vendor/illuminate/container/BoundMethod.php(36): Illuminate/Container/BoundMethod::getMethodDependencies(Object(Laravel/Lumen/Application), Array, Array)
#2 C:/xampp/htdocs/be-fms/api/vendor/illuminate/container/Util.php(41): Illuminate/Container/BoundMethod::Illuminate/Container/{closure}()
#3 C:/xampp/htdocs/be-fms/api/vendor/illuminate/container/BoundMethod.php(93): Illuminate/Container/Util::unwrapIfClosure(Object(Closure))
#4 C:/xampp/htdocs/be-fms/api/vendor/illuminate/container/BoundMethod.php(35): Illuminate/Container/BoundMethod::callBoundMethod(Object(Laravel/Lumen/Application), Array, Object(Closure))
#5 C:/xampp/htdocs/be-fms/api/vendor/illuminate/container/Container.php(662): Illuminate/Container/BoundMethod::call(Object(Laravel/Lumen/Application), Array, Array, NULL)
#6 C:/xampp/htdocs/be-fms/api/vendor/laravel/lumen-framework/src/Concerns/RoutesRequests.php(391): Illuminate/Container/Container->call(Array, Array)
#7 C:/xampp/htdocs/be-fms/api/vendor/laravel/lumen-framework/src/Concerns/RoutesRequests.php(356): Laravel/Lumen/Application->callControllerCallable(Array, Array)
#8 C:/xampp/htdocs/be-fms/api/vendor/laravel/lumen-framework/src/Concerns/RoutesRequests.php(331): Laravel/Lumen/Application->callLumenController(Object(App/Http/Controllers/UserController), 'get_user', Array)
#9 C:/xampp/htdocs/be-fms/api/vendor/laravel/lumen-framework/src/Concerns/RoutesRequests.php(284): Laravel/Lumen/Application->callControllerAction(Array)
#10 C:/xampp/htdocs/be-fms/api/vendor/laravel/lumen-framework/src/Concerns/RoutesRequests.php(264): Laravel/Lumen/Application->callActionOnArrayBasedRoute(Array)
#11 C:/xampp/htdocs/be-fms/api/vendor/laravel/lumen-framework/src/Routing/Pipeline.php(48): Laravel/Lumen/Application->Laravel/Lumen/Concerns/{closure}(Object(Laravel/Lumen/Http/Request))
#12 C:/xampp/htdocs/be-fms/api/app/Http/Middleware/Authenticate.php(74): Laravel/Lumen/Routing/Pipeline->Laravel/Lumen/Routing/{closure}(Object(Laravel/Lumen/Http/Request))
#13 C:/xampp/htdocs/be-fms/api/vendor/illuminate/pipeline/Pipeline.php(183): App/Http/Middleware/Authenticate->handle(Object(Laravel/Lumen/Http/Request), Object(Closure))
#14 C:/xampp/htdocs/be-fms/api/vendor/laravel/lumen-framework/src/Routing/Pipeline.php(30): Illuminate/Pipeline/Pipeline->Illuminate/Pipeline/{closure}(Object(Laravel/Lumen/Http/Request))
#15 C:/xampp/htdocs/be-fms/api/vendor/illuminate/pipeline/Pipeline.php(119): Laravel/Lumen/Routing/Pipeline->Laravel/Lumen/Routing/{closure}(Object(Laravel/Lumen/Http/Request))
#16 C:/xampp/htdocs/be-fms/api/vendor/laravel/lumen-framework/src/Concerns/RoutesRequests.php(428): Illuminate/Pipeline/Pipeline->then(Object(Closure))
#17 C:/xampp/htdocs/be-fms/api/vendor/laravel/lumen-framework/src/Concerns/RoutesRequests.php(263): Laravel/Lumen/Application->sendThroughPipeline(Array, Object(Closure))
#18 C:/xampp/htdocs/be-fms/api/vendor/laravel/lumen-framework/src/Concerns/RoutesRequests.php(239): Laravel/Lumen/Application->handleFoundRoute(Array)
#19 C:/xampp/htdocs/be-fms/api/vendor/laravel/lumen-framework/src/Concerns/RoutesRequests.php(174): Laravel/Lumen/Application->handleDispatcherResponse(Array)
#20 C:/xampp/htdocs/be-fms/api/vendor/laravel/lumen-framework/src/Concerns/RoutesRequests.php(431): Laravel/Lumen/Application->Laravel/Lumen/Concerns/{closure}(Object(Laravel/Lumen/Http/Request))
#21 C:/xampp/htdocs/be-fms/api/vendor/laravel/lumen-framework/src/Concerns/RoutesRequests.php(167): Laravel/Lumen/Application->sendThroughPipeline(Array, Object(Closure))
#22 C:/xampp/htdocs/be-fms/api/vendor/laravel/lumen-framework/src/Concerns/RoutesRequests.php(112): Laravel/Lumen/Application->dispatch(NULL)
#23 C:/xampp/htdocs/be-fms/api/public/index.php(28): Laravel/Lumen/Application->run()
#24 {main}
"} 
[2026-02-28 06:22:40] local.ERROR: Unable to resolve dependency [Parameter #1 [ <required> $userID ]] in class App\Http\Controllers\JobController {"exception":"[object] (Illuminate\\Contracts\\Container\\BindingResolutionException(code: 0): Unable to resolve dependency [Parameter #1 [ <required> $userID ]] in class App\\Http\\Controllers\\JobController at C:/xampp/htdocs/be-fms/api/vendor/illuminate/container/BoundMethod.php:188)
[stacktrace]
#0 C:/xampp/htdocs/be-fms/api/vendor/illuminate/container/BoundMethod.php(124): Illuminate/Container/BoundMethod::addDependencyForCallParameter(Object(Laravel/Lumen/Application), Object(ReflectionParameter), Array, Array)
#1 C:/xampp/htdocs/be-fms/api/vendor/illuminate/container/BoundMethod.php(36): Illuminate/Container/BoundMethod::getMethodDependencies(Object(Laravel/Lumen/Application), Array, Array)
#2 C:/xampp/htdocs/be-fms/api/vendor/illuminate/container/Util.php(41): Illuminate/Container/BoundMethod::Illuminate/Container/{closure}()
#3 C:/xampp/htdocs/be-fms/api/vendor/illuminate/container/BoundMethod.php(93): Illuminate/Container/Util::unwrapIfClosure(Object(Closure))
#4 C:/xampp/htdocs/be-fms/api/vendor/illuminate/container/BoundMethod.php(35): Illuminate/Container/BoundMethod::callBoundMethod(Object(Laravel/Lumen/Application), Array, Object(Closure))
#5 C:/xampp/htdocs/be-fms/api/vendor/illuminate/container/Container.php(662): Illuminate/Container/BoundMethod::call(Object(Laravel/Lumen/Application), Array, Array, NULL)
#6 C:/xampp/htdocs/be-fms/api/vendor/laravel/lumen-framework/src/Concerns/RoutesRequests.php(391): Illuminate/Container/Container->call(Array, Array)
#7 C:/xampp/htdocs/be-fms/api/vendor/laravel/lumen-framework/src/Concerns/RoutesRequests.php(356): Laravel/Lumen/Application->callControllerCallable(Array, Array)
#8 C:/xampp/htdocs/be-fms/api/vendor/laravel/lumen-framework/src/Concerns/RoutesRequests.php(331): Laravel/Lumen/Application->callLumenController(Object(App/Http/Controllers/JobController), 'get_job_by_user', Array)
#9 C:/xampp/htdocs/be-fms/api/vendor/laravel/lumen-framework/src/Concerns/RoutesRequests.php(284): Laravel/Lumen/Application->callControllerAction(Array)
#10 C:/xampp/htdocs/be-fms/api/vendor/laravel/lumen-framework/src/Concerns/RoutesRequests.php(264): Laravel/Lumen/Application->callActionOnArrayBasedRoute(Array)
#11 C:/xampp/htdocs/be-fms/api/vendor/laravel/lumen-framework/src/Routing/Pipeline.php(48): Laravel/Lumen/Application->Laravel/Lumen/Concerns/{closure}(Object(Laravel/Lumen/Http/Request))
#12 C:/xampp/htdocs/be-fms/api/app/Http/Middleware/Authenticate.php(74): Laravel/Lumen/Routing/Pipeline->Laravel/Lumen/Routing/{closure}(Object(Laravel/Lumen/Http/Request))
#13 C:/xampp/htdocs/be-fms/api/vendor/illuminate/pipeline/Pipeline.php(183): App/Http/Middleware/Authenticate->handle(Object(Laravel/Lumen/Http/Request), Object(Closure))
#14 C:/xampp/htdocs/be-fms/api/vendor/laravel/lumen-framework/src/Routing/Pipeline.php(30): Illuminate/Pipeline/Pipeline->Illuminate/Pipeline/{closure}(Object(Laravel/Lumen/Http/Request))
#15 C:/xampp/htdocs/be-fms/api/vendor/illuminate/pipeline/Pipeline.php(119): Laravel/Lumen/Routing/Pipeline->Laravel/Lumen/Routing/{closure}(Object(Laravel/Lumen/Http/Request))
#16 C:/xampp/htdocs/be-fms/api/vendor/laravel/lumen-framework/src/Concerns/RoutesRequests.php(428): Illuminate/Pipeline/Pipeline->then(Object(Closure))
#17 C:/xampp/htdocs/be-fms/api/vendor/laravel/lumen-framework/src/Concerns/RoutesRequests.php(263): Laravel/Lumen/Application->sendThroughPipeline(Array, Object(Closure))
#18 C:/xampp/htdocs/be-fms/api/vendor/laravel/lumen-framework/src/Concerns/RoutesRequests.php(239): Laravel/Lumen/Application->handleFoundRoute(Array)
#19 C:/xampp/htdocs/be-fms/api/vendor/laravel/lumen-framework/src/Concerns/RoutesRequests.php(174): Laravel/Lumen/Application->handleDispatcherResponse(Array)
#20 C:/xampp/htdocs/be-fms/api/vendor/laravel/lumen-framework/src/Concerns/RoutesRequests.php(431): Laravel/Lumen/Application->Laravel/Lumen/Concerns/{closure}(Object(Laravel/Lumen/Http/Request))
#21 C:/xampp/htdocs/be-fms/api/vendor/laravel/lumen-framework/src/Concerns/RoutesRequests.php(167): Laravel/Lumen/Application->sendThroughPipeline(Array, Object(Closure))
#22 C:/xampp/htdocs/be-fms/api/vendor/laravel/lumen-framework/src/Concerns/RoutesRequests.php(112): Laravel/Lumen/Application->dispatch(NULL)
#23 C:/xampp/htdocs/be-fms/api/public/index.php(28): Laravel/Lumen/Application->run()
#24 {main}
"} 
[2026-02-28 06:22:41] local.ERROR: Unable to resolve dependency [Parameter #1 [ <required> $userID ]] in class App\Http\Controllers\JobController {"exception":"[object] (Illuminate\\Contracts\\Container\\BindingResolutionException(code: 0): Unable to resolve dependency [Parameter #1 [ <required> $userID ]] in class App\\Http\\Controllers\\JobController at C:/xampp/htdocs/be-fms/api/vendor/illuminate/container/BoundMethod.php:188)
[stacktrace]
#0 C:/xampp/htdocs/be-fms/api/vendor/illuminate/container/BoundMethod.php(124): Illuminate/Container/BoundMethod::addDependencyForCallParameter(Object(Laravel/Lumen/Application), Object(ReflectionParameter), Array, Array)
#1 C:/xampp/htdocs/be-fms/api/vendor/illuminate/container/BoundMethod.php(36): Illuminate/Container/BoundMethod::getMethodDependencies(Object(Laravel/Lumen/Application), Array, Array)
#2 C:/xampp/htdocs/be-fms/api/vendor/illuminate/container/Util.php(41): Illuminate/Container/BoundMethod::Illuminate/Container/{closure}()
#3 C:/xampp/htdocs/be-fms/api/vendor/illuminate/container/BoundMethod.php(93): Illuminate/Container/Util::unwrapIfClosure(Object(Closure))
#4 C:/xampp/htdocs/be-fms/api/vendor/illuminate/container/BoundMethod.php(35): Illuminate/Container/BoundMethod::callBoundMethod(Object(Laravel/Lumen/Application), Array, Object(Closure))
#5 C:/xampp/htdocs/be-fms/api/vendor/illuminate/container/Container.php(662): Illuminate/Container/BoundMethod::call(Object(Laravel/Lumen/Application), Array, Array, NULL)
#6 C:/xampp/htdocs/be-fms/api/vendor/laravel/lumen-framework/src/Concerns/RoutesRequests.php(391): Illuminate/Container/Container->call(Array, Array)
#7 C:/xampp/htdocs/be-fms/api/vendor/laravel/lumen-framework/src/Concerns/RoutesRequests.php(356): Laravel/Lumen/Application->callControllerCallable(Array, Array)
#8 C:/xampp/htdocs/be-fms/api/vendor/laravel/lumen-framework/src/Concerns/RoutesRequests.php(331): Laravel/Lumen/Application->callLumenController(Object(App/Http/Controllers/JobController), 'get_job_by_user', Array)
#9 C:/xampp/htdocs/be-fms/api/vendor/laravel/lumen-framework/src/Concerns/RoutesRequests.php(284): Laravel/Lumen/Application->callControllerAction(Array)
#10 C:/xampp/htdocs/be-fms/api/vendor/laravel/lumen-framework/src/Concerns/RoutesRequests.php(264): Laravel/Lumen/Application->callActionOnArrayBasedRoute(Array)
#11 C:/xampp/htdocs/be-fms/api/vendor/laravel/lumen-framework/src/Routing/Pipeline.php(48): Laravel/Lumen/Application->Laravel/Lumen/Concerns/{closure}(Object(Laravel/Lumen/Http/Request))
#12 C:/xampp/htdocs/be-fms/api/app/Http/Middleware/Authenticate.php(74): Laravel/Lumen/Routing/Pipeline->Laravel/Lumen/Routing/{closure}(Object(Laravel/Lumen/Http/Request))
#13 C:/xampp/htdocs/be-fms/api/vendor/illuminate/pipeline/Pipeline.php(183): App/Http/Middleware/Authenticate->handle(Object(Laravel/Lumen/Http/Request), Object(Closure))
#14 C:/xampp/htdocs/be-fms/api/vendor/laravel/lumen-framework/src/Routing/Pipeline.php(30): Illuminate/Pipeline/Pipeline->Illuminate/Pipeline/{closure}(Object(Laravel/Lumen/Http/Request))
#15 C:/xampp/htdocs/be-fms/api/vendor/illuminate/pipeline/Pipeline.php(119): Laravel/Lumen/Routing/Pipeline->Laravel/Lumen/Routing/{closure}(Object(Laravel/Lumen/Http/Request))
#16 C:/xampp/htdocs/be-fms/api/vendor/laravel/lumen-framework/src/Concerns/RoutesRequests.php(428): Illuminate/Pipeline/Pipeline->then(Object(Closure))
#17 C:/xampp/htdocs/be-fms/api/vendor/laravel/lumen-framework/src/Concerns/RoutesRequests.php(263): Laravel/Lumen/Application->sendThroughPipeline(Array, Object(Closure))
#18 C:/xampp/htdocs/be-fms/api/vendor/laravel/lumen-framework/src/Concerns/RoutesRequests.php(239): Laravel/Lumen/Application->handleFoundRoute(Array)
#19 C:/xampp/htdocs/be-fms/api/vendor/laravel/lumen-framework/src/Concerns/RoutesRequests.php(174): Laravel/Lumen/Application->handleDispatcherResponse(Array)
#20 C:/xampp/htdocs/be-fms/api/vendor/laravel/lumen-framework/src/Concerns/RoutesRequests.php(431): Laravel/Lumen/Application->Laravel/Lumen/Concerns/{closure}(Object(Laravel/Lumen/Http/Request))
#21 C:/xampp/htdocs/be-fms/api/vendor/laravel/lumen-framework/src/Concerns/RoutesRequests.php(167): Laravel/Lumen/Application->sendThroughPipeline(Array, Object(Closure))
#22 C:/xampp/htdocs/be-fms/api/vendor/laravel/lumen-framework/src/Concerns/RoutesRequests.php(112): Laravel/Lumen/Application->dispatch(NULL)
#23 C:/xampp/htdocs/be-fms/api/public/index.php(28): Laravel/Lumen/Application->run()
#24 {main}
"} 
[2026-02-28 06:22:52] local.ERROR: Unable to resolve dependency [Parameter #0 [ <required> $userID ]] in class App\Http\Controllers\UserController {"exception":"[object] (Illuminate\\Contracts\\Container\\BindingResolutionException(code: 0): Unable to resolve dependency [Parameter #0 [ <required> $userID ]] in class App\\Http\\Controllers\\UserController at C:/xampp/htdocs/be-fms/api/vendor/illuminate/container/BoundMethod.php:188)
[stacktrace]
#0 C:/xampp/htdocs/be-fms/api/vendor/illuminate/container/BoundMethod.php(124): Illuminate/Container/BoundMethod::addDependencyForCallParameter(Object(Laravel/Lumen/Application), Object(ReflectionParameter), Array, Array)
#1 C:/xampp/htdocs/be-fms/api/vendor/illuminate/container/BoundMethod.php(36): Illuminate/Container/BoundMethod::getMethodDependencies(Object(Laravel/Lumen/Application), Array, Array)
#2 C:/xampp/htdocs/be-fms/api/vendor/illuminate/container/Util.php(41): Illuminate/Container/BoundMethod::Illuminate/Container/{closure}()
#3 C:/xampp/htdocs/be-fms/api/vendor/illuminate/container/BoundMethod.php(93): Illuminate/Container/Util::unwrapIfClosure(Object(Closure))
#4 C:/xampp/htdocs/be-fms/api/vendor/illuminate/container/BoundMethod.php(35): Illuminate/Container/BoundMethod::callBoundMethod(Object(Laravel/Lumen/Application), Array, Object(Closure))
#5 C:/xampp/htdocs/be-fms/api/vendor/illuminate/container/Container.php(662): Illuminate/Container/BoundMethod::call(Object(Laravel/Lumen/Application), Array, Array, NULL)
#6 C:/xampp/htdocs/be-fms/api/vendor/laravel/lumen-framework/src/Concerns/RoutesRequests.php(391): Illuminate/Container/Container->call(Array, Array)
#7 C:/xampp/htdocs/be-fms/api/vendor/laravel/lumen-framework/src/Concerns/RoutesRequests.php(356): Laravel/Lumen/Application->callControllerCallable(Array, Array)
#8 C:/xampp/htdocs/be-fms/api/vendor/laravel/lumen-framework/src/Concerns/RoutesRequests.php(331): Laravel/Lumen/Application->callLumenController(Object(App/Http/Controllers/UserController), 'get_user', Array)
#9 C:/xampp/htdocs/be-fms/api/vendor/laravel/lumen-framework/src/Concerns/RoutesRequests.php(284): Laravel/Lumen/Application->callControllerAction(Array)
#10 C:/xampp/htdocs/be-fms/api/vendor/laravel/lumen-framework/src/Concerns/RoutesRequests.php(264): Laravel/Lumen/Application->callActionOnArrayBasedRoute(Array)
#11 C:/xampp/htdocs/be-fms/api/vendor/laravel/lumen-framework/src/Routing/Pipeline.php(48): Laravel/Lumen/Application->Laravel/Lumen/Concerns/{closure}(Object(Laravel/Lumen/Http/Request))
#12 C:/xampp/htdocs/be-fms/api/app/Http/Middleware/Authenticate.php(74): Laravel/Lumen/Routing/Pipeline->Laravel/Lumen/Routing/{closure}(Object(Laravel/Lumen/Http/Request))
#13 C:/xampp/htdocs/be-fms/api/vendor/illuminate/pipeline/Pipeline.php(183): App/Http/Middleware/Authenticate->handle(Object(Laravel/Lumen/Http/Request), Object(Closure))
#14 C:/xampp/htdocs/be-fms/api/vendor/laravel/lumen-framework/src/Routing/Pipeline.php(30): Illuminate/Pipeline/Pipeline->Illuminate/Pipeline/{closure}(Object(Laravel/Lumen/Http/Request))
#15 C:/xampp/htdocs/be-fms/api/vendor/illuminate/pipeline/Pipeline.php(119): Laravel/Lumen/Routing/Pipeline->Laravel/Lumen/Routing/{closure}(Object(Laravel/Lumen/Http/Request))
#16 C:/xampp/htdocs/be-fms/api/vendor/laravel/lumen-framework/src/Concerns/RoutesRequests.php(428): Illuminate/Pipeline/Pipeline->then(Object(Closure))
#17 C:/xampp/htdocs/be-fms/api/vendor/laravel/lumen-framework/src/Concerns/RoutesRequests.php(263): Laravel/Lumen/Application->sendThroughPipeline(Array, Object(Closure))
#18 C:/xampp/htdocs/be-fms/api/vendor/laravel/lumen-framework/src/Concerns/RoutesRequests.php(239): Laravel/Lumen/Application->handleFoundRoute(Array)
#19 C:/xampp/htdocs/be-fms/api/vendor/laravel/lumen-framework/src/Concerns/RoutesRequests.php(174): Laravel/Lumen/Application->handleDispatcherResponse(Array)
#20 C:/xampp/htdocs/be-fms/api/vendor/laravel/lumen-framework/src/Concerns/RoutesRequests.php(431): Laravel/Lumen/Application->Laravel/Lumen/Concerns/{closure}(Object(Laravel/Lumen/Http/Request))
#21 C:/xampp/htdocs/be-fms/api/vendor/laravel/lumen-framework/src/Concerns/RoutesRequests.php(167): Laravel/Lumen/Application->sendThroughPipeline(Array, Object(Closure))
#22 C:/xampp/htdocs/be-fms/api/vendor/laravel/lumen-framework/src/Concerns/RoutesRequests.php(112): Laravel/Lumen/Application->dispatch(NULL)
#23 C:/xampp/htdocs/be-fms/api/public/index.php(28): Laravel/Lumen/Application->run()
#24 {main}
"} 
[2026-02-28 06:24:19] local.ERROR: Unable to resolve dependency [Parameter #1 [ <required> $userID ]] in class App\Http\Controllers\JobController {"exception":"[object] (Illuminate\\Contracts\\Container\\BindingResolutionException(code: 0): Unable to resolve dependency [Parameter #1 [ <required> $userID ]] in class App\\Http\\Controllers\\JobController at C:/xampp/htdocs/be-fms/api/vendor/illuminate/container/BoundMethod.php:188)
[stacktrace]
#0 C:/xampp/htdocs/be-fms/api/vendor/illuminate/container/BoundMethod.php(124): Illuminate/Container/BoundMethod::addDependencyForCallParameter(Object(Laravel/Lumen/Application), Object(ReflectionParameter), Array, Array)
#1 C:/xampp/htdocs/be-fms/api/vendor/illuminate/container/BoundMethod.php(36): Illuminate/Container/BoundMethod::getMethodDependencies(Object(Laravel/Lumen/Application), Array, Array)
#2 C:/xampp/htdocs/be-fms/api/vendor/illuminate/container/Util.php(41): Illuminate/Container/BoundMethod::Illuminate/Container/{closure}()
#3 C:/xampp/htdocs/be-fms/api/vendor/illuminate/container/BoundMethod.php(93): Illuminate/Container/Util::unwrapIfClosure(Object(Closure))
#4 C:/xampp/htdocs/be-fms/api/vendor/illuminate/container/BoundMethod.php(35): Illuminate/Container/BoundMethod::callBoundMethod(Object(Laravel/Lumen/Application), Array, Object(Closure))
#5 C:/xampp/htdocs/be-fms/api/vendor/illuminate/container/Container.php(662): Illuminate/Container/BoundMethod::call(Object(Laravel/Lumen/Application), Array, Array, NULL)
#6 C:/xampp/htdocs/be-fms/api/vendor/laravel/lumen-framework/src/Concerns/RoutesRequests.php(391): Illuminate/Container/Container->call(Array, Array)
#7 C:/xampp/htdocs/be-fms/api/vendor/laravel/lumen-framework/src/Concerns/RoutesRequests.php(356): Laravel/Lumen/Application->callControllerCallable(Array, Array)
#8 C:/xampp/htdocs/be-fms/api/vendor/laravel/lumen-framework/src/Concerns/RoutesRequests.php(331): Laravel/Lumen/Application->callLumenController(Object(App/Http/Controllers/JobController), 'get_job_by_user', Array)
#9 C:/xampp/htdocs/be-fms/api/vendor/laravel/lumen-framework/src/Concerns/RoutesRequests.php(284): Laravel/Lumen/Application->callControllerAction(Array)
#10 C:/xampp/htdocs/be-fms/api/vendor/laravel/lumen-framework/src/Concerns/RoutesRequests.php(264): Laravel/Lumen/Application->callActionOnArrayBasedRoute(Array)
#11 C:/xampp/htdocs/be-fms/api/vendor/laravel/lumen-framework/src/Routing/Pipeline.php(48): Laravel/Lumen/Application->Laravel/Lumen/Concerns/{closure}(Object(Laravel/Lumen/Http/Request))
#12 C:/xampp/htdocs/be-fms/api/app/Http/Middleware/Authenticate.php(74): Laravel/Lumen/Routing/Pipeline->Laravel/Lumen/Routing/{closure}(Object(Laravel/Lumen/Http/Request))
#13 C:/xampp/htdocs/be-fms/api/vendor/illuminate/pipeline/Pipeline.php(183): App/Http/Middleware/Authenticate->handle(Object(Laravel/Lumen/Http/Request), Object(Closure))
#14 C:/xampp/htdocs/be-fms/api/vendor/laravel/lumen-framework/src/Routing/Pipeline.php(30): Illuminate/Pipeline/Pipeline->Illuminate/Pipeline/{closure}(Object(Laravel/Lumen/Http/Request))
#15 C:/xampp/htdocs/be-fms/api/vendor/illuminate/pipeline/Pipeline.php(119): Laravel/Lumen/Routing/Pipeline->Laravel/Lumen/Routing/{closure}(Object(Laravel/Lumen/Http/Request))
#16 C:/xampp/htdocs/be-fms/api/vendor/laravel/lumen-framework/src/Concerns/RoutesRequests.php(428): Illuminate/Pipeline/Pipeline->then(Object(Closure))
#17 C:/xampp/htdocs/be-fms/api/vendor/laravel/lumen-framework/src/Concerns/RoutesRequests.php(263): Laravel/Lumen/Application->sendThroughPipeline(Array, Object(Closure))
#18 C:/xampp/htdocs/be-fms/api/vendor/laravel/lumen-framework/src/Concerns/RoutesRequests.php(239): Laravel/Lumen/Application->handleFoundRoute(Array)
#19 C:/xampp/htdocs/be-fms/api/vendor/laravel/lumen-framework/src/Concerns/RoutesRequests.php(174): Laravel/Lumen/Application->handleDispatcherResponse(Array)
#20 C:/xampp/htdocs/be-fms/api/vendor/laravel/lumen-framework/src/Concerns/RoutesRequests.php(431): Laravel/Lumen/Application->Laravel/Lumen/Concerns/{closure}(Object(Laravel/Lumen/Http/Request))
#21 C:/xampp/htdocs/be-fms/api/vendor/laravel/lumen-framework/src/Concerns/RoutesRequests.php(167): Laravel/Lumen/Application->sendThroughPipeline(Array, Object(Closure))
#22 C:/xampp/htdocs/be-fms/api/vendor/laravel/lumen-framework/src/Concerns/RoutesRequests.php(112): Laravel/Lumen/Application->dispatch(NULL)
#23 C:/xampp/htdocs/be-fms/api/public/index.php(28): Laravel/Lumen/Application->run()
#24 {main}
"} 
[2026-02-28 06:25:02] local.ERROR: Unable to resolve dependency [Parameter #1 [ <required> $userID ]] in class App\Http\Controllers\JobController {"exception":"[object] (Illuminate\\Contracts\\Container\\BindingResolutionException(code: 0): Unable to resolve dependency [Parameter #1 [ <required> $userID ]] in class App\\Http\\Controllers\\JobController at C:/xampp/htdocs/be-fms/api/vendor/illuminate/container/BoundMethod.php:188)
[stacktrace]
#0 C:/xampp/htdocs/be-fms/api/vendor/illuminate/container/BoundMethod.php(124): Illuminate/Container/BoundMethod::addDependencyForCallParameter(Object(Laravel/Lumen/Application), Object(ReflectionParameter), Array, Array)
#1 C:/xampp/htdocs/be-fms/api/vendor/illuminate/container/BoundMethod.php(36): Illuminate/Container/BoundMethod::getMethodDependencies(Object(Laravel/Lumen/Application), Array, Array)
#2 C:/xampp/htdocs/be-fms/api/vendor/illuminate/container/Util.php(41): Illuminate/Container/BoundMethod::Illuminate/Container/{closure}()
#3 C:/xampp/htdocs/be-fms/api/vendor/illuminate/container/BoundMethod.php(93): Illuminate/Container/Util::unwrapIfClosure(Object(Closure))
#4 C:/xampp/htdocs/be-fms/api/vendor/illuminate/container/BoundMethod.php(35): Illuminate/Container/BoundMethod::callBoundMethod(Object(Laravel/Lumen/Application), Array, Object(Closure))
#5 C:/xampp/htdocs/be-fms/api/vendor/illuminate/container/Container.php(662): Illuminate/Container/BoundMethod::call(Object(Laravel/Lumen/Application), Array, Array, NULL)
#6 C:/xampp/htdocs/be-fms/api/vendor/laravel/lumen-framework/src/Concerns/RoutesRequests.php(391): Illuminate/Container/Container->call(Array, Array)
#7 C:/xampp/htdocs/be-fms/api/vendor/laravel/lumen-framework/src/Concerns/RoutesRequests.php(356): Laravel/Lumen/Application->callControllerCallable(Array, Array)
#8 C:/xampp/htdocs/be-fms/api/vendor/laravel/lumen-framework/src/Concerns/RoutesRequests.php(331): Laravel/Lumen/Application->callLumenController(Object(App/Http/Controllers/JobController), 'get_job_by_user', Array)
#9 C:/xampp/htdocs/be-fms/api/vendor/laravel/lumen-framework/src/Concerns/RoutesRequests.php(284): Laravel/Lumen/Application->callControllerAction(Array)
#10 C:/xampp/htdocs/be-fms/api/vendor/laravel/lumen-framework/src/Concerns/RoutesRequests.php(264): Laravel/Lumen/Application->callActionOnArrayBasedRoute(Array)
#11 C:/xampp/htdocs/be-fms/api/vendor/laravel/lumen-framework/src/Routing/Pipeline.php(48): Laravel/Lumen/Application->Laravel/Lumen/Concerns/{closure}(Object(Laravel/Lumen/Http/Request))
#12 C:/xampp/htdocs/be-fms/api/app/Http/Middleware/Authenticate.php(74): Laravel/Lumen/Routing/Pipeline->Laravel/Lumen/Routing/{closure}(Object(Laravel/Lumen/Http/Request))
#13 C:/xampp/htdocs/be-fms/api/vendor/illuminate/pipeline/Pipeline.php(183): App/Http/Middleware/Authenticate->handle(Object(Laravel/Lumen/Http/Request), Object(Closure))
#14 C:/xampp/htdocs/be-fms/api/vendor/laravel/lumen-framework/src/Routing/Pipeline.php(30): Illuminate/Pipeline/Pipeline->Illuminate/Pipeline/{closure}(Object(Laravel/Lumen/Http/Request))
#15 C:/xampp/htdocs/be-fms/api/vendor/illuminate/pipeline/Pipeline.php(119): Laravel/Lumen/Routing/Pipeline->Laravel/Lumen/Routing/{closure}(Object(Laravel/Lumen/Http/Request))
#16 C:/xampp/htdocs/be-fms/api/vendor/laravel/lumen-framework/src/Concerns/RoutesRequests.php(428): Illuminate/Pipeline/Pipeline->then(Object(Closure))
#17 C:/xampp/htdocs/be-fms/api/vendor/laravel/lumen-framework/src/Concerns/RoutesRequests.php(263): Laravel/Lumen/Application->sendThroughPipeline(Array, Object(Closure))
#18 C:/xampp/htdocs/be-fms/api/vendor/laravel/lumen-framework/src/Concerns/RoutesRequests.php(239): Laravel/Lumen/Application->handleFoundRoute(Array)
#19 C:/xampp/htdocs/be-fms/api/vendor/laravel/lumen-framework/src/Concerns/RoutesRequests.php(174): Laravel/Lumen/Application->handleDispatcherResponse(Array)
#20 C:/xampp/htdocs/be-fms/api/vendor/laravel/lumen-framework/src/Concerns/RoutesRequests.php(431): Laravel/Lumen/Application->Laravel/Lumen/Concerns/{closure}(Object(Laravel/Lumen/Http/Request))
#21 C:/xampp/htdocs/be-fms/api/vendor/laravel/lumen-framework/src/Concerns/RoutesRequests.php(167): Laravel/Lumen/Application->sendThroughPipeline(Array, Object(Closure))
#22 C:/xampp/htdocs/be-fms/api/vendor/laravel/lumen-framework/src/Concerns/RoutesRequests.php(112): Laravel/Lumen/Application->dispatch(NULL)
#23 C:/xampp/htdocs/be-fms/api/public/index.php(28): Laravel/Lumen/Application->run()
#24 {main}
"} 
[2026-02-28 06:26:36] local.ERROR: Unable to resolve dependency [Parameter #1 [ <required> $userID ]] in class App\Http\Controllers\JobController {"exception":"[object] (Illuminate\\Contracts\\Container\\BindingResolutionException(code: 0): Unable to resolve dependency [Parameter #1 [ <required> $userID ]] in class App\\Http\\Controllers\\JobController at C:/xampp/htdocs/be-fms/api/vendor/illuminate/container/BoundMethod.php:188)
[stacktrace]
#0 C:/xampp/htdocs/be-fms/api/vendor/illuminate/container/BoundMethod.php(124): Illuminate/Container/BoundMethod::addDependencyForCallParameter(Object(Laravel/Lumen/Application), Object(ReflectionParameter), Array, Array)
#1 C:/xampp/htdocs/be-fms/api/vendor/illuminate/container/BoundMethod.php(36): Illuminate/Container/BoundMethod::getMethodDependencies(Object(Laravel/Lumen/Application), Array, Array)
#2 C:/xampp/htdocs/be-fms/api/vendor/illuminate/container/Util.php(41): Illuminate/Container/BoundMethod::Illuminate/Container/{closure}()
#3 C:/xampp/htdocs/be-fms/api/vendor/illuminate/container/BoundMethod.php(93): Illuminate/Container/Util::unwrapIfClosure(Object(Closure))
#4 C:/xampp/htdocs/be-fms/api/vendor/illuminate/container/BoundMethod.php(35): Illuminate/Container/BoundMethod::callBoundMethod(Object(Laravel/Lumen/Application), Array, Object(Closure))
#5 C:/xampp/htdocs/be-fms/api/vendor/illuminate/container/Container.php(662): Illuminate/Container/BoundMethod::call(Object(Laravel/Lumen/Application), Array, Array, NULL)
#6 C:/xampp/htdocs/be-fms/api/vendor/laravel/lumen-framework/src/Concerns/RoutesRequests.php(391): Illuminate/Container/Container->call(Array, Array)
#7 C:/xampp/htdocs/be-fms/api/vendor/laravel/lumen-framework/src/Concerns/RoutesRequests.php(356): Laravel/Lumen/Application->callControllerCallable(Array, Array)
#8 C:/xampp/htdocs/be-fms/api/vendor/laravel/lumen-framework/src/Concerns/RoutesRequests.php(331): Laravel/Lumen/Application->callLumenController(Object(App/Http/Controllers/JobController), 'get_job_by_user', Array)
#9 C:/xampp/htdocs/be-fms/api/vendor/laravel/lumen-framework/src/Concerns/RoutesRequests.php(284): Laravel/Lumen/Application->callControllerAction(Array)
#10 C:/xampp/htdocs/be-fms/api/vendor/laravel/lumen-framework/src/Concerns/RoutesRequests.php(264): Laravel/Lumen/Application->callActionOnArrayBasedRoute(Array)
#11 C:/xampp/htdocs/be-fms/api/vendor/laravel/lumen-framework/src/Routing/Pipeline.php(48): Laravel/Lumen/Application->Laravel/Lumen/Concerns/{closure}(Object(Laravel/Lumen/Http/Request))
#12 C:/xampp/htdocs/be-fms/api/app/Http/Middleware/Authenticate.php(74): Laravel/Lumen/Routing/Pipeline->Laravel/Lumen/Routing/{closure}(Object(Laravel/Lumen/Http/Request))
#13 C:/xampp/htdocs/be-fms/api/vendor/illuminate/pipeline/Pipeline.php(183): App/Http/Middleware/Authenticate->handle(Object(Laravel/Lumen/Http/Request), Object(Closure))
#14 C:/xampp/htdocs/be-fms/api/vendor/laravel/lumen-framework/src/Routing/Pipeline.php(30): Illuminate/Pipeline/Pipeline->Illuminate/Pipeline/{closure}(Object(Laravel/Lumen/Http/Request))
#15 C:/xampp/htdocs/be-fms/api/vendor/illuminate/pipeline/Pipeline.php(119): Laravel/Lumen/Routing/Pipeline->Laravel/Lumen/Routing/{closure}(Object(Laravel/Lumen/Http/Request))
#16 C:/xampp/htdocs/be-fms/api/vendor/laravel/lumen-framework/src/Concerns/RoutesRequests.php(428): Illuminate/Pipeline/Pipeline->then(Object(Closure))
#17 C:/xampp/htdocs/be-fms/api/vendor/laravel/lumen-framework/src/Concerns/RoutesRequests.php(263): Laravel/Lumen/Application->sendThroughPipeline(Array, Object(Closure))
#18 C:/xampp/htdocs/be-fms/api/vendor/laravel/lumen-framework/src/Concerns/RoutesRequests.php(239): Laravel/Lumen/Application->handleFoundRoute(Array)
#19 C:/xampp/htdocs/be-fms/api/vendor/laravel/lumen-framework/src/Concerns/RoutesRequests.php(174): Laravel/Lumen/Application->handleDispatcherResponse(Array)
#20 C:/xampp/htdocs/be-fms/api/vendor/laravel/lumen-framework/src/Concerns/RoutesRequests.php(431): Laravel/Lumen/Application->Laravel/Lumen/Concerns/{closure}(Object(Laravel/Lumen/Http/Request))
#21 C:/xampp/htdocs/be-fms/api/vendor/laravel/lumen-framework/src/Concerns/RoutesRequests.php(167): Laravel/Lumen/Application->sendThroughPipeline(Array, Object(Closure))
#22 C:/xampp/htdocs/be-fms/api/vendor/laravel/lumen-framework/src/Concerns/RoutesRequests.php(112): Laravel/Lumen/Application->dispatch(NULL)
#23 C:/xampp/htdocs/be-fms/api/public/index.php(28): Laravel/Lumen/Application->run()
#24 {main}
"} 
[2026-02-28 06:26:40] local.ERROR: Unable to resolve dependency [Parameter #1 [ <required> $userID ]] in class App\Http\Controllers\JobController {"exception":"[object] (Illuminate\\Contracts\\Container\\BindingResolutionException(code: 0): Unable to resolve dependency [Parameter #1 [ <required> $userID ]] in class App\\Http\\Controllers\\JobController at C:/xampp/htdocs/be-fms/api/vendor/illuminate/container/BoundMethod.php:188)
[stacktrace]
#0 C:/xampp/htdocs/be-fms/api/vendor/illuminate/container/BoundMethod.php(124): Illuminate/Container/BoundMethod::addDependencyForCallParameter(Object(Laravel/Lumen/Application), Object(ReflectionParameter), Array, Array)
#1 C:/xampp/htdocs/be-fms/api/vendor/illuminate/container/BoundMethod.php(36): Illuminate/Container/BoundMethod::getMethodDependencies(Object(Laravel/Lumen/Application), Array, Array)
#2 C:/xampp/htdocs/be-fms/api/vendor/illuminate/container/Util.php(41): Illuminate/Container/BoundMethod::Illuminate/Container/{closure}()
#3 C:/xampp/htdocs/be-fms/api/vendor/illuminate/container/BoundMethod.php(93): Illuminate/Container/Util::unwrapIfClosure(Object(Closure))
#4 C:/xampp/htdocs/be-fms/api/vendor/illuminate/container/BoundMethod.php(35): Illuminate/Container/BoundMethod::callBoundMethod(Object(Laravel/Lumen/Application), Array, Object(Closure))
#5 C:/xampp/htdocs/be-fms/api/vendor/illuminate/container/Container.php(662): Illuminate/Container/BoundMethod::call(Object(Laravel/Lumen/Application), Array, Array, NULL)
#6 C:/xampp/htdocs/be-fms/api/vendor/laravel/lumen-framework/src/Concerns/RoutesRequests.php(391): Illuminate/Container/Container->call(Array, Array)
#7 C:/xampp/htdocs/be-fms/api/vendor/laravel/lumen-framework/src/Concerns/RoutesRequests.php(356): Laravel/Lumen/Application->callControllerCallable(Array, Array)
#8 C:/xampp/htdocs/be-fms/api/vendor/laravel/lumen-framework/src/Concerns/RoutesRequests.php(331): Laravel/Lumen/Application->callLumenController(Object(App/Http/Controllers/JobController), 'get_job_by_user', Array)
#9 C:/xampp/htdocs/be-fms/api/vendor/laravel/lumen-framework/src/Concerns/RoutesRequests.php(284): Laravel/Lumen/Application->callControllerAction(Array)
#10 C:/xampp/htdocs/be-fms/api/vendor/laravel/lumen-framework/src/Concerns/RoutesRequests.php(264): Laravel/Lumen/Application->callActionOnArrayBasedRoute(Array)
#11 C:/xampp/htdocs/be-fms/api/vendor/laravel/lumen-framework/src/Routing/Pipeline.php(48): Laravel/Lumen/Application->Laravel/Lumen/Concerns/{closure}(Object(Laravel/Lumen/Http/Request))
#12 C:/xampp/htdocs/be-fms/api/app/Http/Middleware/Authenticate.php(74): Laravel/Lumen/Routing/Pipeline->Laravel/Lumen/Routing/{closure}(Object(Laravel/Lumen/Http/Request))
#13 C:/xampp/htdocs/be-fms/api/vendor/illuminate/pipeline/Pipeline.php(183): App/Http/Middleware/Authenticate->handle(Object(Laravel/Lumen/Http/Request), Object(Closure))
#14 C:/xampp/htdocs/be-fms/api/vendor/laravel/lumen-framework/src/Routing/Pipeline.php(30): Illuminate/Pipeline/Pipeline->Illuminate/Pipeline/{closure}(Object(Laravel/Lumen/Http/Request))
#15 C:/xampp/htdocs/be-fms/api/vendor/illuminate/pipeline/Pipeline.php(119): Laravel/Lumen/Routing/Pipeline->Laravel/Lumen/Routing/{closure}(Object(Laravel/Lumen/Http/Request))
#16 C:/xampp/htdocs/be-fms/api/vendor/laravel/lumen-framework/src/Concerns/RoutesRequests.php(428): Illuminate/Pipeline/Pipeline->then(Object(Closure))
#17 C:/xampp/htdocs/be-fms/api/vendor/laravel/lumen-framework/src/Concerns/RoutesRequests.php(263): Laravel/Lumen/Application->sendThroughPipeline(Array, Object(Closure))
#18 C:/xampp/htdocs/be-fms/api/vendor/laravel/lumen-framework/src/Concerns/RoutesRequests.php(239): Laravel/Lumen/Application->handleFoundRoute(Array)
#19 C:/xampp/htdocs/be-fms/api/vendor/laravel/lumen-framework/src/Concerns/RoutesRequests.php(174): Laravel/Lumen/Application->handleDispatcherResponse(Array)
#20 C:/xampp/htdocs/be-fms/api/vendor/laravel/lumen-framework/src/Concerns/RoutesRequests.php(431): Laravel/Lumen/Application->Laravel/Lumen/Concerns/{closure}(Object(Laravel/Lumen/Http/Request))
#21 C:/xampp/htdocs/be-fms/api/vendor/laravel/lumen-framework/src/Concerns/RoutesRequests.php(167): Laravel/Lumen/Application->sendThroughPipeline(Array, Object(Closure))
#22 C:/xampp/htdocs/be-fms/api/vendor/laravel/lumen-framework/src/Concerns/RoutesRequests.php(112): Laravel/Lumen/Application->dispatch(NULL)
#23 C:/xampp/htdocs/be-fms/api/public/index.php(28): Laravel/Lumen/Application->run()
#24 {main}
"} 
[2026-02-28 06:26:58] local.ERROR: Unable to resolve dependency [Parameter #1 [ <required> $userID ]] in class App\Http\Controllers\JobController {"exception":"[object] (Illuminate\\Contracts\\Container\\BindingResolutionException(code: 0): Unable to resolve dependency [Parameter #1 [ <required> $userID ]] in class App\\Http\\Controllers\\JobController at C:/xampp/htdocs/be-fms/api/vendor/illuminate/container/BoundMethod.php:188)
[stacktrace]
#0 C:/xampp/htdocs/be-fms/api/vendor/illuminate/container/BoundMethod.php(124): Illuminate/Container/BoundMethod::addDependencyForCallParameter(Object(Laravel/Lumen/Application), Object(ReflectionParameter), Array, Array)
#1 C:/xampp/htdocs/be-fms/api/vendor/illuminate/container/BoundMethod.php(36): Illuminate/Container/BoundMethod::getMethodDependencies(Object(Laravel/Lumen/Application), Array, Array)
#2 C:/xampp/htdocs/be-fms/api/vendor/illuminate/container/Util.php(41): Illuminate/Container/BoundMethod::Illuminate/Container/{closure}()
#3 C:/xampp/htdocs/be-fms/api/vendor/illuminate/container/BoundMethod.php(93): Illuminate/Container/Util::unwrapIfClosure(Object(Closure))
#4 C:/xampp/htdocs/be-fms/api/vendor/illuminate/container/BoundMethod.php(35): Illuminate/Container/BoundMethod::callBoundMethod(Object(Laravel/Lumen/Application), Array, Object(Closure))
#5 C:/xampp/htdocs/be-fms/api/vendor/illuminate/container/Container.php(662): Illuminate/Container/BoundMethod::call(Object(Laravel/Lumen/Application), Array, Array, NULL)
#6 C:/xampp/htdocs/be-fms/api/vendor/laravel/lumen-framework/src/Concerns/RoutesRequests.php(391): Illuminate/Container/Container->call(Array, Array)
#7 C:/xampp/htdocs/be-fms/api/vendor/laravel/lumen-framework/src/Concerns/RoutesRequests.php(356): Laravel/Lumen/Application->callControllerCallable(Array, Array)
#8 C:/xampp/htdocs/be-fms/api/vendor/laravel/lumen-framework/src/Concerns/RoutesRequests.php(331): Laravel/Lumen/Application->callLumenController(Object(App/Http/Controllers/JobController), 'get_job_by_user', Array)
#9 C:/xampp/htdocs/be-fms/api/vendor/laravel/lumen-framework/src/Concerns/RoutesRequests.php(284): Laravel/Lumen/Application->callControllerAction(Array)
#10 C:/xampp/htdocs/be-fms/api/vendor/laravel/lumen-framework/src/Concerns/RoutesRequests.php(264): Laravel/Lumen/Application->callActionOnArrayBasedRoute(Array)
#11 C:/xampp/htdocs/be-fms/api/vendor/laravel/lumen-framework/src/Routing/Pipeline.php(48): Laravel/Lumen/Application->Laravel/Lumen/Concerns/{closure}(Object(Laravel/Lumen/Http/Request))
#12 C:/xampp/htdocs/be-fms/api/app/Http/Middleware/Authenticate.php(74): Laravel/Lumen/Routing/Pipeline->Laravel/Lumen/Routing/{closure}(Object(Laravel/Lumen/Http/Request))
#13 C:/xampp/htdocs/be-fms/api/vendor/illuminate/pipeline/Pipeline.php(183): App/Http/Middleware/Authenticate->handle(Object(Laravel/Lumen/Http/Request), Object(Closure))
#14 C:/xampp/htdocs/be-fms/api/vendor/laravel/lumen-framework/src/Routing/Pipeline.php(30): Illuminate/Pipeline/Pipeline->Illuminate/Pipeline/{closure}(Object(Laravel/Lumen/Http/Request))
#15 C:/xampp/htdocs/be-fms/api/vendor/illuminate/pipeline/Pipeline.php(119): Laravel/Lumen/Routing/Pipeline->Laravel/Lumen/Routing/{closure}(Object(Laravel/Lumen/Http/Request))
#16 C:/xampp/htdocs/be-fms/api/vendor/laravel/lumen-framework/src/Concerns/RoutesRequests.php(428): Illuminate/Pipeline/Pipeline->then(Object(Closure))
#17 C:/xampp/htdocs/be-fms/api/vendor/laravel/lumen-framework/src/Concerns/RoutesRequests.php(263): Laravel/Lumen/Application->sendThroughPipeline(Array, Object(Closure))
#18 C:/xampp/htdocs/be-fms/api/vendor/laravel/lumen-framework/src/Concerns/RoutesRequests.php(239): Laravel/Lumen/Application->handleFoundRoute(Array)
#19 C:/xampp/htdocs/be-fms/api/vendor/laravel/lumen-framework/src/Concerns/RoutesRequests.php(174): Laravel/Lumen/Application->handleDispatcherResponse(Array)
#20 C:/xampp/htdocs/be-fms/api/vendor/laravel/lumen-framework/src/Concerns/RoutesRequests.php(431): Laravel/Lumen/Application->Laravel/Lumen/Concerns/{closure}(Object(Laravel/Lumen/Http/Request))
#21 C:/xampp/htdocs/be-fms/api/vendor/laravel/lumen-framework/src/Concerns/RoutesRequests.php(167): Laravel/Lumen/Application->sendThroughPipeline(Array, Object(Closure))
#22 C:/xampp/htdocs/be-fms/api/vendor/laravel/lumen-framework/src/Concerns/RoutesRequests.php(112): Laravel/Lumen/Application->dispatch(NULL)
#23 C:/xampp/htdocs/be-fms/api/public/index.php(28): Laravel/Lumen/Application->run()
#24 {main}
"} 
[2026-02-28 06:27:20] local.ERROR: Unable to resolve dependency [Parameter #1 [ <required> $userID ]] in class App\Http\Controllers\JobController {"exception":"[object] (Illuminate\\Contracts\\Container\\BindingResolutionException(code: 0): Unable to resolve dependency [Parameter #1 [ <required> $userID ]] in class App\\Http\\Controllers\\JobController at C:/xampp/htdocs/be-fms/api/vendor/illuminate/container/BoundMethod.php:188)
[stacktrace]
#0 C:/xampp/htdocs/be-fms/api/vendor/illuminate/container/BoundMethod.php(124): Illuminate/Container/BoundMethod::addDependencyForCallParameter(Object(Laravel/Lumen/Application), Object(ReflectionParameter), Array, Array)
#1 C:/xampp/htdocs/be-fms/api/vendor/illuminate/container/BoundMethod.php(36): Illuminate/Container/BoundMethod::getMethodDependencies(Object(Laravel/Lumen/Application), Array, Array)
#2 C:/xampp/htdocs/be-fms/api/vendor/illuminate/container/Util.php(41): Illuminate/Container/BoundMethod::Illuminate/Container/{closure}()
#3 C:/xampp/htdocs/be-fms/api/vendor/illuminate/container/BoundMethod.php(93): Illuminate/Container/Util::unwrapIfClosure(Object(Closure))
#4 C:/xampp/htdocs/be-fms/api/vendor/illuminate/container/BoundMethod.php(35): Illuminate/Container/BoundMethod::callBoundMethod(Object(Laravel/Lumen/Application), Array, Object(Closure))
#5 C:/xampp/htdocs/be-fms/api/vendor/illuminate/container/Container.php(662): Illuminate/Container/BoundMethod::call(Object(Laravel/Lumen/Application), Array, Array, NULL)
#6 C:/xampp/htdocs/be-fms/api/vendor/laravel/lumen-framework/src/Concerns/RoutesRequests.php(391): Illuminate/Container/Container->call(Array, Array)
#7 C:/xampp/htdocs/be-fms/api/vendor/laravel/lumen-framework/src/Concerns/RoutesRequests.php(356): Laravel/Lumen/Application->callControllerCallable(Array, Array)
#8 C:/xampp/htdocs/be-fms/api/vendor/laravel/lumen-framework/src/Concerns/RoutesRequests.php(331): Laravel/Lumen/Application->callLumenController(Object(App/Http/Controllers/JobController), 'get_job_by_user', Array)
#9 C:/xampp/htdocs/be-fms/api/vendor/laravel/lumen-framework/src/Concerns/RoutesRequests.php(284): Laravel/Lumen/Application->callControllerAction(Array)
#10 C:/xampp/htdocs/be-fms/api/vendor/laravel/lumen-framework/src/Concerns/RoutesRequests.php(264): Laravel/Lumen/Application->callActionOnArrayBasedRoute(Array)
#11 C:/xampp/htdocs/be-fms/api/vendor/laravel/lumen-framework/src/Routing/Pipeline.php(48): Laravel/Lumen/Application->Laravel/Lumen/Concerns/{closure}(Object(Laravel/Lumen/Http/Request))
#12 C:/xampp/htdocs/be-fms/api/app/Http/Middleware/Authenticate.php(74): Laravel/Lumen/Routing/Pipeline->Laravel/Lumen/Routing/{closure}(Object(Laravel/Lumen/Http/Request))
#13 C:/xampp/htdocs/be-fms/api/vendor/illuminate/pipeline/Pipeline.php(183): App/Http/Middleware/Authenticate->handle(Object(Laravel/Lumen/Http/Request), Object(Closure))
#14 C:/xampp/htdocs/be-fms/api/vendor/laravel/lumen-framework/src/Routing/Pipeline.php(30): Illuminate/Pipeline/Pipeline->Illuminate/Pipeline/{closure}(Object(Laravel/Lumen/Http/Request))
#15 C:/xampp/htdocs/be-fms/api/vendor/illuminate/pipeline/Pipeline.php(119): Laravel/Lumen/Routing/Pipeline->Laravel/Lumen/Routing/{closure}(Object(Laravel/Lumen/Http/Request))
#16 C:/xampp/htdocs/be-fms/api/vendor/laravel/lumen-framework/src/Concerns/RoutesRequests.php(428): Illuminate/Pipeline/Pipeline->then(Object(Closure))
#17 C:/xampp/htdocs/be-fms/api/vendor/laravel/lumen-framework/src/Concerns/RoutesRequests.php(263): Laravel/Lumen/Application->sendThroughPipeline(Array, Object(Closure))
#18 C:/xampp/htdocs/be-fms/api/vendor/laravel/lumen-framework/src/Concerns/RoutesRequests.php(239): Laravel/Lumen/Application->handleFoundRoute(Array)
#19 C:/xampp/htdocs/be-fms/api/vendor/laravel/lumen-framework/src/Concerns/RoutesRequests.php(174): Laravel/Lumen/Application->handleDispatcherResponse(Array)
#20 C:/xampp/htdocs/be-fms/api/vendor/laravel/lumen-framework/src/Concerns/RoutesRequests.php(431): Laravel/Lumen/Application->Laravel/Lumen/Concerns/{closure}(Object(Laravel/Lumen/Http/Request))
#21 C:/xampp/htdocs/be-fms/api/vendor/laravel/lumen-framework/src/Concerns/RoutesRequests.php(167): Laravel/Lumen/Application->sendThroughPipeline(Array, Object(Closure))
#22 C:/xampp/htdocs/be-fms/api/vendor/laravel/lumen-framework/src/Concerns/RoutesRequests.php(112): Laravel/Lumen/Application->dispatch(NULL)
#23 C:/xampp/htdocs/be-fms/api/public/index.php(28): Laravel/Lumen/Application->run()
#24 {main}
"} 
[2026-02-28 06:28:23] local.ERROR: Unable to resolve dependency [Parameter #1 [ <required> $userID ]] in class App\Http\Controllers\JobController {"exception":"[object] (Illuminate\\Contracts\\Container\\BindingResolutionException(code: 0): Unable to resolve dependency [Parameter #1 [ <required> $userID ]] in class App\\Http\\Controllers\\JobController at C:/xampp/htdocs/be-fms/api/vendor/illuminate/container/BoundMethod.php:188)
[stacktrace]
#0 C:/xampp/htdocs/be-fms/api/vendor/illuminate/container/BoundMethod.php(124): Illuminate/Container/BoundMethod::addDependencyForCallParameter(Object(Laravel/Lumen/Application), Object(ReflectionParameter), Array, Array)
#1 C:/xampp/htdocs/be-fms/api/vendor/illuminate/container/BoundMethod.php(36): Illuminate/Container/BoundMethod::getMethodDependencies(Object(Laravel/Lumen/Application), Array, Array)
#2 C:/xampp/htdocs/be-fms/api/vendor/illuminate/container/Util.php(41): Illuminate/Container/BoundMethod::Illuminate/Container/{closure}()
#3 C:/xampp/htdocs/be-fms/api/vendor/illuminate/container/BoundMethod.php(93): Illuminate/Container/Util::unwrapIfClosure(Object(Closure))
#4 C:/xampp/htdocs/be-fms/api/vendor/illuminate/container/BoundMethod.php(35): Illuminate/Container/BoundMethod::callBoundMethod(Object(Laravel/Lumen/Application), Array, Object(Closure))
#5 C:/xampp/htdocs/be-fms/api/vendor/illuminate/container/Container.php(662): Illuminate/Container/BoundMethod::call(Object(Laravel/Lumen/Application), Array, Array, NULL)
#6 C:/xampp/htdocs/be-fms/api/vendor/laravel/lumen-framework/src/Concerns/RoutesRequests.php(391): Illuminate/Container/Container->call(Array, Array)
#7 C:/xampp/htdocs/be-fms/api/vendor/laravel/lumen-framework/src/Concerns/RoutesRequests.php(356): Laravel/Lumen/Application->callControllerCallable(Array, Array)
#8 C:/xampp/htdocs/be-fms/api/vendor/laravel/lumen-framework/src/Concerns/RoutesRequests.php(331): Laravel/Lumen/Application->callLumenController(Object(App/Http/Controllers/JobController), 'get_job_by_user', Array)
#9 C:/xampp/htdocs/be-fms/api/vendor/laravel/lumen-framework/src/Concerns/RoutesRequests.php(284): Laravel/Lumen/Application->callControllerAction(Array)
#10 C:/xampp/htdocs/be-fms/api/vendor/laravel/lumen-framework/src/Concerns/RoutesRequests.php(264): Laravel/Lumen/Application->callActionOnArrayBasedRoute(Array)
#11 C:/xampp/htdocs/be-fms/api/vendor/laravel/lumen-framework/src/Routing/Pipeline.php(48): Laravel/Lumen/Application->Laravel/Lumen/Concerns/{closure}(Object(Laravel/Lumen/Http/Request))
#12 C:/xampp/htdocs/be-fms/api/app/Http/Middleware/Authenticate.php(74): Laravel/Lumen/Routing/Pipeline->Laravel/Lumen/Routing/{closure}(Object(Laravel/Lumen/Http/Request))
#13 C:/xampp/htdocs/be-fms/api/vendor/illuminate/pipeline/Pipeline.php(183): App/Http/Middleware/Authenticate->handle(Object(Laravel/Lumen/Http/Request), Object(Closure))
#14 C:/xampp/htdocs/be-fms/api/vendor/laravel/lumen-framework/src/Routing/Pipeline.php(30): Illuminate/Pipeline/Pipeline->Illuminate/Pipeline/{closure}(Object(Laravel/Lumen/Http/Request))
#15 C:/xampp/htdocs/be-fms/api/vendor/illuminate/pipeline/Pipeline.php(119): Laravel/Lumen/Routing/Pipeline->Laravel/Lumen/Routing/{closure}(Object(Laravel/Lumen/Http/Request))
#16 C:/xampp/htdocs/be-fms/api/vendor/laravel/lumen-framework/src/Concerns/RoutesRequests.php(428): Illuminate/Pipeline/Pipeline->then(Object(Closure))
#17 C:/xampp/htdocs/be-fms/api/vendor/laravel/lumen-framework/src/Concerns/RoutesRequests.php(263): Laravel/Lumen/Application->sendThroughPipeline(Array, Object(Closure))
#18 C:/xampp/htdocs/be-fms/api/vendor/laravel/lumen-framework/src/Concerns/RoutesRequests.php(239): Laravel/Lumen/Application->handleFoundRoute(Array)
#19 C:/xampp/htdocs/be-fms/api/vendor/laravel/lumen-framework/src/Concerns/RoutesRequests.php(174): Laravel/Lumen/Application->handleDispatcherResponse(Array)
#20 C:/xampp/htdocs/be-fms/api/vendor/laravel/lumen-framework/src/Concerns/RoutesRequests.php(431): Laravel/Lumen/Application->Laravel/Lumen/Concerns/{closure}(Object(Laravel/Lumen/Http/Request))
#21 C:/xampp/htdocs/be-fms/api/vendor/laravel/lumen-framework/src/Concerns/RoutesRequests.php(167): Laravel/Lumen/Application->sendThroughPipeline(Array, Object(Closure))
#22 C:/xampp/htdocs/be-fms/api/vendor/laravel/lumen-framework/src/Concerns/RoutesRequests.php(112): Laravel/Lumen/Application->dispatch(NULL)
#23 C:/xampp/htdocs/be-fms/api/public/index.php(28): Laravel/Lumen/Application->run()
#24 {main}
"} 
[2026-02-28 06:28:27] local.ERROR: Unable to resolve dependency [Parameter #1 [ <required> $userID ]] in class App\Http\Controllers\JobController {"exception":"[object] (Illuminate\\Contracts\\Container\\BindingResolutionException(code: 0): Unable to resolve dependency [Parameter #1 [ <required> $userID ]] in class App\\Http\\Controllers\\JobController at C:/xampp/htdocs/be-fms/api/vendor/illuminate/container/BoundMethod.php:188)
[stacktrace]
#0 C:/xampp/htdocs/be-fms/api/vendor/illuminate/container/BoundMethod.php(124): Illuminate/Container/BoundMethod::addDependencyForCallParameter(Object(Laravel/Lumen/Application), Object(ReflectionParameter), Array, Array)
#1 C:/xampp/htdocs/be-fms/api/vendor/illuminate/container/BoundMethod.php(36): Illuminate/Container/BoundMethod::getMethodDependencies(Object(Laravel/Lumen/Application), Array, Array)
#2 C:/xampp/htdocs/be-fms/api/vendor/illuminate/container/Util.php(41): Illuminate/Container/BoundMethod::Illuminate/Container/{closure}()
#3 C:/xampp/htdocs/be-fms/api/vendor/illuminate/container/BoundMethod.php(93): Illuminate/Container/Util::unwrapIfClosure(Object(Closure))
#4 C:/xampp/htdocs/be-fms/api/vendor/illuminate/container/BoundMethod.php(35): Illuminate/Container/BoundMethod::callBoundMethod(Object(Laravel/Lumen/Application), Array, Object(Closure))
#5 C:/xampp/htdocs/be-fms/api/vendor/illuminate/container/Container.php(662): Illuminate/Container/BoundMethod::call(Object(Laravel/Lumen/Application), Array, Array, NULL)
#6 C:/xampp/htdocs/be-fms/api/vendor/laravel/lumen-framework/src/Concerns/RoutesRequests.php(391): Illuminate/Container/Container->call(Array, Array)
#7 C:/xampp/htdocs/be-fms/api/vendor/laravel/lumen-framework/src/Concerns/RoutesRequests.php(356): Laravel/Lumen/Application->callControllerCallable(Array, Array)
#8 C:/xampp/htdocs/be-fms/api/vendor/laravel/lumen-framework/src/Concerns/RoutesRequests.php(331): Laravel/Lumen/Application->callLumenController(Object(App/Http/Controllers/JobController), 'get_job_by_user', Array)
#9 C:/xampp/htdocs/be-fms/api/vendor/laravel/lumen-framework/src/Concerns/RoutesRequests.php(284): Laravel/Lumen/Application->callControllerAction(Array)
#10 C:/xampp/htdocs/be-fms/api/vendor/laravel/lumen-framework/src/Concerns/RoutesRequests.php(264): Laravel/Lumen/Application->callActionOnArrayBasedRoute(Array)
#11 C:/xampp/htdocs/be-fms/api/vendor/laravel/lumen-framework/src/Routing/Pipeline.php(48): Laravel/Lumen/Application->Laravel/Lumen/Concerns/{closure}(Object(Laravel/Lumen/Http/Request))
#12 C:/xampp/htdocs/be-fms/api/app/Http/Middleware/Authenticate.php(74): Laravel/Lumen/Routing/Pipeline->Laravel/Lumen/Routing/{closure}(Object(Laravel/Lumen/Http/Request))
#13 C:/xampp/htdocs/be-fms/api/vendor/illuminate/pipeline/Pipeline.php(183): App/Http/Middleware/Authenticate->handle(Object(Laravel/Lumen/Http/Request), Object(Closure))
#14 C:/xampp/htdocs/be-fms/api/vendor/laravel/lumen-framework/src/Routing/Pipeline.php(30): Illuminate/Pipeline/Pipeline->Illuminate/Pipeline/{closure}(Object(Laravel/Lumen/Http/Request))
#15 C:/xampp/htdocs/be-fms/api/vendor/illuminate/pipeline/Pipeline.php(119): Laravel/Lumen/Routing/Pipeline->Laravel/Lumen/Routing/{closure}(Object(Laravel/Lumen/Http/Request))
#16 C:/xampp/htdocs/be-fms/api/vendor/laravel/lumen-framework/src/Concerns/RoutesRequests.php(428): Illuminate/Pipeline/Pipeline->then(Object(Closure))
#17 C:/xampp/htdocs/be-fms/api/vendor/laravel/lumen-framework/src/Concerns/RoutesRequests.php(263): Laravel/Lumen/Application->sendThroughPipeline(Array, Object(Closure))
#18 C:/xampp/htdocs/be-fms/api/vendor/laravel/lumen-framework/src/Concerns/RoutesRequests.php(239): Laravel/Lumen/Application->handleFoundRoute(Array)
#19 C:/xampp/htdocs/be-fms/api/vendor/laravel/lumen-framework/src/Concerns/RoutesRequests.php(174): Laravel/Lumen/Application->handleDispatcherResponse(Array)
#20 C:/xampp/htdocs/be-fms/api/vendor/laravel/lumen-framework/src/Concerns/RoutesRequests.php(431): Laravel/Lumen/Application->Laravel/Lumen/Concerns/{closure}(Object(Laravel/Lumen/Http/Request))
#21 C:/xampp/htdocs/be-fms/api/vendor/laravel/lumen-framework/src/Concerns/RoutesRequests.php(167): Laravel/Lumen/Application->sendThroughPipeline(Array, Object(Closure))
#22 C:/xampp/htdocs/be-fms/api/vendor/laravel/lumen-framework/src/Concerns/RoutesRequests.php(112): Laravel/Lumen/Application->dispatch(NULL)
#23 C:/xampp/htdocs/be-fms/api/public/index.php(28): Laravel/Lumen/Application->run()
#24 {main}
"} 
[2026-02-28 06:28:28] local.ERROR: Unable to resolve dependency [Parameter #1 [ <required> $userID ]] in class App\Http\Controllers\JobController {"exception":"[object] (Illuminate\\Contracts\\Container\\BindingResolutionException(code: 0): Unable to resolve dependency [Parameter #1 [ <required> $userID ]] in class App\\Http\\Controllers\\JobController at C:/xampp/htdocs/be-fms/api/vendor/illuminate/container/BoundMethod.php:188)
[stacktrace]
#0 C:/xampp/htdocs/be-fms/api/vendor/illuminate/container/BoundMethod.php(124): Illuminate/Container/BoundMethod::addDependencyForCallParameter(Object(Laravel/Lumen/Application), Object(ReflectionParameter), Array, Array)
#1 C:/xampp/htdocs/be-fms/api/vendor/illuminate/container/BoundMethod.php(36): Illuminate/Container/BoundMethod::getMethodDependencies(Object(Laravel/Lumen/Application), Array, Array)
#2 C:/xampp/htdocs/be-fms/api/vendor/illuminate/container/Util.php(41): Illuminate/Container/BoundMethod::Illuminate/Container/{closure}()
#3 C:/xampp/htdocs/be-fms/api/vendor/illuminate/container/BoundMethod.php(93): Illuminate/Container/Util::unwrapIfClosure(Object(Closure))
#4 C:/xampp/htdocs/be-fms/api/vendor/illuminate/container/BoundMethod.php(35): Illuminate/Container/BoundMethod::callBoundMethod(Object(Laravel/Lumen/Application), Array, Object(Closure))
#5 C:/xampp/htdocs/be-fms/api/vendor/illuminate/container/Container.php(662): Illuminate/Container/BoundMethod::call(Object(Laravel/Lumen/Application), Array, Array, NULL)
#6 C:/xampp/htdocs/be-fms/api/vendor/laravel/lumen-framework/src/Concerns/RoutesRequests.php(391): Illuminate/Container/Container->call(Array, Array)
#7 C:/xampp/htdocs/be-fms/api/vendor/laravel/lumen-framework/src/Concerns/RoutesRequests.php(356): Laravel/Lumen/Application->callControllerCallable(Array, Array)
#8 C:/xampp/htdocs/be-fms/api/vendor/laravel/lumen-framework/src/Concerns/RoutesRequests.php(331): Laravel/Lumen/Application->callLumenController(Object(App/Http/Controllers/JobController), 'get_job_by_user', Array)
#9 C:/xampp/htdocs/be-fms/api/vendor/laravel/lumen-framework/src/Concerns/RoutesRequests.php(284): Laravel/Lumen/Application->callControllerAction(Array)
#10 C:/xampp/htdocs/be-fms/api/vendor/laravel/lumen-framework/src/Concerns/RoutesRequests.php(264): Laravel/Lumen/Application->callActionOnArrayBasedRoute(Array)
#11 C:/xampp/htdocs/be-fms/api/vendor/laravel/lumen-framework/src/Routing/Pipeline.php(48): Laravel/Lumen/Application->Laravel/Lumen/Concerns/{closure}(Object(Laravel/Lumen/Http/Request))
#12 C:/xampp/htdocs/be-fms/api/app/Http/Middleware/Authenticate.php(74): Laravel/Lumen/Routing/Pipeline->Laravel/Lumen/Routing/{closure}(Object(Laravel/Lumen/Http/Request))
#13 C:/xampp/htdocs/be-fms/api/vendor/illuminate/pipeline/Pipeline.php(183): App/Http/Middleware/Authenticate->handle(Object(Laravel/Lumen/Http/Request), Object(Closure))
#14 C:/xampp/htdocs/be-fms/api/vendor/laravel/lumen-framework/src/Routing/Pipeline.php(30): Illuminate/Pipeline/Pipeline->Illuminate/Pipeline/{closure}(Object(Laravel/Lumen/Http/Request))
#15 C:/xampp/htdocs/be-fms/api/vendor/illuminate/pipeline/Pipeline.php(119): Laravel/Lumen/Routing/Pipeline->Laravel/Lumen/Routing/{closure}(Object(Laravel/Lumen/Http/Request))
#16 C:/xampp/htdocs/be-fms/api/vendor/laravel/lumen-framework/src/Concerns/RoutesRequests.php(428): Illuminate/Pipeline/Pipeline->then(Object(Closure))
#17 C:/xampp/htdocs/be-fms/api/vendor/laravel/lumen-framework/src/Concerns/RoutesRequests.php(263): Laravel/Lumen/Application->sendThroughPipeline(Array, Object(Closure))
#18 C:/xampp/htdocs/be-fms/api/vendor/laravel/lumen-framework/src/Concerns/RoutesRequests.php(239): Laravel/Lumen/Application->handleFoundRoute(Array)
#19 C:/xampp/htdocs/be-fms/api/vendor/laravel/lumen-framework/src/Concerns/RoutesRequests.php(174): Laravel/Lumen/Application->handleDispatcherResponse(Array)
#20 C:/xampp/htdocs/be-fms/api/vendor/laravel/lumen-framework/src/Concerns/RoutesRequests.php(431): Laravel/Lumen/Application->Laravel/Lumen/Concerns/{closure}(Object(Laravel/Lumen/Http/Request))
#21 C:/xampp/htdocs/be-fms/api/vendor/laravel/lumen-framework/src/Concerns/RoutesRequests.php(167): Laravel/Lumen/Application->sendThroughPipeline(Array, Object(Closure))
#22 C:/xampp/htdocs/be-fms/api/vendor/laravel/lumen-framework/src/Concerns/RoutesRequests.php(112): Laravel/Lumen/Application->dispatch(NULL)
#23 C:/xampp/htdocs/be-fms/api/public/index.php(28): Laravel/Lumen/Application->run()
#24 {main}
"} 
[2026-02-28 06:29:00] local.ERROR: Unable to resolve dependency [Parameter #1 [ <required> $userID ]] in class App\Http\Controllers\JobController {"exception":"[object] (Illuminate\\Contracts\\Container\\BindingResolutionException(code: 0): Unable to resolve dependency [Parameter #1 [ <required> $userID ]] in class App\\Http\\Controllers\\JobController at C:/xampp/htdocs/be-fms/api/vendor/illuminate/container/BoundMethod.php:188)
[stacktrace]
#0 C:/xampp/htdocs/be-fms/api/vendor/illuminate/container/BoundMethod.php(124): Illuminate/Container/BoundMethod::addDependencyForCallParameter(Object(Laravel/Lumen/Application), Object(ReflectionParameter), Array, Array)
#1 C:/xampp/htdocs/be-fms/api/vendor/illuminate/container/BoundMethod.php(36): Illuminate/Container/BoundMethod::getMethodDependencies(Object(Laravel/Lumen/Application), Array, Array)
#2 C:/xampp/htdocs/be-fms/api/vendor/illuminate/container/Util.php(41): Illuminate/Container/BoundMethod::Illuminate/Container/{closure}()
#3 C:/xampp/htdocs/be-fms/api/vendor/illuminate/container/BoundMethod.php(93): Illuminate/Container/Util::unwrapIfClosure(Object(Closure))
#4 C:/xampp/htdocs/be-fms/api/vendor/illuminate/container/BoundMethod.php(35): Illuminate/Container/BoundMethod::callBoundMethod(Object(Laravel/Lumen/Application), Array, Object(Closure))
#5 C:/xampp/htdocs/be-fms/api/vendor/illuminate/container/Container.php(662): Illuminate/Container/BoundMethod::call(Object(Laravel/Lumen/Application), Array, Array, NULL)
#6 C:/xampp/htdocs/be-fms/api/vendor/laravel/lumen-framework/src/Concerns/RoutesRequests.php(391): Illuminate/Container/Container->call(Array, Array)
#7 C:/xampp/htdocs/be-fms/api/vendor/laravel/lumen-framework/src/Concerns/RoutesRequests.php(356): Laravel/Lumen/Application->callControllerCallable(Array, Array)
#8 C:/xampp/htdocs/be-fms/api/vendor/laravel/lumen-framework/src/Concerns/RoutesRequests.php(331): Laravel/Lumen/Application->callLumenController(Object(App/Http/Controllers/JobController), 'get_job_by_user', Array)
#9 C:/xampp/htdocs/be-fms/api/vendor/laravel/lumen-framework/src/Concerns/RoutesRequests.php(284): Laravel/Lumen/Application->callControllerAction(Array)
#10 C:/xampp/htdocs/be-fms/api/vendor/laravel/lumen-framework/src/Concerns/RoutesRequests.php(264): Laravel/Lumen/Application->callActionOnArrayBasedRoute(Array)
#11 C:/xampp/htdocs/be-fms/api/vendor/laravel/lumen-framework/src/Routing/Pipeline.php(48): Laravel/Lumen/Application->Laravel/Lumen/Concerns/{closure}(Object(Laravel/Lumen/Http/Request))
#12 C:/xampp/htdocs/be-fms/api/app/Http/Middleware/Authenticate.php(74): Laravel/Lumen/Routing/Pipeline->Laravel/Lumen/Routing/{closure}(Object(Laravel/Lumen/Http/Request))
#13 C:/xampp/htdocs/be-fms/api/vendor/illuminate/pipeline/Pipeline.php(183): App/Http/Middleware/Authenticate->handle(Object(Laravel/Lumen/Http/Request), Object(Closure))
#14 C:/xampp/htdocs/be-fms/api/vendor/laravel/lumen-framework/src/Routing/Pipeline.php(30): Illuminate/Pipeline/Pipeline->Illuminate/Pipeline/{closure}(Object(Laravel/Lumen/Http/Request))
#15 C:/xampp/htdocs/be-fms/api/vendor/illuminate/pipeline/Pipeline.php(119): Laravel/Lumen/Routing/Pipeline->Laravel/Lumen/Routing/{closure}(Object(Laravel/Lumen/Http/Request))
#16 C:/xampp/htdocs/be-fms/api/vendor/laravel/lumen-framework/src/Concerns/RoutesRequests.php(428): Illuminate/Pipeline/Pipeline->then(Object(Closure))
#17 C:/xampp/htdocs/be-fms/api/vendor/laravel/lumen-framework/src/Concerns/RoutesRequests.php(263): Laravel/Lumen/Application->sendThroughPipeline(Array, Object(Closure))
#18 C:/xampp/htdocs/be-fms/api/vendor/laravel/lumen-framework/src/Concerns/RoutesRequests.php(239): Laravel/Lumen/Application->handleFoundRoute(Array)
#19 C:/xampp/htdocs/be-fms/api/vendor/laravel/lumen-framework/src/Concerns/RoutesRequests.php(174): Laravel/Lumen/Application->handleDispatcherResponse(Array)
#20 C:/xampp/htdocs/be-fms/api/vendor/laravel/lumen-framework/src/Concerns/RoutesRequests.php(431): Laravel/Lumen/Application->Laravel/Lumen/Concerns/{closure}(Object(Laravel/Lumen/Http/Request))
#21 C:/xampp/htdocs/be-fms/api/vendor/laravel/lumen-framework/src/Concerns/RoutesRequests.php(167): Laravel/Lumen/Application->sendThroughPipeline(Array, Object(Closure))
#22 C:/xampp/htdocs/be-fms/api/vendor/laravel/lumen-framework/src/Concerns/RoutesRequests.php(112): Laravel/Lumen/Application->dispatch(NULL)
#23 C:/xampp/htdocs/be-fms/api/public/index.php(28): Laravel/Lumen/Application->run()
#24 {main}
"} 
[2026-02-28 06:29:02] local.ERROR: Unable to resolve dependency [Parameter #1 [ <required> $userID ]] in class App\Http\Controllers\JobController {"exception":"[object] (Illuminate\\Contracts\\Container\\BindingResolutionException(code: 0): Unable to resolve dependency [Parameter #1 [ <required> $userID ]] in class App\\Http\\Controllers\\JobController at C:/xampp/htdocs/be-fms/api/vendor/illuminate/container/BoundMethod.php:188)
[stacktrace]
#0 C:/xampp/htdocs/be-fms/api/vendor/illuminate/container/BoundMethod.php(124): Illuminate/Container/BoundMethod::addDependencyForCallParameter(Object(Laravel/Lumen/Application), Object(ReflectionParameter), Array, Array)
#1 C:/xampp/htdocs/be-fms/api/vendor/illuminate/container/BoundMethod.php(36): Illuminate/Container/BoundMethod::getMethodDependencies(Object(Laravel/Lumen/Application), Array, Array)
#2 C:/xampp/htdocs/be-fms/api/vendor/illuminate/container/Util.php(41): Illuminate/Container/BoundMethod::Illuminate/Container/{closure}()
#3 C:/xampp/htdocs/be-fms/api/vendor/illuminate/container/BoundMethod.php(93): Illuminate/Container/Util::unwrapIfClosure(Object(Closure))
#4 C:/xampp/htdocs/be-fms/api/vendor/illuminate/container/BoundMethod.php(35): Illuminate/Container/BoundMethod::callBoundMethod(Object(Laravel/Lumen/Application), Array, Object(Closure))
#5 C:/xampp/htdocs/be-fms/api/vendor/illuminate/container/Container.php(662): Illuminate/Container/BoundMethod::call(Object(Laravel/Lumen/Application), Array, Array, NULL)
#6 C:/xampp/htdocs/be-fms/api/vendor/laravel/lumen-framework/src/Concerns/RoutesRequests.php(391): Illuminate/Container/Container->call(Array, Array)
#7 C:/xampp/htdocs/be-fms/api/vendor/laravel/lumen-framework/src/Concerns/RoutesRequests.php(356): Laravel/Lumen/Application->callControllerCallable(Array, Array)
#8 C:/xampp/htdocs/be-fms/api/vendor/laravel/lumen-framework/src/Concerns/RoutesRequests.php(331): Laravel/Lumen/Application->callLumenController(Object(App/Http/Controllers/JobController), 'get_job_by_user', Array)
#9 C:/xampp/htdocs/be-fms/api/vendor/laravel/lumen-framework/src/Concerns/RoutesRequests.php(284): Laravel/Lumen/Application->callControllerAction(Array)
#10 C:/xampp/htdocs/be-fms/api/vendor/laravel/lumen-framework/src/Concerns/RoutesRequests.php(264): Laravel/Lumen/Application->callActionOnArrayBasedRoute(Array)
#11 C:/xampp/htdocs/be-fms/api/vendor/laravel/lumen-framework/src/Routing/Pipeline.php(48): Laravel/Lumen/Application->Laravel/Lumen/Concerns/{closure}(Object(Laravel/Lumen/Http/Request))
#12 C:/xampp/htdocs/be-fms/api/app/Http/Middleware/Authenticate.php(74): Laravel/Lumen/Routing/Pipeline->Laravel/Lumen/Routing/{closure}(Object(Laravel/Lumen/Http/Request))
#13 C:/xampp/htdocs/be-fms/api/vendor/illuminate/pipeline/Pipeline.php(183): App/Http/Middleware/Authenticate->handle(Object(Laravel/Lumen/Http/Request), Object(Closure))
#14 C:/xampp/htdocs/be-fms/api/vendor/laravel/lumen-framework/src/Routing/Pipeline.php(30): Illuminate/Pipeline/Pipeline->Illuminate/Pipeline/{closure}(Object(Laravel/Lumen/Http/Request))
#15 C:/xampp/htdocs/be-fms/api/vendor/illuminate/pipeline/Pipeline.php(119): Laravel/Lumen/Routing/Pipeline->Laravel/Lumen/Routing/{closure}(Object(Laravel/Lumen/Http/Request))
#16 C:/xampp/htdocs/be-fms/api/vendor/laravel/lumen-framework/src/Concerns/RoutesRequests.php(428): Illuminate/Pipeline/Pipeline->then(Object(Closure))
#17 C:/xampp/htdocs/be-fms/api/vendor/laravel/lumen-framework/src/Concerns/RoutesRequests.php(263): Laravel/Lumen/Application->sendThroughPipeline(Array, Object(Closure))
#18 C:/xampp/htdocs/be-fms/api/vendor/laravel/lumen-framework/src/Concerns/RoutesRequests.php(239): Laravel/Lumen/Application->handleFoundRoute(Array)
#19 C:/xampp/htdocs/be-fms/api/vendor/laravel/lumen-framework/src/Concerns/RoutesRequests.php(174): Laravel/Lumen/Application->handleDispatcherResponse(Array)
#20 C:/xampp/htdocs/be-fms/api/vendor/laravel/lumen-framework/src/Concerns/RoutesRequests.php(431): Laravel/Lumen/Application->Laravel/Lumen/Concerns/{closure}(Object(Laravel/Lumen/Http/Request))
#21 C:/xampp/htdocs/be-fms/api/vendor/laravel/lumen-framework/src/Concerns/RoutesRequests.php(167): Laravel/Lumen/Application->sendThroughPipeline(Array, Object(Closure))
#22 C:/xampp/htdocs/be-fms/api/vendor/laravel/lumen-framework/src/Concerns/RoutesRequests.php(112): Laravel/Lumen/Application->dispatch(NULL)
#23 C:/xampp/htdocs/be-fms/api/public/index.php(28): Laravel/Lumen/Application->run()
#24 {main}
"} 
[2026-02-28 06:29:20] local.ERROR: Unable to resolve dependency [Parameter #1 [ <required> $userID ]] in class App\Http\Controllers\JobController {"exception":"[object] (Illuminate\\Contracts\\Container\\BindingResolutionException(code: 0): Unable to resolve dependency [Parameter #1 [ <required> $userID ]] in class App\\Http\\Controllers\\JobController at C:/xampp/htdocs/be-fms/api/vendor/illuminate/container/BoundMethod.php:188)
[stacktrace]
#0 C:/xampp/htdocs/be-fms/api/vendor/illuminate/container/BoundMethod.php(124): Illuminate/Container/BoundMethod::addDependencyForCallParameter(Object(Laravel/Lumen/Application), Object(ReflectionParameter), Array, Array)
#1 C:/xampp/htdocs/be-fms/api/vendor/illuminate/container/BoundMethod.php(36): Illuminate/Container/BoundMethod::getMethodDependencies(Object(Laravel/Lumen/Application), Array, Array)
#2 C:/xampp/htdocs/be-fms/api/vendor/illuminate/container/Util.php(41): Illuminate/Container/BoundMethod::Illuminate/Container/{closure}()
#3 C:/xampp/htdocs/be-fms/api/vendor/illuminate/container/BoundMethod.php(93): Illuminate/Container/Util::unwrapIfClosure(Object(Closure))
#4 C:/xampp/htdocs/be-fms/api/vendor/illuminate/container/BoundMethod.php(35): Illuminate/Container/BoundMethod::callBoundMethod(Object(Laravel/Lumen/Application), Array, Object(Closure))
#5 C:/xampp/htdocs/be-fms/api/vendor/illuminate/container/Container.php(662): Illuminate/Container/BoundMethod::call(Object(Laravel/Lumen/Application), Array, Array, NULL)
#6 C:/xampp/htdocs/be-fms/api/vendor/laravel/lumen-framework/src/Concerns/RoutesRequests.php(391): Illuminate/Container/Container->call(Array, Array)
#7 C:/xampp/htdocs/be-fms/api/vendor/laravel/lumen-framework/src/Concerns/RoutesRequests.php(356): Laravel/Lumen/Application->callControllerCallable(Array, Array)
#8 C:/xampp/htdocs/be-fms/api/vendor/laravel/lumen-framework/src/Concerns/RoutesRequests.php(331): Laravel/Lumen/Application->callLumenController(Object(App/Http/Controllers/JobController), 'get_job_by_user', Array)
#9 C:/xampp/htdocs/be-fms/api/vendor/laravel/lumen-framework/src/Concerns/RoutesRequests.php(284): Laravel/Lumen/Application->callControllerAction(Array)
#10 C:/xampp/htdocs/be-fms/api/vendor/laravel/lumen-framework/src/Concerns/RoutesRequests.php(264): Laravel/Lumen/Application->callActionOnArrayBasedRoute(Array)
#11 C:/xampp/htdocs/be-fms/api/vendor/laravel/lumen-framework/src/Routing/Pipeline.php(48): Laravel/Lumen/Application->Laravel/Lumen/Concerns/{closure}(Object(Laravel/Lumen/Http/Request))
#12 C:/xampp/htdocs/be-fms/api/app/Http/Middleware/Authenticate.php(74): Laravel/Lumen/Routing/Pipeline->Laravel/Lumen/Routing/{closure}(Object(Laravel/Lumen/Http/Request))
#13 C:/xampp/htdocs/be-fms/api/vendor/illuminate/pipeline/Pipeline.php(183): App/Http/Middleware/Authenticate->handle(Object(Laravel/Lumen/Http/Request), Object(Closure))
#14 C:/xampp/htdocs/be-fms/api/vendor/laravel/lumen-framework/src/Routing/Pipeline.php(30): Illuminate/Pipeline/Pipeline->Illuminate/Pipeline/{closure}(Object(Laravel/Lumen/Http/Request))
#15 C:/xampp/htdocs/be-fms/api/vendor/illuminate/pipeline/Pipeline.php(119): Laravel/Lumen/Routing/Pipeline->Laravel/Lumen/Routing/{closure}(Object(Laravel/Lumen/Http/Request))
#16 C:/xampp/htdocs/be-fms/api/vendor/laravel/lumen-framework/src/Concerns/RoutesRequests.php(428): Illuminate/Pipeline/Pipeline->then(Object(Closure))
#17 C:/xampp/htdocs/be-fms/api/vendor/laravel/lumen-framework/src/Concerns/RoutesRequests.php(263): Laravel/Lumen/Application->sendThroughPipeline(Array, Object(Closure))
#18 C:/xampp/htdocs/be-fms/api/vendor/laravel/lumen-framework/src/Concerns/RoutesRequests.php(239): Laravel/Lumen/Application->handleFoundRoute(Array)
#19 C:/xampp/htdocs/be-fms/api/vendor/laravel/lumen-framework/src/Concerns/RoutesRequests.php(174): Laravel/Lumen/Application->handleDispatcherResponse(Array)
#20 C:/xampp/htdocs/be-fms/api/vendor/laravel/lumen-framework/src/Concerns/RoutesRequests.php(431): Laravel/Lumen/Application->Laravel/Lumen/Concerns/{closure}(Object(Laravel/Lumen/Http/Request))
#21 C:/xampp/htdocs/be-fms/api/vendor/laravel/lumen-framework/src/Concerns/RoutesRequests.php(167): Laravel/Lumen/Application->sendThroughPipeline(Array, Object(Closure))
#22 C:/xampp/htdocs/be-fms/api/vendor/laravel/lumen-framework/src/Concerns/RoutesRequests.php(112): Laravel/Lumen/Application->dispatch(NULL)
#23 C:/xampp/htdocs/be-fms/api/public/index.php(28): Laravel/Lumen/Application->run()
#24 {main}
"} 
[2026-02-28 06:45:30] local.ERROR: Unable to resolve dependency [Parameter #1 [ <required> $userID ]] in class App\Http\Controllers\JobController {"exception":"[object] (Illuminate\\Contracts\\Container\\BindingResolutionException(code: 0): Unable to resolve dependency [Parameter #1 [ <required> $userID ]] in class App\\Http\\Controllers\\JobController at C:/xampp/htdocs/be-fms/api/vendor/illuminate/container/BoundMethod.php:188)
[stacktrace]
#0 C:/xampp/htdocs/be-fms/api/vendor/illuminate/container/BoundMethod.php(124): Illuminate/Container/BoundMethod::addDependencyForCallParameter(Object(Laravel/Lumen/Application), Object(ReflectionParameter), Array, Array)
#1 C:/xampp/htdocs/be-fms/api/vendor/illuminate/container/BoundMethod.php(36): Illuminate/Container/BoundMethod::getMethodDependencies(Object(Laravel/Lumen/Application), Array, Array)
#2 C:/xampp/htdocs/be-fms/api/vendor/illuminate/container/Util.php(41): Illuminate/Container/BoundMethod::Illuminate/Container/{closure}()
#3 C:/xampp/htdocs/be-fms/api/vendor/illuminate/container/BoundMethod.php(93): Illuminate/Container/Util::unwrapIfClosure(Object(Closure))
#4 C:/xampp/htdocs/be-fms/api/vendor/illuminate/container/BoundMethod.php(35): Illuminate/Container/BoundMethod::callBoundMethod(Object(Laravel/Lumen/Application), Array, Object(Closure))
#5 C:/xampp/htdocs/be-fms/api/vendor/illuminate/container/Container.php(662): Illuminate/Container/BoundMethod::call(Object(Laravel/Lumen/Application), Array, Array, NULL)
#6 C:/xampp/htdocs/be-fms/api/vendor/laravel/lumen-framework/src/Concerns/RoutesRequests.php(391): Illuminate/Container/Container->call(Array, Array)
#7 C:/xampp/htdocs/be-fms/api/vendor/laravel/lumen-framework/src/Concerns/RoutesRequests.php(356): Laravel/Lumen/Application->callControllerCallable(Array, Array)
#8 C:/xampp/htdocs/be-fms/api/vendor/laravel/lumen-framework/src/Concerns/RoutesRequests.php(331): Laravel/Lumen/Application->callLumenController(Object(App/Http/Controllers/JobController), 'get_job_by_user', Array)
#9 C:/xampp/htdocs/be-fms/api/vendor/laravel/lumen-framework/src/Concerns/RoutesRequests.php(284): Laravel/Lumen/Application->callControllerAction(Array)
#10 C:/xampp/htdocs/be-fms/api/vendor/laravel/lumen-framework/src/Concerns/RoutesRequests.php(264): Laravel/Lumen/Application->callActionOnArrayBasedRoute(Array)
#11 C:/xampp/htdocs/be-fms/api/vendor/laravel/lumen-framework/src/Routing/Pipeline.php(48): Laravel/Lumen/Application->Laravel/Lumen/Concerns/{closure}(Object(Laravel/Lumen/Http/Request))
#12 C:/xampp/htdocs/be-fms/api/app/Http/Middleware/Authenticate.php(74): Laravel/Lumen/Routing/Pipeline->Laravel/Lumen/Routing/{closure}(Object(Laravel/Lumen/Http/Request))
#13 C:/xampp/htdocs/be-fms/api/vendor/illuminate/pipeline/Pipeline.php(183): App/Http/Middleware/Authenticate->handle(Object(Laravel/Lumen/Http/Request), Object(Closure))
#14 C:/xampp/htdocs/be-fms/api/vendor/laravel/lumen-framework/src/Routing/Pipeline.php(30): Illuminate/Pipeline/Pipeline->Illuminate/Pipeline/{closure}(Object(Laravel/Lumen/Http/Request))
#15 C:/xampp/htdocs/be-fms/api/vendor/illuminate/pipeline/Pipeline.php(119): Laravel/Lumen/Routing/Pipeline->Laravel/Lumen/Routing/{closure}(Object(Laravel/Lumen/Http/Request))
#16 C:/xampp/htdocs/be-fms/api/vendor/laravel/lumen-framework/src/Concerns/RoutesRequests.php(428): Illuminate/Pipeline/Pipeline->then(Object(Closure))
#17 C:/xampp/htdocs/be-fms/api/vendor/laravel/lumen-framework/src/Concerns/RoutesRequests.php(263): Laravel/Lumen/Application->sendThroughPipeline(Array, Object(Closure))
#18 C:/xampp/htdocs/be-fms/api/vendor/laravel/lumen-framework/src/Concerns/RoutesRequests.php(239): Laravel/Lumen/Application->handleFoundRoute(Array)
#19 C:/xampp/htdocs/be-fms/api/vendor/laravel/lumen-framework/src/Concerns/RoutesRequests.php(174): Laravel/Lumen/Application->handleDispatcherResponse(Array)
#20 C:/xampp/htdocs/be-fms/api/vendor/laravel/lumen-framework/src/Concerns/RoutesRequests.php(431): Laravel/Lumen/Application->Laravel/Lumen/Concerns/{closure}(Object(Laravel/Lumen/Http/Request))
#21 C:/xampp/htdocs/be-fms/api/vendor/laravel/lumen-framework/src/Concerns/RoutesRequests.php(167): Laravel/Lumen/Application->sendThroughPipeline(Array, Object(Closure))
#22 C:/xampp/htdocs/be-fms/api/vendor/laravel/lumen-framework/src/Concerns/RoutesRequests.php(112): Laravel/Lumen/Application->dispatch(NULL)
#23 C:/xampp/htdocs/be-fms/api/public/index.php(28): Laravel/Lumen/Application->run()
#24 {main}
"} 
[2026-02-28 06:45:30] local.ERROR: Unable to resolve dependency [Parameter #1 [ <required> $userID ]] in class App\Http\Controllers\JobController {"exception":"[object] (Illuminate\\Contracts\\Container\\BindingResolutionException(code: 0): Unable to resolve dependency [Parameter #1 [ <required> $userID ]] in class App\\Http\\Controllers\\JobController at C:/xampp/htdocs/be-fms/api/vendor/illuminate/container/BoundMethod.php:188)
[stacktrace]
#0 C:/xampp/htdocs/be-fms/api/vendor/illuminate/container/BoundMethod.php(124): Illuminate/Container/BoundMethod::addDependencyForCallParameter(Object(Laravel/Lumen/Application), Object(ReflectionParameter), Array, Array)
#1 C:/xampp/htdocs/be-fms/api/vendor/illuminate/container/BoundMethod.php(36): Illuminate/Container/BoundMethod::getMethodDependencies(Object(Laravel/Lumen/Application), Array, Array)
#2 C:/xampp/htdocs/be-fms/api/vendor/illuminate/container/Util.php(41): Illuminate/Container/BoundMethod::Illuminate/Container/{closure}()
#3 C:/xampp/htdocs/be-fms/api/vendor/illuminate/container/BoundMethod.php(93): Illuminate/Container/Util::unwrapIfClosure(Object(Closure))
#4 C:/xampp/htdocs/be-fms/api/vendor/illuminate/container/BoundMethod.php(35): Illuminate/Container/BoundMethod::callBoundMethod(Object(Laravel/Lumen/Application), Array, Object(Closure))
#5 C:/xampp/htdocs/be-fms/api/vendor/illuminate/container/Container.php(662): Illuminate/Container/BoundMethod::call(Object(Laravel/Lumen/Application), Array, Array, NULL)
#6 C:/xampp/htdocs/be-fms/api/vendor/laravel/lumen-framework/src/Concerns/RoutesRequests.php(391): Illuminate/Container/Container->call(Array, Array)
#7 C:/xampp/htdocs/be-fms/api/vendor/laravel/lumen-framework/src/Concerns/RoutesRequests.php(356): Laravel/Lumen/Application->callControllerCallable(Array, Array)
#8 C:/xampp/htdocs/be-fms/api/vendor/laravel/lumen-framework/src/Concerns/RoutesRequests.php(331): Laravel/Lumen/Application->callLumenController(Object(App/Http/Controllers/JobController), 'get_job_by_user', Array)
#9 C:/xampp/htdocs/be-fms/api/vendor/laravel/lumen-framework/src/Concerns/RoutesRequests.php(284): Laravel/Lumen/Application->callControllerAction(Array)
#10 C:/xampp/htdocs/be-fms/api/vendor/laravel/lumen-framework/src/Concerns/RoutesRequests.php(264): Laravel/Lumen/Application->callActionOnArrayBasedRoute(Array)
#11 C:/xampp/htdocs/be-fms/api/vendor/laravel/lumen-framework/src/Routing/Pipeline.php(48): Laravel/Lumen/Application->Laravel/Lumen/Concerns/{closure}(Object(Laravel/Lumen/Http/Request))
#12 C:/xampp/htdocs/be-fms/api/app/Http/Middleware/Authenticate.php(74): Laravel/Lumen/Routing/Pipeline->Laravel/Lumen/Routing/{closure}(Object(Laravel/Lumen/Http/Request))
#13 C:/xampp/htdocs/be-fms/api/vendor/illuminate/pipeline/Pipeline.php(183): App/Http/Middleware/Authenticate->handle(Object(Laravel/Lumen/Http/Request), Object(Closure))
#14 C:/xampp/htdocs/be-fms/api/vendor/laravel/lumen-framework/src/Routing/Pipeline.php(30): Illuminate/Pipeline/Pipeline->Illuminate/Pipeline/{closure}(Object(Laravel/Lumen/Http/Request))
#15 C:/xampp/htdocs/be-fms/api/vendor/illuminate/pipeline/Pipeline.php(119): Laravel/Lumen/Routing/Pipeline->Laravel/Lumen/Routing/{closure}(Object(Laravel/Lumen/Http/Request))
#16 C:/xampp/htdocs/be-fms/api/vendor/laravel/lumen-framework/src/Concerns/RoutesRequests.php(428): Illuminate/Pipeline/Pipeline->then(Object(Closure))
#17 C:/xampp/htdocs/be-fms/api/vendor/laravel/lumen-framework/src/Concerns/RoutesRequests.php(263): Laravel/Lumen/Application->sendThroughPipeline(Array, Object(Closure))
#18 C:/xampp/htdocs/be-fms/api/vendor/laravel/lumen-framework/src/Concerns/RoutesRequests.php(239): Laravel/Lumen/Application->handleFoundRoute(Array)
#19 C:/xampp/htdocs/be-fms/api/vendor/laravel/lumen-framework/src/Concerns/RoutesRequests.php(174): Laravel/Lumen/Application->handleDispatcherResponse(Array)
#20 C:/xampp/htdocs/be-fms/api/vendor/laravel/lumen-framework/src/Concerns/RoutesRequests.php(431): Laravel/Lumen/Application->Laravel/Lumen/Concerns/{closure}(Object(Laravel/Lumen/Http/Request))
#21 C:/xampp/htdocs/be-fms/api/vendor/laravel/lumen-framework/src/Concerns/RoutesRequests.php(167): Laravel/Lumen/Application->sendThroughPipeline(Array, Object(Closure))
#22 C:/xampp/htdocs/be-fms/api/vendor/laravel/lumen-framework/src/Concerns/RoutesRequests.php(112): Laravel/Lumen/Application->dispatch(NULL)
#23 C:/xampp/htdocs/be-fms/api/public/index.php(28): Laravel/Lumen/Application->run()
#24 {main}
"} 
[2026-02-28 06:46:09] local.ERROR: Unable to resolve dependency [Parameter #1 [ <required> $userID ]] in class App\Http\Controllers\JobController {"exception":"[object] (Illuminate\\Contracts\\Container\\BindingResolutionException(code: 0): Unable to resolve dependency [Parameter #1 [ <required> $userID ]] in class App\\Http\\Controllers\\JobController at C:/xampp/htdocs/be-fms/api/vendor/illuminate/container/BoundMethod.php:188)
[stacktrace]
#0 C:/xampp/htdocs/be-fms/api/vendor/illuminate/container/BoundMethod.php(124): Illuminate/Container/BoundMethod::addDependencyForCallParameter(Object(Laravel/Lumen/Application), Object(ReflectionParameter), Array, Array)
#1 C:/xampp/htdocs/be-fms/api/vendor/illuminate/container/BoundMethod.php(36): Illuminate/Container/BoundMethod::getMethodDependencies(Object(Laravel/Lumen/Application), Array, Array)
#2 C:/xampp/htdocs/be-fms/api/vendor/illuminate/container/Util.php(41): Illuminate/Container/BoundMethod::Illuminate/Container/{closure}()
#3 C:/xampp/htdocs/be-fms/api/vendor/illuminate/container/BoundMethod.php(93): Illuminate/Container/Util::unwrapIfClosure(Object(Closure))
#4 C:/xampp/htdocs/be-fms/api/vendor/illuminate/container/BoundMethod.php(35): Illuminate/Container/BoundMethod::callBoundMethod(Object(Laravel/Lumen/Application), Array, Object(Closure))
#5 C:/xampp/htdocs/be-fms/api/vendor/illuminate/container/Container.php(662): Illuminate/Container/BoundMethod::call(Object(Laravel/Lumen/Application), Array, Array, NULL)
#6 C:/xampp/htdocs/be-fms/api/vendor/laravel/lumen-framework/src/Concerns/RoutesRequests.php(391): Illuminate/Container/Container->call(Array, Array)
#7 C:/xampp/htdocs/be-fms/api/vendor/laravel/lumen-framework/src/Concerns/RoutesRequests.php(356): Laravel/Lumen/Application->callControllerCallable(Array, Array)
#8 C:/xampp/htdocs/be-fms/api/vendor/laravel/lumen-framework/src/Concerns/RoutesRequests.php(331): Laravel/Lumen/Application->callLumenController(Object(App/Http/Controllers/JobController), 'get_job_by_user', Array)
#9 C:/xampp/htdocs/be-fms/api/vendor/laravel/lumen-framework/src/Concerns/RoutesRequests.php(284): Laravel/Lumen/Application->callControllerAction(Array)
#10 C:/xampp/htdocs/be-fms/api/vendor/laravel/lumen-framework/src/Concerns/RoutesRequests.php(264): Laravel/Lumen/Application->callActionOnArrayBasedRoute(Array)
#11 C:/xampp/htdocs/be-fms/api/vendor/laravel/lumen-framework/src/Routing/Pipeline.php(48): Laravel/Lumen/Application->Laravel/Lumen/Concerns/{closure}(Object(Laravel/Lumen/Http/Request))
#12 C:/xampp/htdocs/be-fms/api/app/Http/Middleware/Authenticate.php(74): Laravel/Lumen/Routing/Pipeline->Laravel/Lumen/Routing/{closure}(Object(Laravel/Lumen/Http/Request))
#13 C:/xampp/htdocs/be-fms/api/vendor/illuminate/pipeline/Pipeline.php(183): App/Http/Middleware/Authenticate->handle(Object(Laravel/Lumen/Http/Request), Object(Closure))
#14 C:/xampp/htdocs/be-fms/api/vendor/laravel/lumen-framework/src/Routing/Pipeline.php(30): Illuminate/Pipeline/Pipeline->Illuminate/Pipeline/{closure}(Object(Laravel/Lumen/Http/Request))
#15 C:/xampp/htdocs/be-fms/api/vendor/illuminate/pipeline/Pipeline.php(119): Laravel/Lumen/Routing/Pipeline->Laravel/Lumen/Routing/{closure}(Object(Laravel/Lumen/Http/Request))
#16 C:/xampp/htdocs/be-fms/api/vendor/laravel/lumen-framework/src/Concerns/RoutesRequests.php(428): Illuminate/Pipeline/Pipeline->then(Object(Closure))
#17 C:/xampp/htdocs/be-fms/api/vendor/laravel/lumen-framework/src/Concerns/RoutesRequests.php(263): Laravel/Lumen/Application->sendThroughPipeline(Array, Object(Closure))
#18 C:/xampp/htdocs/be-fms/api/vendor/laravel/lumen-framework/src/Concerns/RoutesRequests.php(239): Laravel/Lumen/Application->handleFoundRoute(Array)
#19 C:/xampp/htdocs/be-fms/api/vendor/laravel/lumen-framework/src/Concerns/RoutesRequests.php(174): Laravel/Lumen/Application->handleDispatcherResponse(Array)
#20 C:/xampp/htdocs/be-fms/api/vendor/laravel/lumen-framework/src/Concerns/RoutesRequests.php(431): Laravel/Lumen/Application->Laravel/Lumen/Concerns/{closure}(Object(Laravel/Lumen/Http/Request))
#21 C:/xampp/htdocs/be-fms/api/vendor/laravel/lumen-framework/src/Concerns/RoutesRequests.php(167): Laravel/Lumen/Application->sendThroughPipeline(Array, Object(Closure))
#22 C:/xampp/htdocs/be-fms/api/vendor/laravel/lumen-framework/src/Concerns/RoutesRequests.php(112): Laravel/Lumen/Application->dispatch(NULL)
#23 C:/xampp/htdocs/be-fms/api/public/index.php(28): Laravel/Lumen/Application->run()
#24 {main}
"} 
[2026-02-28 06:46:37] local.ERROR: Unable to resolve dependency [Parameter #1 [ <required> $userID ]] in class App\Http\Controllers\JobController {"exception":"[object] (Illuminate\\Contracts\\Container\\BindingResolutionException(code: 0): Unable to resolve dependency [Parameter #1 [ <required> $userID ]] in class App\\Http\\Controllers\\JobController at C:/xampp/htdocs/be-fms/api/vendor/illuminate/container/BoundMethod.php:188)
[stacktrace]
#0 C:/xampp/htdocs/be-fms/api/vendor/illuminate/container/BoundMethod.php(124): Illuminate/Container/BoundMethod::addDependencyForCallParameter(Object(Laravel/Lumen/Application), Object(ReflectionParameter), Array, Array)
#1 C:/xampp/htdocs/be-fms/api/vendor/illuminate/container/BoundMethod.php(36): Illuminate/Container/BoundMethod::getMethodDependencies(Object(Laravel/Lumen/Application), Array, Array)
#2 C:/xampp/htdocs/be-fms/api/vendor/illuminate/container/Util.php(41): Illuminate/Container/BoundMethod::Illuminate/Container/{closure}()
#3 C:/xampp/htdocs/be-fms/api/vendor/illuminate/container/BoundMethod.php(93): Illuminate/Container/Util::unwrapIfClosure(Object(Closure))
#4 C:/xampp/htdocs/be-fms/api/vendor/illuminate/container/BoundMethod.php(35): Illuminate/Container/BoundMethod::callBoundMethod(Object(Laravel/Lumen/Application), Array, Object(Closure))
#5 C:/xampp/htdocs/be-fms/api/vendor/illuminate/container/Container.php(662): Illuminate/Container/BoundMethod::call(Object(Laravel/Lumen/Application), Array, Array, NULL)
#6 C:/xampp/htdocs/be-fms/api/vendor/laravel/lumen-framework/src/Concerns/RoutesRequests.php(391): Illuminate/Container/Container->call(Array, Array)
#7 C:/xampp/htdocs/be-fms/api/vendor/laravel/lumen-framework/src/Concerns/RoutesRequests.php(356): Laravel/Lumen/Application->callControllerCallable(Array, Array)
#8 C:/xampp/htdocs/be-fms/api/vendor/laravel/lumen-framework/src/Concerns/RoutesRequests.php(331): Laravel/Lumen/Application->callLumenController(Object(App/Http/Controllers/JobController), 'get_job_by_user', Array)
#9 C:/xampp/htdocs/be-fms/api/vendor/laravel/lumen-framework/src/Concerns/RoutesRequests.php(284): Laravel/Lumen/Application->callControllerAction(Array)
#10 C:/xampp/htdocs/be-fms/api/vendor/laravel/lumen-framework/src/Concerns/RoutesRequests.php(264): Laravel/Lumen/Application->callActionOnArrayBasedRoute(Array)
#11 C:/xampp/htdocs/be-fms/api/vendor/laravel/lumen-framework/src/Routing/Pipeline.php(48): Laravel/Lumen/Application->Laravel/Lumen/Concerns/{closure}(Object(Laravel/Lumen/Http/Request))
#12 C:/xampp/htdocs/be-fms/api/app/Http/Middleware/Authenticate.php(74): Laravel/Lumen/Routing/Pipeline->Laravel/Lumen/Routing/{closure}(Object(Laravel/Lumen/Http/Request))
#13 C:/xampp/htdocs/be-fms/api/vendor/illuminate/pipeline/Pipeline.php(183): App/Http/Middleware/Authenticate->handle(Object(Laravel/Lumen/Http/Request), Object(Closure))
#14 C:/xampp/htdocs/be-fms/api/vendor/laravel/lumen-framework/src/Routing/Pipeline.php(30): Illuminate/Pipeline/Pipeline->Illuminate/Pipeline/{closure}(Object(Laravel/Lumen/Http/Request))
#15 C:/xampp/htdocs/be-fms/api/vendor/illuminate/pipeline/Pipeline.php(119): Laravel/Lumen/Routing/Pipeline->Laravel/Lumen/Routing/{closure}(Object(Laravel/Lumen/Http/Request))
#16 C:/xampp/htdocs/be-fms/api/vendor/laravel/lumen-framework/src/Concerns/RoutesRequests.php(428): Illuminate/Pipeline/Pipeline->then(Object(Closure))
#17 C:/xampp/htdocs/be-fms/api/vendor/laravel/lumen-framework/src/Concerns/RoutesRequests.php(263): Laravel/Lumen/Application->sendThroughPipeline(Array, Object(Closure))
#18 C:/xampp/htdocs/be-fms/api/vendor/laravel/lumen-framework/src/Concerns/RoutesRequests.php(239): Laravel/Lumen/Application->handleFoundRoute(Array)
#19 C:/xampp/htdocs/be-fms/api/vendor/laravel/lumen-framework/src/Concerns/RoutesRequests.php(174): Laravel/Lumen/Application->handleDispatcherResponse(Array)
#20 C:/xampp/htdocs/be-fms/api/vendor/laravel/lumen-framework/src/Concerns/RoutesRequests.php(431): Laravel/Lumen/Application->Laravel/Lumen/Concerns/{closure}(Object(Laravel/Lumen/Http/Request))
#21 C:/xampp/htdocs/be-fms/api/vendor/laravel/lumen-framework/src/Concerns/RoutesRequests.php(167): Laravel/Lumen/Application->sendThroughPipeline(Array, Object(Closure))
#22 C:/xampp/htdocs/be-fms/api/vendor/laravel/lumen-framework/src/Concerns/RoutesRequests.php(112): Laravel/Lumen/Application->dispatch(NULL)
#23 C:/xampp/htdocs/be-fms/api/public/index.php(28): Laravel/Lumen/Application->run()
#24 {main}
"} 
[2026-02-28 06:47:09] local.ERROR: Unable to resolve dependency [Parameter #1 [ <required> $userID ]] in class App\Http\Controllers\JobController {"exception":"[object] (Illuminate\\Contracts\\Container\\BindingResolutionException(code: 0): Unable to resolve dependency [Parameter #1 [ <required> $userID ]] in class App\\Http\\Controllers\\JobController at C:/xampp/htdocs/be-fms/api/vendor/illuminate/container/BoundMethod.php:188)
[stacktrace]
#0 C:/xampp/htdocs/be-fms/api/vendor/illuminate/container/BoundMethod.php(124): Illuminate/Container/BoundMethod::addDependencyForCallParameter(Object(Laravel/Lumen/Application), Object(ReflectionParameter), Array, Array)
#1 C:/xampp/htdocs/be-fms/api/vendor/illuminate/container/BoundMethod.php(36): Illuminate/Container/BoundMethod::getMethodDependencies(Object(Laravel/Lumen/Application), Array, Array)
#2 C:/xampp/htdocs/be-fms/api/vendor/illuminate/container/Util.php(41): Illuminate/Container/BoundMethod::Illuminate/Container/{closure}()
#3 C:/xampp/htdocs/be-fms/api/vendor/illuminate/container/BoundMethod.php(93): Illuminate/Container/Util::unwrapIfClosure(Object(Closure))
#4 C:/xampp/htdocs/be-fms/api/vendor/illuminate/container/BoundMethod.php(35): Illuminate/Container/BoundMethod::callBoundMethod(Object(Laravel/Lumen/Application), Array, Object(Closure))
#5 C:/xampp/htdocs/be-fms/api/vendor/illuminate/container/Container.php(662): Illuminate/Container/BoundMethod::call(Object(Laravel/Lumen/Application), Array, Array, NULL)
#6 C:/xampp/htdocs/be-fms/api/vendor/laravel/lumen-framework/src/Concerns/RoutesRequests.php(391): Illuminate/Container/Container->call(Array, Array)
#7 C:/xampp/htdocs/be-fms/api/vendor/laravel/lumen-framework/src/Concerns/RoutesRequests.php(356): Laravel/Lumen/Application->callControllerCallable(Array, Array)
#8 C:/xampp/htdocs/be-fms/api/vendor/laravel/lumen-framework/src/Concerns/RoutesRequests.php(331): Laravel/Lumen/Application->callLumenController(Object(App/Http/Controllers/JobController), 'get_job_by_user', Array)
#9 C:/xampp/htdocs/be-fms/api/vendor/laravel/lumen-framework/src/Concerns/RoutesRequests.php(284): Laravel/Lumen/Application->callControllerAction(Array)
#10 C:/xampp/htdocs/be-fms/api/vendor/laravel/lumen-framework/src/Concerns/RoutesRequests.php(264): Laravel/Lumen/Application->callActionOnArrayBasedRoute(Array)
#11 C:/xampp/htdocs/be-fms/api/vendor/laravel/lumen-framework/src/Routing/Pipeline.php(48): Laravel/Lumen/Application->Laravel/Lumen/Concerns/{closure}(Object(Laravel/Lumen/Http/Request))
#12 C:/xampp/htdocs/be-fms/api/app/Http/Middleware/Authenticate.php(74): Laravel/Lumen/Routing/Pipeline->Laravel/Lumen/Routing/{closure}(Object(Laravel/Lumen/Http/Request))
#13 C:/xampp/htdocs/be-fms/api/vendor/illuminate/pipeline/Pipeline.php(183): App/Http/Middleware/Authenticate->handle(Object(Laravel/Lumen/Http/Request), Object(Closure))
#14 C:/xampp/htdocs/be-fms/api/vendor/laravel/lumen-framework/src/Routing/Pipeline.php(30): Illuminate/Pipeline/Pipeline->Illuminate/Pipeline/{closure}(Object(Laravel/Lumen/Http/Request))
#15 C:/xampp/htdocs/be-fms/api/vendor/illuminate/pipeline/Pipeline.php(119): Laravel/Lumen/Routing/Pipeline->Laravel/Lumen/Routing/{closure}(Object(Laravel/Lumen/Http/Request))
#16 C:/xampp/htdocs/be-fms/api/vendor/laravel/lumen-framework/src/Concerns/RoutesRequests.php(428): Illuminate/Pipeline/Pipeline->then(Object(Closure))
#17 C:/xampp/htdocs/be-fms/api/vendor/laravel/lumen-framework/src/Concerns/RoutesRequests.php(263): Laravel/Lumen/Application->sendThroughPipeline(Array, Object(Closure))
#18 C:/xampp/htdocs/be-fms/api/vendor/laravel/lumen-framework/src/Concerns/RoutesRequests.php(239): Laravel/Lumen/Application->handleFoundRoute(Array)
#19 C:/xampp/htdocs/be-fms/api/vendor/laravel/lumen-framework/src/Concerns/RoutesRequests.php(174): Laravel/Lumen/Application->handleDispatcherResponse(Array)
#20 C:/xampp/htdocs/be-fms/api/vendor/laravel/lumen-framework/src/Concerns/RoutesRequests.php(431): Laravel/Lumen/Application->Laravel/Lumen/Concerns/{closure}(Object(Laravel/Lumen/Http/Request))
#21 C:/xampp/htdocs/be-fms/api/vendor/laravel/lumen-framework/src/Concerns/RoutesRequests.php(167): Laravel/Lumen/Application->sendThroughPipeline(Array, Object(Closure))
#22 C:/xampp/htdocs/be-fms/api/vendor/laravel/lumen-framework/src/Concerns/RoutesRequests.php(112): Laravel/Lumen/Application->dispatch(NULL)
#23 C:/xampp/htdocs/be-fms/api/public/index.php(28): Laravel/Lumen/Application->run()
#24 {main}
"} 
[2026-02-28 06:47:36] local.ERROR: Unable to resolve dependency [Parameter #1 [ <required> $userID ]] in class App\Http\Controllers\JobController {"exception":"[object] (Illuminate\\Contracts\\Container\\BindingResolutionException(code: 0): Unable to resolve dependency [Parameter #1 [ <required> $userID ]] in class App\\Http\\Controllers\\JobController at C:/xampp/htdocs/be-fms/api/vendor/illuminate/container/BoundMethod.php:188)
[stacktrace]
#0 C:/xampp/htdocs/be-fms/api/vendor/illuminate/container/BoundMethod.php(124): Illuminate/Container/BoundMethod::addDependencyForCallParameter(Object(Laravel/Lumen/Application), Object(ReflectionParameter), Array, Array)
#1 C:/xampp/htdocs/be-fms/api/vendor/illuminate/container/BoundMethod.php(36): Illuminate/Container/BoundMethod::getMethodDependencies(Object(Laravel/Lumen/Application), Array, Array)
#2 C:/xampp/htdocs/be-fms/api/vendor/illuminate/container/Util.php(41): Illuminate/Container/BoundMethod::Illuminate/Container/{closure}()
#3 C:/xampp/htdocs/be-fms/api/vendor/illuminate/container/BoundMethod.php(93): Illuminate/Container/Util::unwrapIfClosure(Object(Closure))
#4 C:/xampp/htdocs/be-fms/api/vendor/illuminate/container/BoundMethod.php(35): Illuminate/Container/BoundMethod::callBoundMethod(Object(Laravel/Lumen/Application), Array, Object(Closure))
#5 C:/xampp/htdocs/be-fms/api/vendor/illuminate/container/Container.php(662): Illuminate/Container/BoundMethod::call(Object(Laravel/Lumen/Application), Array, Array, NULL)
#6 C:/xampp/htdocs/be-fms/api/vendor/laravel/lumen-framework/src/Concerns/RoutesRequests.php(391): Illuminate/Container/Container->call(Array, Array)
#7 C:/xampp/htdocs/be-fms/api/vendor/laravel/lumen-framework/src/Concerns/RoutesRequests.php(356): Laravel/Lumen/Application->callControllerCallable(Array, Array)
#8 C:/xampp/htdocs/be-fms/api/vendor/laravel/lumen-framework/src/Concerns/RoutesRequests.php(331): Laravel/Lumen/Application->callLumenController(Object(App/Http/Controllers/JobController), 'get_job_by_user', Array)
#9 C:/xampp/htdocs/be-fms/api/vendor/laravel/lumen-framework/src/Concerns/RoutesRequests.php(284): Laravel/Lumen/Application->callControllerAction(Array)
#10 C:/xampp/htdocs/be-fms/api/vendor/laravel/lumen-framework/src/Concerns/RoutesRequests.php(264): Laravel/Lumen/Application->callActionOnArrayBasedRoute(Array)
#11 C:/xampp/htdocs/be-fms/api/vendor/laravel/lumen-framework/src/Routing/Pipeline.php(48): Laravel/Lumen/Application->Laravel/Lumen/Concerns/{closure}(Object(Laravel/Lumen/Http/Request))
#12 C:/xampp/htdocs/be-fms/api/app/Http/Middleware/Authenticate.php(74): Laravel/Lumen/Routing/Pipeline->Laravel/Lumen/Routing/{closure}(Object(Laravel/Lumen/Http/Request))
#13 C:/xampp/htdocs/be-fms/api/vendor/illuminate/pipeline/Pipeline.php(183): App/Http/Middleware/Authenticate->handle(Object(Laravel/Lumen/Http/Request), Object(Closure))
#14 C:/xampp/htdocs/be-fms/api/vendor/laravel/lumen-framework/src/Routing/Pipeline.php(30): Illuminate/Pipeline/Pipeline->Illuminate/Pipeline/{closure}(Object(Laravel/Lumen/Http/Request))
#15 C:/xampp/htdocs/be-fms/api/vendor/illuminate/pipeline/Pipeline.php(119): Laravel/Lumen/Routing/Pipeline->Laravel/Lumen/Routing/{closure}(Object(Laravel/Lumen/Http/Request))
#16 C:/xampp/htdocs/be-fms/api/vendor/laravel/lumen-framework/src/Concerns/RoutesRequests.php(428): Illuminate/Pipeline/Pipeline->then(Object(Closure))
#17 C:/xampp/htdocs/be-fms/api/vendor/laravel/lumen-framework/src/Concerns/RoutesRequests.php(263): Laravel/Lumen/Application->sendThroughPipeline(Array, Object(Closure))
#18 C:/xampp/htdocs/be-fms/api/vendor/laravel/lumen-framework/src/Concerns/RoutesRequests.php(239): Laravel/Lumen/Application->handleFoundRoute(Array)
#19 C:/xampp/htdocs/be-fms/api/vendor/laravel/lumen-framework/src/Concerns/RoutesRequests.php(174): Laravel/Lumen/Application->handleDispatcherResponse(Array)
#20 C:/xampp/htdocs/be-fms/api/vendor/laravel/lumen-framework/src/Concerns/RoutesRequests.php(431): Laravel/Lumen/Application->Laravel/Lumen/Concerns/{closure}(Object(Laravel/Lumen/Http/Request))
#21 C:/xampp/htdocs/be-fms/api/vendor/laravel/lumen-framework/src/Concerns/RoutesRequests.php(167): Laravel/Lumen/Application->sendThroughPipeline(Array, Object(Closure))
#22 C:/xampp/htdocs/be-fms/api/vendor/laravel/lumen-framework/src/Concerns/RoutesRequests.php(112): Laravel/Lumen/Application->dispatch(NULL)
#23 C:/xampp/htdocs/be-fms/api/public/index.php(28): Laravel/Lumen/Application->run()
#24 {main}
"} 
[2026-02-28 06:47:42] local.ERROR: Unable to resolve dependency [Parameter #1 [ <required> $userID ]] in class App\Http\Controllers\JobController {"exception":"[object] (Illuminate\\Contracts\\Container\\BindingResolutionException(code: 0): Unable to resolve dependency [Parameter #1 [ <required> $userID ]] in class App\\Http\\Controllers\\JobController at C:/xampp/htdocs/be-fms/api/vendor/illuminate/container/BoundMethod.php:188)
[stacktrace]
#0 C:/xampp/htdocs/be-fms/api/vendor/illuminate/container/BoundMethod.php(124): Illuminate/Container/BoundMethod::addDependencyForCallParameter(Object(Laravel/Lumen/Application), Object(ReflectionParameter), Array, Array)
#1 C:/xampp/htdocs/be-fms/api/vendor/illuminate/container/BoundMethod.php(36): Illuminate/Container/BoundMethod::getMethodDependencies(Object(Laravel/Lumen/Application), Array, Array)
#2 C:/xampp/htdocs/be-fms/api/vendor/illuminate/container/Util.php(41): Illuminate/Container/BoundMethod::Illuminate/Container/{closure}()
#3 C:/xampp/htdocs/be-fms/api/vendor/illuminate/container/BoundMethod.php(93): Illuminate/Container/Util::unwrapIfClosure(Object(Closure))
#4 C:/xampp/htdocs/be-fms/api/vendor/illuminate/container/BoundMethod.php(35): Illuminate/Container/BoundMethod::callBoundMethod(Object(Laravel/Lumen/Application), Array, Object(Closure))
#5 C:/xampp/htdocs/be-fms/api/vendor/illuminate/container/Container.php(662): Illuminate/Container/BoundMethod::call(Object(Laravel/Lumen/Application), Array, Array, NULL)
#6 C:/xampp/htdocs/be-fms/api/vendor/laravel/lumen-framework/src/Concerns/RoutesRequests.php(391): Illuminate/Container/Container->call(Array, Array)
#7 C:/xampp/htdocs/be-fms/api/vendor/laravel/lumen-framework/src/Concerns/RoutesRequests.php(356): Laravel/Lumen/Application->callControllerCallable(Array, Array)
#8 C:/xampp/htdocs/be-fms/api/vendor/laravel/lumen-framework/src/Concerns/RoutesRequests.php(331): Laravel/Lumen/Application->callLumenController(Object(App/Http/Controllers/JobController), 'get_job_by_user', Array)
#9 C:/xampp/htdocs/be-fms/api/vendor/laravel/lumen-framework/src/Concerns/RoutesRequests.php(284): Laravel/Lumen/Application->callControllerAction(Array)
#10 C:/xampp/htdocs/be-fms/api/vendor/laravel/lumen-framework/src/Concerns/RoutesRequests.php(264): Laravel/Lumen/Application->callActionOnArrayBasedRoute(Array)
#11 C:/xampp/htdocs/be-fms/api/vendor/laravel/lumen-framework/src/Routing/Pipeline.php(48): Laravel/Lumen/Application->Laravel/Lumen/Concerns/{closure}(Object(Laravel/Lumen/Http/Request))
#12 C:/xampp/htdocs/be-fms/api/app/Http/Middleware/Authenticate.php(74): Laravel/Lumen/Routing/Pipeline->Laravel/Lumen/Routing/{closure}(Object(Laravel/Lumen/Http/Request))
#13 C:/xampp/htdocs/be-fms/api/vendor/illuminate/pipeline/Pipeline.php(183): App/Http/Middleware/Authenticate->handle(Object(Laravel/Lumen/Http/Request), Object(Closure))
#14 C:/xampp/htdocs/be-fms/api/vendor/laravel/lumen-framework/src/Routing/Pipeline.php(30): Illuminate/Pipeline/Pipeline->Illuminate/Pipeline/{closure}(Object(Laravel/Lumen/Http/Request))
#15 C:/xampp/htdocs/be-fms/api/vendor/illuminate/pipeline/Pipeline.php(119): Laravel/Lumen/Routing/Pipeline->Laravel/Lumen/Routing/{closure}(Object(Laravel/Lumen/Http/Request))
#16 C:/xampp/htdocs/be-fms/api/vendor/laravel/lumen-framework/src/Concerns/RoutesRequests.php(428): Illuminate/Pipeline/Pipeline->then(Object(Closure))
#17 C:/xampp/htdocs/be-fms/api/vendor/laravel/lumen-framework/src/Concerns/RoutesRequests.php(263): Laravel/Lumen/Application->sendThroughPipeline(Array, Object(Closure))
#18 C:/xampp/htdocs/be-fms/api/vendor/laravel/lumen-framework/src/Concerns/RoutesRequests.php(239): Laravel/Lumen/Application->handleFoundRoute(Array)
#19 C:/xampp/htdocs/be-fms/api/vendor/laravel/lumen-framework/src/Concerns/RoutesRequests.php(174): Laravel/Lumen/Application->handleDispatcherResponse(Array)
#20 C:/xampp/htdocs/be-fms/api/vendor/laravel/lumen-framework/src/Concerns/RoutesRequests.php(431): Laravel/Lumen/Application->Laravel/Lumen/Concerns/{closure}(Object(Laravel/Lumen/Http/Request))
#21 C:/xampp/htdocs/be-fms/api/vendor/laravel/lumen-framework/src/Concerns/RoutesRequests.php(167): Laravel/Lumen/Application->sendThroughPipeline(Array, Object(Closure))
#22 C:/xampp/htdocs/be-fms/api/vendor/laravel/lumen-framework/src/Concerns/RoutesRequests.php(112): Laravel/Lumen/Application->dispatch(NULL)
#23 C:/xampp/htdocs/be-fms/api/public/index.php(28): Laravel/Lumen/Application->run()
#24 {main}
"} 
[2026-02-28 06:47:46] local.ERROR: Unable to resolve dependency [Parameter #1 [ <required> $userID ]] in class App\Http\Controllers\JobController {"exception":"[object] (Illuminate\\Contracts\\Container\\BindingResolutionException(code: 0): Unable to resolve dependency [Parameter #1 [ <required> $userID ]] in class App\\Http\\Controllers\\JobController at C:/xampp/htdocs/be-fms/api/vendor/illuminate/container/BoundMethod.php:188)
[stacktrace]
#0 C:/xampp/htdocs/be-fms/api/vendor/illuminate/container/BoundMethod.php(124): Illuminate/Container/BoundMethod::addDependencyForCallParameter(Object(Laravel/Lumen/Application), Object(ReflectionParameter), Array, Array)
#1 C:/xampp/htdocs/be-fms/api/vendor/illuminate/container/BoundMethod.php(36): Illuminate/Container/BoundMethod::getMethodDependencies(Object(Laravel/Lumen/Application), Array, Array)
#2 C:/xampp/htdocs/be-fms/api/vendor/illuminate/container/Util.php(41): Illuminate/Container/BoundMethod::Illuminate/Container/{closure}()
#3 C:/xampp/htdocs/be-fms/api/vendor/illuminate/container/BoundMethod.php(93): Illuminate/Container/Util::unwrapIfClosure(Object(Closure))
#4 C:/xampp/htdocs/be-fms/api/vendor/illuminate/container/BoundMethod.php(35): Illuminate/Container/BoundMethod::callBoundMethod(Object(Laravel/Lumen/Application), Array, Object(Closure))
#5 C:/xampp/htdocs/be-fms/api/vendor/illuminate/container/Container.php(662): Illuminate/Container/BoundMethod::call(Object(Laravel/Lumen/Application), Array, Array, NULL)
#6 C:/xampp/htdocs/be-fms/api/vendor/laravel/lumen-framework/src/Concerns/RoutesRequests.php(391): Illuminate/Container/Container->call(Array, Array)
#7 C:/xampp/htdocs/be-fms/api/vendor/laravel/lumen-framework/src/Concerns/RoutesRequests.php(356): Laravel/Lumen/Application->callControllerCallable(Array, Array)
#8 C:/xampp/htdocs/be-fms/api/vendor/laravel/lumen-framework/src/Concerns/RoutesRequests.php(331): Laravel/Lumen/Application->callLumenController(Object(App/Http/Controllers/JobController), 'get_job_by_user', Array)
#9 C:/xampp/htdocs/be-fms/api/vendor/laravel/lumen-framework/src/Concerns/RoutesRequests.php(284): Laravel/Lumen/Application->callControllerAction(Array)
#10 C:/xampp/htdocs/be-fms/api/vendor/laravel/lumen-framework/src/Concerns/RoutesRequests.php(264): Laravel/Lumen/Application->callActionOnArrayBasedRoute(Array)
#11 C:/xampp/htdocs/be-fms/api/vendor/laravel/lumen-framework/src/Routing/Pipeline.php(48): Laravel/Lumen/Application->Laravel/Lumen/Concerns/{closure}(Object(Laravel/Lumen/Http/Request))
#12 C:/xampp/htdocs/be-fms/api/app/Http/Middleware/Authenticate.php(74): Laravel/Lumen/Routing/Pipeline->Laravel/Lumen/Routing/{closure}(Object(Laravel/Lumen/Http/Request))
#13 C:/xampp/htdocs/be-fms/api/vendor/illuminate/pipeline/Pipeline.php(183): App/Http/Middleware/Authenticate->handle(Object(Laravel/Lumen/Http/Request), Object(Closure))
#14 C:/xampp/htdocs/be-fms/api/vendor/laravel/lumen-framework/src/Routing/Pipeline.php(30): Illuminate/Pipeline/Pipeline->Illuminate/Pipeline/{closure}(Object(Laravel/Lumen/Http/Request))
#15 C:/xampp/htdocs/be-fms/api/vendor/illuminate/pipeline/Pipeline.php(119): Laravel/Lumen/Routing/Pipeline->Laravel/Lumen/Routing/{closure}(Object(Laravel/Lumen/Http/Request))
#16 C:/xampp/htdocs/be-fms/api/vendor/laravel/lumen-framework/src/Concerns/RoutesRequests.php(428): Illuminate/Pipeline/Pipeline->then(Object(Closure))
#17 C:/xampp/htdocs/be-fms/api/vendor/laravel/lumen-framework/src/Concerns/RoutesRequests.php(263): Laravel/Lumen/Application->sendThroughPipeline(Array, Object(Closure))
#18 C:/xampp/htdocs/be-fms/api/vendor/laravel/lumen-framework/src/Concerns/RoutesRequests.php(239): Laravel/Lumen/Application->handleFoundRoute(Array)
#19 C:/xampp/htdocs/be-fms/api/vendor/laravel/lumen-framework/src/Concerns/RoutesRequests.php(174): Laravel/Lumen/Application->handleDispatcherResponse(Array)
#20 C:/xampp/htdocs/be-fms/api/vendor/laravel/lumen-framework/src/Concerns/RoutesRequests.php(431): Laravel/Lumen/Application->Laravel/Lumen/Concerns/{closure}(Object(Laravel/Lumen/Http/Request))
#21 C:/xampp/htdocs/be-fms/api/vendor/laravel/lumen-framework/src/Concerns/RoutesRequests.php(167): Laravel/Lumen/Application->sendThroughPipeline(Array, Object(Closure))
#22 C:/xampp/htdocs/be-fms/api/vendor/laravel/lumen-framework/src/Concerns/RoutesRequests.php(112): Laravel/Lumen/Application->dispatch(NULL)
#23 C:/xampp/htdocs/be-fms/api/public/index.php(28): Laravel/Lumen/Application->run()
#24 {main}
"} 
[2026-02-28 06:47:49] local.ERROR: Unable to resolve dependency [Parameter #1 [ <required> $userID ]] in class App\Http\Controllers\JobController {"exception":"[object] (Illuminate\\Contracts\\Container\\BindingResolutionException(code: 0): Unable to resolve dependency [Parameter #1 [ <required> $userID ]] in class App\\Http\\Controllers\\JobController at C:/xampp/htdocs/be-fms/api/vendor/illuminate/container/BoundMethod.php:188)
[stacktrace]
#0 C:/xampp/htdocs/be-fms/api/vendor/illuminate/container/BoundMethod.php(124): Illuminate/Container/BoundMethod::addDependencyForCallParameter(Object(Laravel/Lumen/Application), Object(ReflectionParameter), Array, Array)
#1 C:/xampp/htdocs/be-fms/api/vendor/illuminate/container/BoundMethod.php(36): Illuminate/Container/BoundMethod::getMethodDependencies(Object(Laravel/Lumen/Application), Array, Array)
#2 C:/xampp/htdocs/be-fms/api/vendor/illuminate/container/Util.php(41): Illuminate/Container/BoundMethod::Illuminate/Container/{closure}()
#3 C:/xampp/htdocs/be-fms/api/vendor/illuminate/container/BoundMethod.php(93): Illuminate/Container/Util::unwrapIfClosure(Object(Closure))
#4 C:/xampp/htdocs/be-fms/api/vendor/illuminate/container/BoundMethod.php(35): Illuminate/Container/BoundMethod::callBoundMethod(Object(Laravel/Lumen/Application), Array, Object(Closure))
#5 C:/xampp/htdocs/be-fms/api/vendor/illuminate/container/Container.php(662): Illuminate/Container/BoundMethod::call(Object(Laravel/Lumen/Application), Array, Array, NULL)
#6 C:/xampp/htdocs/be-fms/api/vendor/laravel/lumen-framework/src/Concerns/RoutesRequests.php(391): Illuminate/Container/Container->call(Array, Array)
#7 C:/xampp/htdocs/be-fms/api/vendor/laravel/lumen-framework/src/Concerns/RoutesRequests.php(356): Laravel/Lumen/Application->callControllerCallable(Array, Array)
#8 C:/xampp/htdocs/be-fms/api/vendor/laravel/lumen-framework/src/Concerns/RoutesRequests.php(331): Laravel/Lumen/Application->callLumenController(Object(App/Http/Controllers/JobController), 'get_job_by_user', Array)
#9 C:/xampp/htdocs/be-fms/api/vendor/laravel/lumen-framework/src/Concerns/RoutesRequests.php(284): Laravel/Lumen/Application->callControllerAction(Array)
#10 C:/xampp/htdocs/be-fms/api/vendor/laravel/lumen-framework/src/Concerns/RoutesRequests.php(264): Laravel/Lumen/Application->callActionOnArrayBasedRoute(Array)
#11 C:/xampp/htdocs/be-fms/api/vendor/laravel/lumen-framework/src/Routing/Pipeline.php(48): Laravel/Lumen/Application->Laravel/Lumen/Concerns/{closure}(Object(Laravel/Lumen/Http/Request))
#12 C:/xampp/htdocs/be-fms/api/app/Http/Middleware/Authenticate.php(74): Laravel/Lumen/Routing/Pipeline->Laravel/Lumen/Routing/{closure}(Object(Laravel/Lumen/Http/Request))
#13 C:/xampp/htdocs/be-fms/api/vendor/illuminate/pipeline/Pipeline.php(183): App/Http/Middleware/Authenticate->handle(Object(Laravel/Lumen/Http/Request), Object(Closure))
#14 C:/xampp/htdocs/be-fms/api/vendor/laravel/lumen-framework/src/Routing/Pipeline.php(30): Illuminate/Pipeline/Pipeline->Illuminate/Pipeline/{closure}(Object(Laravel/Lumen/Http/Request))
#15 C:/xampp/htdocs/be-fms/api/vendor/illuminate/pipeline/Pipeline.php(119): Laravel/Lumen/Routing/Pipeline->Laravel/Lumen/Routing/{closure}(Object(Laravel/Lumen/Http/Request))
#16 C:/xampp/htdocs/be-fms/api/vendor/laravel/lumen-framework/src/Concerns/RoutesRequests.php(428): Illuminate/Pipeline/Pipeline->then(Object(Closure))
#17 C:/xampp/htdocs/be-fms/api/vendor/laravel/lumen-framework/src/Concerns/RoutesRequests.php(263): Laravel/Lumen/Application->sendThroughPipeline(Array, Object(Closure))
#18 C:/xampp/htdocs/be-fms/api/vendor/laravel/lumen-framework/src/Concerns/RoutesRequests.php(239): Laravel/Lumen/Application->handleFoundRoute(Array)
#19 C:/xampp/htdocs/be-fms/api/vendor/laravel/lumen-framework/src/Concerns/RoutesRequests.php(174): Laravel/Lumen/Application->handleDispatcherResponse(Array)
#20 C:/xampp/htdocs/be-fms/api/vendor/laravel/lumen-framework/src/Concerns/RoutesRequests.php(431): Laravel/Lumen/Application->Laravel/Lumen/Concerns/{closure}(Object(Laravel/Lumen/Http/Request))
#21 C:/xampp/htdocs/be-fms/api/vendor/laravel/lumen-framework/src/Concerns/RoutesRequests.php(167): Laravel/Lumen/Application->sendThroughPipeline(Array, Object(Closure))
#22 C:/xampp/htdocs/be-fms/api/vendor/laravel/lumen-framework/src/Concerns/RoutesRequests.php(112): Laravel/Lumen/Application->dispatch(NULL)
#23 C:/xampp/htdocs/be-fms/api/public/index.php(28): Laravel/Lumen/Application->run()
#24 {main}
"} 
[2026-02-28 06:50:20] local.ERROR: Unable to resolve dependency [Parameter #1 [ <required> $userID ]] in class App\Http\Controllers\JobController {"exception":"[object] (Illuminate\\Contracts\\Container\\BindingResolutionException(code: 0): Unable to resolve dependency [Parameter #1 [ <required> $userID ]] in class App\\Http\\Controllers\\JobController at C:/xampp/htdocs/be-fms/api/vendor/illuminate/container/BoundMethod.php:188)
[stacktrace]
#0 C:/xampp/htdocs/be-fms/api/vendor/illuminate/container/BoundMethod.php(124): Illuminate/Container/BoundMethod::addDependencyForCallParameter(Object(Laravel/Lumen/Application), Object(ReflectionParameter), Array, Array)
#1 C:/xampp/htdocs/be-fms/api/vendor/illuminate/container/BoundMethod.php(36): Illuminate/Container/BoundMethod::getMethodDependencies(Object(Laravel/Lumen/Application), Array, Array)
#2 C:/xampp/htdocs/be-fms/api/vendor/illuminate/container/Util.php(41): Illuminate/Container/BoundMethod::Illuminate/Container/{closure}()
#3 C:/xampp/htdocs/be-fms/api/vendor/illuminate/container/BoundMethod.php(93): Illuminate/Container/Util::unwrapIfClosure(Object(Closure))
#4 C:/xampp/htdocs/be-fms/api/vendor/illuminate/container/BoundMethod.php(35): Illuminate/Container/BoundMethod::callBoundMethod(Object(Laravel/Lumen/Application), Array, Object(Closure))
#5 C:/xampp/htdocs/be-fms/api/vendor/illuminate/container/Container.php(662): Illuminate/Container/BoundMethod::call(Object(Laravel/Lumen/Application), Array, Array, NULL)
#6 C:/xampp/htdocs/be-fms/api/vendor/laravel/lumen-framework/src/Concerns/RoutesRequests.php(391): Illuminate/Container/Container->call(Array, Array)
#7 C:/xampp/htdocs/be-fms/api/vendor/laravel/lumen-framework/src/Concerns/RoutesRequests.php(356): Laravel/Lumen/Application->callControllerCallable(Array, Array)
#8 C:/xampp/htdocs/be-fms/api/vendor/laravel/lumen-framework/src/Concerns/RoutesRequests.php(331): Laravel/Lumen/Application->callLumenController(Object(App/Http/Controllers/JobController), 'get_job_by_user', Array)
#9 C:/xampp/htdocs/be-fms/api/vendor/laravel/lumen-framework/src/Concerns/RoutesRequests.php(284): Laravel/Lumen/Application->callControllerAction(Array)
#10 C:/xampp/htdocs/be-fms/api/vendor/laravel/lumen-framework/src/Concerns/RoutesRequests.php(264): Laravel/Lumen/Application->callActionOnArrayBasedRoute(Array)
#11 C:/xampp/htdocs/be-fms/api/vendor/laravel/lumen-framework/src/Routing/Pipeline.php(48): Laravel/Lumen/Application->Laravel/Lumen/Concerns/{closure}(Object(Laravel/Lumen/Http/Request))
#12 C:/xampp/htdocs/be-fms/api/app/Http/Middleware/Authenticate.php(74): Laravel/Lumen/Routing/Pipeline->Laravel/Lumen/Routing/{closure}(Object(Laravel/Lumen/Http/Request))
#13 C:/xampp/htdocs/be-fms/api/vendor/illuminate/pipeline/Pipeline.php(183): App/Http/Middleware/Authenticate->handle(Object(Laravel/Lumen/Http/Request), Object(Closure))
#14 C:/xampp/htdocs/be-fms/api/vendor/laravel/lumen-framework/src/Routing/Pipeline.php(30): Illuminate/Pipeline/Pipeline->Illuminate/Pipeline/{closure}(Object(Laravel/Lumen/Http/Request))
#15 C:/xampp/htdocs/be-fms/api/vendor/illuminate/pipeline/Pipeline.php(119): Laravel/Lumen/Routing/Pipeline->Laravel/Lumen/Routing/{closure}(Object(Laravel/Lumen/Http/Request))
#16 C:/xampp/htdocs/be-fms/api/vendor/laravel/lumen-framework/src/Concerns/RoutesRequests.php(428): Illuminate/Pipeline/Pipeline->then(Object(Closure))
#17 C:/xampp/htdocs/be-fms/api/vendor/laravel/lumen-framework/src/Concerns/RoutesRequests.php(263): Laravel/Lumen/Application->sendThroughPipeline(Array, Object(Closure))
#18 C:/xampp/htdocs/be-fms/api/vendor/laravel/lumen-framework/src/Concerns/RoutesRequests.php(239): Laravel/Lumen/Application->handleFoundRoute(Array)
#19 C:/xampp/htdocs/be-fms/api/vendor/laravel/lumen-framework/src/Concerns/RoutesRequests.php(174): Laravel/Lumen/Application->handleDispatcherResponse(Array)
#20 C:/xampp/htdocs/be-fms/api/vendor/laravel/lumen-framework/src/Concerns/RoutesRequests.php(431): Laravel/Lumen/Application->Laravel/Lumen/Concerns/{closure}(Object(Laravel/Lumen/Http/Request))
#21 C:/xampp/htdocs/be-fms/api/vendor/laravel/lumen-framework/src/Concerns/RoutesRequests.php(167): Laravel/Lumen/Application->sendThroughPipeline(Array, Object(Closure))
#22 C:/xampp/htdocs/be-fms/api/vendor/laravel/lumen-framework/src/Concerns/RoutesRequests.php(112): Laravel/Lumen/Application->dispatch(NULL)
#23 C:/xampp/htdocs/be-fms/api/public/index.php(28): Laravel/Lumen/Application->run()
#24 {main}
"} 
[2026-02-28 06:50:20] local.ERROR: Unable to resolve dependency [Parameter #1 [ <required> $userID ]] in class App\Http\Controllers\JobController {"exception":"[object] (Illuminate\\Contracts\\Container\\BindingResolutionException(code: 0): Unable to resolve dependency [Parameter #1 [ <required> $userID ]] in class App\\Http\\Controllers\\JobController at C:/xampp/htdocs/be-fms/api/vendor/illuminate/container/BoundMethod.php:188)
[stacktrace]
#0 C:/xampp/htdocs/be-fms/api/vendor/illuminate/container/BoundMethod.php(124): Illuminate/Container/BoundMethod::addDependencyForCallParameter(Object(Laravel/Lumen/Application), Object(ReflectionParameter), Array, Array)
#1 C:/xampp/htdocs/be-fms/api/vendor/illuminate/container/BoundMethod.php(36): Illuminate/Container/BoundMethod::getMethodDependencies(Object(Laravel/Lumen/Application), Array, Array)
#2 C:/xampp/htdocs/be-fms/api/vendor/illuminate/container/Util.php(41): Illuminate/Container/BoundMethod::Illuminate/Container/{closure}()
#3 C:/xampp/htdocs/be-fms/api/vendor/illuminate/container/BoundMethod.php(93): Illuminate/Container/Util::unwrapIfClosure(Object(Closure))
#4 C:/xampp/htdocs/be-fms/api/vendor/illuminate/container/BoundMethod.php(35): Illuminate/Container/BoundMethod::callBoundMethod(Object(Laravel/Lumen/Application), Array, Object(Closure))
#5 C:/xampp/htdocs/be-fms/api/vendor/illuminate/container/Container.php(662): Illuminate/Container/BoundMethod::call(Object(Laravel/Lumen/Application), Array, Array, NULL)
#6 C:/xampp/htdocs/be-fms/api/vendor/laravel/lumen-framework/src/Concerns/RoutesRequests.php(391): Illuminate/Container/Container->call(Array, Array)
#7 C:/xampp/htdocs/be-fms/api/vendor/laravel/lumen-framework/src/Concerns/RoutesRequests.php(356): Laravel/Lumen/Application->callControllerCallable(Array, Array)
#8 C:/xampp/htdocs/be-fms/api/vendor/laravel/lumen-framework/src/Concerns/RoutesRequests.php(331): Laravel/Lumen/Application->callLumenController(Object(App/Http/Controllers/JobController), 'get_job_by_user', Array)
#9 C:/xampp/htdocs/be-fms/api/vendor/laravel/lumen-framework/src/Concerns/RoutesRequests.php(284): Laravel/Lumen/Application->callControllerAction(Array)
#10 C:/xampp/htdocs/be-fms/api/vendor/laravel/lumen-framework/src/Concerns/RoutesRequests.php(264): Laravel/Lumen/Application->callActionOnArrayBasedRoute(Array)
#11 C:/xampp/htdocs/be-fms/api/vendor/laravel/lumen-framework/src/Routing/Pipeline.php(48): Laravel/Lumen/Application->Laravel/Lumen/Concerns/{closure}(Object(Laravel/Lumen/Http/Request))
#12 C:/xampp/htdocs/be-fms/api/app/Http/Middleware/Authenticate.php(74): Laravel/Lumen/Routing/Pipeline->Laravel/Lumen/Routing/{closure}(Object(Laravel/Lumen/Http/Request))
#13 C:/xampp/htdocs/be-fms/api/vendor/illuminate/pipeline/Pipeline.php(183): App/Http/Middleware/Authenticate->handle(Object(Laravel/Lumen/Http/Request), Object(Closure))
#14 C:/xampp/htdocs/be-fms/api/vendor/laravel/lumen-framework/src/Routing/Pipeline.php(30): Illuminate/Pipeline/Pipeline->Illuminate/Pipeline/{closure}(Object(Laravel/Lumen/Http/Request))
#15 C:/xampp/htdocs/be-fms/api/vendor/illuminate/pipeline/Pipeline.php(119): Laravel/Lumen/Routing/Pipeline->Laravel/Lumen/Routing/{closure}(Object(Laravel/Lumen/Http/Request))
#16 C:/xampp/htdocs/be-fms/api/vendor/laravel/lumen-framework/src/Concerns/RoutesRequests.php(428): Illuminate/Pipeline/Pipeline->then(Object(Closure))
#17 C:/xampp/htdocs/be-fms/api/vendor/laravel/lumen-framework/src/Concerns/RoutesRequests.php(263): Laravel/Lumen/Application->sendThroughPipeline(Array, Object(Closure))
#18 C:/xampp/htdocs/be-fms/api/vendor/laravel/lumen-framework/src/Concerns/RoutesRequests.php(239): Laravel/Lumen/Application->handleFoundRoute(Array)
#19 C:/xampp/htdocs/be-fms/api/vendor/laravel/lumen-framework/src/Concerns/RoutesRequests.php(174): Laravel/Lumen/Application->handleDispatcherResponse(Array)
#20 C:/xampp/htdocs/be-fms/api/vendor/laravel/lumen-framework/src/Concerns/RoutesRequests.php(431): Laravel/Lumen/Application->Laravel/Lumen/Concerns/{closure}(Object(Laravel/Lumen/Http/Request))
#21 C:/xampp/htdocs/be-fms/api/vendor/laravel/lumen-framework/src/Concerns/RoutesRequests.php(167): Laravel/Lumen/Application->sendThroughPipeline(Array, Object(Closure))
#22 C:/xampp/htdocs/be-fms/api/vendor/laravel/lumen-framework/src/Concerns/RoutesRequests.php(112): Laravel/Lumen/Application->dispatch(NULL)
#23 C:/xampp/htdocs/be-fms/api/public/index.php(28): Laravel/Lumen/Application->run()
#24 {main}
"} 
[2026-02-28 06:51:22] local.ERROR: Unable to resolve dependency [Parameter #1 [ <required> $userID ]] in class App\Http\Controllers\JobController {"exception":"[object] (Illuminate\\Contracts\\Container\\BindingResolutionException(code: 0): Unable to resolve dependency [Parameter #1 [ <required> $userID ]] in class App\\Http\\Controllers\\JobController at C:/xampp/htdocs/be-fms/api/vendor/illuminate/container/BoundMethod.php:188)
[stacktrace]
#0 C:/xampp/htdocs/be-fms/api/vendor/illuminate/container/BoundMethod.php(124): Illuminate/Container/BoundMethod::addDependencyForCallParameter(Object(Laravel/Lumen/Application), Object(ReflectionParameter), Array, Array)
#1 C:/xampp/htdocs/be-fms/api/vendor/illuminate/container/BoundMethod.php(36): Illuminate/Container/BoundMethod::getMethodDependencies(Object(Laravel/Lumen/Application), Array, Array)
#2 C:/xampp/htdocs/be-fms/api/vendor/illuminate/container/Util.php(41): Illuminate/Container/BoundMethod::Illuminate/Container/{closure}()
#3 C:/xampp/htdocs/be-fms/api/vendor/illuminate/container/BoundMethod.php(93): Illuminate/Container/Util::unwrapIfClosure(Object(Closure))
#4 C:/xampp/htdocs/be-fms/api/vendor/illuminate/container/BoundMethod.php(35): Illuminate/Container/BoundMethod::callBoundMethod(Object(Laravel/Lumen/Application), Array, Object(Closure))
#5 C:/xampp/htdocs/be-fms/api/vendor/illuminate/container/Container.php(662): Illuminate/Container/BoundMethod::call(Object(Laravel/Lumen/Application), Array, Array, NULL)
#6 C:/xampp/htdocs/be-fms/api/vendor/laravel/lumen-framework/src/Concerns/RoutesRequests.php(391): Illuminate/Container/Container->call(Array, Array)
#7 C:/xampp/htdocs/be-fms/api/vendor/laravel/lumen-framework/src/Concerns/RoutesRequests.php(356): Laravel/Lumen/Application->callControllerCallable(Array, Array)
#8 C:/xampp/htdocs/be-fms/api/vendor/laravel/lumen-framework/src/Concerns/RoutesRequests.php(331): Laravel/Lumen/Application->callLumenController(Object(App/Http/Controllers/JobController), 'get_job_by_user', Array)
#9 C:/xampp/htdocs/be-fms/api/vendor/laravel/lumen-framework/src/Concerns/RoutesRequests.php(284): Laravel/Lumen/Application->callControllerAction(Array)
#10 C:/xampp/htdocs/be-fms/api/vendor/laravel/lumen-framework/src/Concerns/RoutesRequests.php(264): Laravel/Lumen/Application->callActionOnArrayBasedRoute(Array)
#11 C:/xampp/htdocs/be-fms/api/vendor/laravel/lumen-framework/src/Routing/Pipeline.php(48): Laravel/Lumen/Application->Laravel/Lumen/Concerns/{closure}(Object(Laravel/Lumen/Http/Request))
#12 C:/xampp/htdocs/be-fms/api/app/Http/Middleware/Authenticate.php(74): Laravel/Lumen/Routing/Pipeline->Laravel/Lumen/Routing/{closure}(Object(Laravel/Lumen/Http/Request))
#13 C:/xampp/htdocs/be-fms/api/vendor/illuminate/pipeline/Pipeline.php(183): App/Http/Middleware/Authenticate->handle(Object(Laravel/Lumen/Http/Request), Object(Closure))
#14 C:/xampp/htdocs/be-fms/api/vendor/laravel/lumen-framework/src/Routing/Pipeline.php(30): Illuminate/Pipeline/Pipeline->Illuminate/Pipeline/{closure}(Object(Laravel/Lumen/Http/Request))
#15 C:/xampp/htdocs/be-fms/api/vendor/illuminate/pipeline/Pipeline.php(119): Laravel/Lumen/Routing/Pipeline->Laravel/Lumen/Routing/{closure}(Object(Laravel/Lumen/Http/Request))
#16 C:/xampp/htdocs/be-fms/api/vendor/laravel/lumen-framework/src/Concerns/RoutesRequests.php(428): Illuminate/Pipeline/Pipeline->then(Object(Closure))
#17 C:/xampp/htdocs/be-fms/api/vendor/laravel/lumen-framework/src/Concerns/RoutesRequests.php(263): Laravel/Lumen/Application->sendThroughPipeline(Array, Object(Closure))
#18 C:/xampp/htdocs/be-fms/api/vendor/laravel/lumen-framework/src/Concerns/RoutesRequests.php(239): Laravel/Lumen/Application->handleFoundRoute(Array)
#19 C:/xampp/htdocs/be-fms/api/vendor/laravel/lumen-framework/src/Concerns/RoutesRequests.php(174): Laravel/Lumen/Application->handleDispatcherResponse(Array)
#20 C:/xampp/htdocs/be-fms/api/vendor/laravel/lumen-framework/src/Concerns/RoutesRequests.php(431): Laravel/Lumen/Application->Laravel/Lumen/Concerns/{closure}(Object(Laravel/Lumen/Http/Request))
#21 C:/xampp/htdocs/be-fms/api/vendor/laravel/lumen-framework/src/Concerns/RoutesRequests.php(167): Laravel/Lumen/Application->sendThroughPipeline(Array, Object(Closure))
#22 C:/xampp/htdocs/be-fms/api/vendor/laravel/lumen-framework/src/Concerns/RoutesRequests.php(112): Laravel/Lumen/Application->dispatch(NULL)
#23 C:/xampp/htdocs/be-fms/api/public/index.php(28): Laravel/Lumen/Application->run()
#24 {main}
"} 
[2026-02-28 06:51:24] local.ERROR: Unable to resolve dependency [Parameter #1 [ <required> $userID ]] in class App\Http\Controllers\JobController {"exception":"[object] (Illuminate\\Contracts\\Container\\BindingResolutionException(code: 0): Unable to resolve dependency [Parameter #1 [ <required> $userID ]] in class App\\Http\\Controllers\\JobController at C:/xampp/htdocs/be-fms/api/vendor/illuminate/container/BoundMethod.php:188)
[stacktrace]
#0 C:/xampp/htdocs/be-fms/api/vendor/illuminate/container/BoundMethod.php(124): Illuminate/Container/BoundMethod::addDependencyForCallParameter(Object(Laravel/Lumen/Application), Object(ReflectionParameter), Array, Array)
#1 C:/xampp/htdocs/be-fms/api/vendor/illuminate/container/BoundMethod.php(36): Illuminate/Container/BoundMethod::getMethodDependencies(Object(Laravel/Lumen/Application), Array, Array)
#2 C:/xampp/htdocs/be-fms/api/vendor/illuminate/container/Util.php(41): Illuminate/Container/BoundMethod::Illuminate/Container/{closure}()
#3 C:/xampp/htdocs/be-fms/api/vendor/illuminate/container/BoundMethod.php(93): Illuminate/Container/Util::unwrapIfClosure(Object(Closure))
#4 C:/xampp/htdocs/be-fms/api/vendor/illuminate/container/BoundMethod.php(35): Illuminate/Container/BoundMethod::callBoundMethod(Object(Laravel/Lumen/Application), Array, Object(Closure))
#5 C:/xampp/htdocs/be-fms/api/vendor/illuminate/container/Container.php(662): Illuminate/Container/BoundMethod::call(Object(Laravel/Lumen/Application), Array, Array, NULL)
#6 C:/xampp/htdocs/be-fms/api/vendor/laravel/lumen-framework/src/Concerns/RoutesRequests.php(391): Illuminate/Container/Container->call(Array, Array)
#7 C:/xampp/htdocs/be-fms/api/vendor/laravel/lumen-framework/src/Concerns/RoutesRequests.php(356): Laravel/Lumen/Application->callControllerCallable(Array, Array)
#8 C:/xampp/htdocs/be-fms/api/vendor/laravel/lumen-framework/src/Concerns/RoutesRequests.php(331): Laravel/Lumen/Application->callLumenController(Object(App/Http/Controllers/JobController), 'get_job_by_user', Array)
#9 C:/xampp/htdocs/be-fms/api/vendor/laravel/lumen-framework/src/Concerns/RoutesRequests.php(284): Laravel/Lumen/Application->callControllerAction(Array)
#10 C:/xampp/htdocs/be-fms/api/vendor/laravel/lumen-framework/src/Concerns/RoutesRequests.php(264): Laravel/Lumen/Application->callActionOnArrayBasedRoute(Array)
#11 C:/xampp/htdocs/be-fms/api/vendor/laravel/lumen-framework/src/Routing/Pipeline.php(48): Laravel/Lumen/Application->Laravel/Lumen/Concerns/{closure}(Object(Laravel/Lumen/Http/Request))
#12 C:/xampp/htdocs/be-fms/api/app/Http/Middleware/Authenticate.php(74): Laravel/Lumen/Routing/Pipeline->Laravel/Lumen/Routing/{closure}(Object(Laravel/Lumen/Http/Request))
#13 C:/xampp/htdocs/be-fms/api/vendor/illuminate/pipeline/Pipeline.php(183): App/Http/Middleware/Authenticate->handle(Object(Laravel/Lumen/Http/Request), Object(Closure))
#14 C:/xampp/htdocs/be-fms/api/vendor/laravel/lumen-framework/src/Routing/Pipeline.php(30): Illuminate/Pipeline/Pipeline->Illuminate/Pipeline/{closure}(Object(Laravel/Lumen/Http/Request))
#15 C:/xampp/htdocs/be-fms/api/vendor/illuminate/pipeline/Pipeline.php(119): Laravel/Lumen/Routing/Pipeline->Laravel/Lumen/Routing/{closure}(Object(Laravel/Lumen/Http/Request))
#16 C:/xampp/htdocs/be-fms/api/vendor/laravel/lumen-framework/src/Concerns/RoutesRequests.php(428): Illuminate/Pipeline/Pipeline->then(Object(Closure))
#17 C:/xampp/htdocs/be-fms/api/vendor/laravel/lumen-framework/src/Concerns/RoutesRequests.php(263): Laravel/Lumen/Application->sendThroughPipeline(Array, Object(Closure))
#18 C:/xampp/htdocs/be-fms/api/vendor/laravel/lumen-framework/src/Concerns/RoutesRequests.php(239): Laravel/Lumen/Application->handleFoundRoute(Array)
#19 C:/xampp/htdocs/be-fms/api/vendor/laravel/lumen-framework/src/Concerns/RoutesRequests.php(174): Laravel/Lumen/Application->handleDispatcherResponse(Array)
#20 C:/xampp/htdocs/be-fms/api/vendor/laravel/lumen-framework/src/Concerns/RoutesRequests.php(431): Laravel/Lumen/Application->Laravel/Lumen/Concerns/{closure}(Object(Laravel/Lumen/Http/Request))
#21 C:/xampp/htdocs/be-fms/api/vendor/laravel/lumen-framework/src/Concerns/RoutesRequests.php(167): Laravel/Lumen/Application->sendThroughPipeline(Array, Object(Closure))
#22 C:/xampp/htdocs/be-fms/api/vendor/laravel/lumen-framework/src/Concerns/RoutesRequests.php(112): Laravel/Lumen/Application->dispatch(NULL)
#23 C:/xampp/htdocs/be-fms/api/public/index.php(28): Laravel/Lumen/Application->run()
#24 {main}
"} 
[2026-02-28 06:57:12] local.ERROR: Unable to resolve dependency [Parameter #1 [ <required> $userID ]] in class App\Http\Controllers\JobController {"exception":"[object] (Illuminate\\Contracts\\Container\\BindingResolutionException(code: 0): Unable to resolve dependency [Parameter #1 [ <required> $userID ]] in class App\\Http\\Controllers\\JobController at C:/xampp/htdocs/be-fms/api/vendor/illuminate/container/BoundMethod.php:188)
[stacktrace]
#0 C:/xampp/htdocs/be-fms/api/vendor/illuminate/container/BoundMethod.php(124): Illuminate/Container/BoundMethod::addDependencyForCallParameter(Object(Laravel/Lumen/Application), Object(ReflectionParameter), Array, Array)
#1 C:/xampp/htdocs/be-fms/api/vendor/illuminate/container/BoundMethod.php(36): Illuminate/Container/BoundMethod::getMethodDependencies(Object(Laravel/Lumen/Application), Array, Array)
#2 C:/xampp/htdocs/be-fms/api/vendor/illuminate/container/Util.php(41): Illuminate/Container/BoundMethod::Illuminate/Container/{closure}()
#3 C:/xampp/htdocs/be-fms/api/vendor/illuminate/container/BoundMethod.php(93): Illuminate/Container/Util::unwrapIfClosure(Object(Closure))
#4 C:/xampp/htdocs/be-fms/api/vendor/illuminate/container/BoundMethod.php(35): Illuminate/Container/BoundMethod::callBoundMethod(Object(Laravel/Lumen/Application), Array, Object(Closure))
#5 C:/xampp/htdocs/be-fms/api/vendor/illuminate/container/Container.php(662): Illuminate/Container/BoundMethod::call(Object(Laravel/Lumen/Application), Array, Array, NULL)
#6 C:/xampp/htdocs/be-fms/api/vendor/laravel/lumen-framework/src/Concerns/RoutesRequests.php(391): Illuminate/Container/Container->call(Array, Array)
#7 C:/xampp/htdocs/be-fms/api/vendor/laravel/lumen-framework/src/Concerns/RoutesRequests.php(356): Laravel/Lumen/Application->callControllerCallable(Array, Array)
#8 C:/xampp/htdocs/be-fms/api/vendor/laravel/lumen-framework/src/Concerns/RoutesRequests.php(331): Laravel/Lumen/Application->callLumenController(Object(App/Http/Controllers/JobController), 'get_job_by_user', Array)
#9 C:/xampp/htdocs/be-fms/api/vendor/laravel/lumen-framework/src/Concerns/RoutesRequests.php(284): Laravel/Lumen/Application->callControllerAction(Array)
#10 C:/xampp/htdocs/be-fms/api/vendor/laravel/lumen-framework/src/Concerns/RoutesRequests.php(264): Laravel/Lumen/Application->callActionOnArrayBasedRoute(Array)
#11 C:/xampp/htdocs/be-fms/api/vendor/laravel/lumen-framework/src/Routing/Pipeline.php(48): Laravel/Lumen/Application->Laravel/Lumen/Concerns/{closure}(Object(Laravel/Lumen/Http/Request))
#12 C:/xampp/htdocs/be-fms/api/app/Http/Middleware/Authenticate.php(74): Laravel/Lumen/Routing/Pipeline->Laravel/Lumen/Routing/{closure}(Object(Laravel/Lumen/Http/Request))
#13 C:/xampp/htdocs/be-fms/api/vendor/illuminate/pipeline/Pipeline.php(183): App/Http/Middleware/Authenticate->handle(Object(Laravel/Lumen/Http/Request), Object(Closure))
#14 C:/xampp/htdocs/be-fms/api/vendor/laravel/lumen-framework/src/Routing/Pipeline.php(30): Illuminate/Pipeline/Pipeline->Illuminate/Pipeline/{closure}(Object(Laravel/Lumen/Http/Request))
#15 C:/xampp/htdocs/be-fms/api/vendor/illuminate/pipeline/Pipeline.php(119): Laravel/Lumen/Routing/Pipeline->Laravel/Lumen/Routing/{closure}(Object(Laravel/Lumen/Http/Request))
#16 C:/xampp/htdocs/be-fms/api/vendor/laravel/lumen-framework/src/Concerns/RoutesRequests.php(428): Illuminate/Pipeline/Pipeline->then(Object(Closure))
#17 C:/xampp/htdocs/be-fms/api/vendor/laravel/lumen-framework/src/Concerns/RoutesRequests.php(263): Laravel/Lumen/Application->sendThroughPipeline(Array, Object(Closure))
#18 C:/xampp/htdocs/be-fms/api/vendor/laravel/lumen-framework/src/Concerns/RoutesRequests.php(239): Laravel/Lumen/Application->handleFoundRoute(Array)
#19 C:/xampp/htdocs/be-fms/api/vendor/laravel/lumen-framework/src/Concerns/RoutesRequests.php(174): Laravel/Lumen/Application->handleDispatcherResponse(Array)
#20 C:/xampp/htdocs/be-fms/api/vendor/laravel/lumen-framework/src/Concerns/RoutesRequests.php(431): Laravel/Lumen/Application->Laravel/Lumen/Concerns/{closure}(Object(Laravel/Lumen/Http/Request))
#21 C:/xampp/htdocs/be-fms/api/vendor/laravel/lumen-framework/src/Concerns/RoutesRequests.php(167): Laravel/Lumen/Application->sendThroughPipeline(Array, Object(Closure))
#22 C:/xampp/htdocs/be-fms/api/vendor/laravel/lumen-framework/src/Concerns/RoutesRequests.php(112): Laravel/Lumen/Application->dispatch(NULL)
#23 C:/xampp/htdocs/be-fms/api/public/index.php(28): Laravel/Lumen/Application->run()
#24 {main}
"} 
[2026-02-28 06:57:12] local.ERROR: Unable to resolve dependency [Parameter #1 [ <required> $userID ]] in class App\Http\Controllers\JobController {"exception":"[object] (Illuminate\\Contracts\\Container\\BindingResolutionException(code: 0): Unable to resolve dependency [Parameter #1 [ <required> $userID ]] in class App\\Http\\Controllers\\JobController at C:/xampp/htdocs/be-fms/api/vendor/illuminate/container/BoundMethod.php:188)
[stacktrace]
#0 C:/xampp/htdocs/be-fms/api/vendor/illuminate/container/BoundMethod.php(124): Illuminate/Container/BoundMethod::addDependencyForCallParameter(Object(Laravel/Lumen/Application), Object(ReflectionParameter), Array, Array)
#1 C:/xampp/htdocs/be-fms/api/vendor/illuminate/container/BoundMethod.php(36): Illuminate/Container/BoundMethod::getMethodDependencies(Object(Laravel/Lumen/Application), Array, Array)
#2 C:/xampp/htdocs/be-fms/api/vendor/illuminate/container/Util.php(41): Illuminate/Container/BoundMethod::Illuminate/Container/{closure}()
#3 C:/xampp/htdocs/be-fms/api/vendor/illuminate/container/BoundMethod.php(93): Illuminate/Container/Util::unwrapIfClosure(Object(Closure))
#4 C:/xampp/htdocs/be-fms/api/vendor/illuminate/container/BoundMethod.php(35): Illuminate/Container/BoundMethod::callBoundMethod(Object(Laravel/Lumen/Application), Array, Object(Closure))
#5 C:/xampp/htdocs/be-fms/api/vendor/illuminate/container/Container.php(662): Illuminate/Container/BoundMethod::call(Object(Laravel/Lumen/Application), Array, Array, NULL)
#6 C:/xampp/htdocs/be-fms/api/vendor/laravel/lumen-framework/src/Concerns/RoutesRequests.php(391): Illuminate/Container/Container->call(Array, Array)
#7 C:/xampp/htdocs/be-fms/api/vendor/laravel/lumen-framework/src/Concerns/RoutesRequests.php(356): Laravel/Lumen/Application->callControllerCallable(Array, Array)
#8 C:/xampp/htdocs/be-fms/api/vendor/laravel/lumen-framework/src/Concerns/RoutesRequests.php(331): Laravel/Lumen/Application->callLumenController(Object(App/Http/Controllers/JobController), 'get_job_by_user', Array)
#9 C:/xampp/htdocs/be-fms/api/vendor/laravel/lumen-framework/src/Concerns/RoutesRequests.php(284): Laravel/Lumen/Application->callControllerAction(Array)
#10 C:/xampp/htdocs/be-fms/api/vendor/laravel/lumen-framework/src/Concerns/RoutesRequests.php(264): Laravel/Lumen/Application->callActionOnArrayBasedRoute(Array)
#11 C:/xampp/htdocs/be-fms/api/vendor/laravel/lumen-framework/src/Routing/Pipeline.php(48): Laravel/Lumen/Application->Laravel/Lumen/Concerns/{closure}(Object(Laravel/Lumen/Http/Request))
#12 C:/xampp/htdocs/be-fms/api/app/Http/Middleware/Authenticate.php(74): Laravel/Lumen/Routing/Pipeline->Laravel/Lumen/Routing/{closure}(Object(Laravel/Lumen/Http/Request))
#13 C:/xampp/htdocs/be-fms/api/vendor/illuminate/pipeline/Pipeline.php(183): App/Http/Middleware/Authenticate->handle(Object(Laravel/Lumen/Http/Request), Object(Closure))
#14 C:/xampp/htdocs/be-fms/api/vendor/laravel/lumen-framework/src/Routing/Pipeline.php(30): Illuminate/Pipeline/Pipeline->Illuminate/Pipeline/{closure}(Object(Laravel/Lumen/Http/Request))
#15 C:/xampp/htdocs/be-fms/api/vendor/illuminate/pipeline/Pipeline.php(119): Laravel/Lumen/Routing/Pipeline->Laravel/Lumen/Routing/{closure}(Object(Laravel/Lumen/Http/Request))
#16 C:/xampp/htdocs/be-fms/api/vendor/laravel/lumen-framework/src/Concerns/RoutesRequests.php(428): Illuminate/Pipeline/Pipeline->then(Object(Closure))
#17 C:/xampp/htdocs/be-fms/api/vendor/laravel/lumen-framework/src/Concerns/RoutesRequests.php(263): Laravel/Lumen/Application->sendThroughPipeline(Array, Object(Closure))
#18 C:/xampp/htdocs/be-fms/api/vendor/laravel/lumen-framework/src/Concerns/RoutesRequests.php(239): Laravel/Lumen/Application->handleFoundRoute(Array)
#19 C:/xampp/htdocs/be-fms/api/vendor/laravel/lumen-framework/src/Concerns/RoutesRequests.php(174): Laravel/Lumen/Application->handleDispatcherResponse(Array)
#20 C:/xampp/htdocs/be-fms/api/vendor/laravel/lumen-framework/src/Concerns/RoutesRequests.php(431): Laravel/Lumen/Application->Laravel/Lumen/Concerns/{closure}(Object(Laravel/Lumen/Http/Request))
#21 C:/xampp/htdocs/be-fms/api/vendor/laravel/lumen-framework/src/Concerns/RoutesRequests.php(167): Laravel/Lumen/Application->sendThroughPipeline(Array, Object(Closure))
#22 C:/xampp/htdocs/be-fms/api/vendor/laravel/lumen-framework/src/Concerns/RoutesRequests.php(112): Laravel/Lumen/Application->dispatch(NULL)
#23 C:/xampp/htdocs/be-fms/api/public/index.php(28): Laravel/Lumen/Application->run()
#24 {main}
"} 
[2026-02-28 06:57:26] local.ERROR: Unable to resolve dependency [Parameter #1 [ <required> $userID ]] in class App\Http\Controllers\JobController {"exception":"[object] (Illuminate\\Contracts\\Container\\BindingResolutionException(code: 0): Unable to resolve dependency [Parameter #1 [ <required> $userID ]] in class App\\Http\\Controllers\\JobController at C:/xampp/htdocs/be-fms/api/vendor/illuminate/container/BoundMethod.php:188)
[stacktrace]
#0 C:/xampp/htdocs/be-fms/api/vendor/illuminate/container/BoundMethod.php(124): Illuminate/Container/BoundMethod::addDependencyForCallParameter(Object(Laravel/Lumen/Application), Object(ReflectionParameter), Array, Array)
#1 C:/xampp/htdocs/be-fms/api/vendor/illuminate/container/BoundMethod.php(36): Illuminate/Container/BoundMethod::getMethodDependencies(Object(Laravel/Lumen/Application), Array, Array)
#2 C:/xampp/htdocs/be-fms/api/vendor/illuminate/container/Util.php(41): Illuminate/Container/BoundMethod::Illuminate/Container/{closure}()
#3 C:/xampp/htdocs/be-fms/api/vendor/illuminate/container/BoundMethod.php(93): Illuminate/Container/Util::unwrapIfClosure(Object(Closure))
#4 C:/xampp/htdocs/be-fms/api/vendor/illuminate/container/BoundMethod.php(35): Illuminate/Container/BoundMethod::callBoundMethod(Object(Laravel/Lumen/Application), Array, Object(Closure))
#5 C:/xampp/htdocs/be-fms/api/vendor/illuminate/container/Container.php(662): Illuminate/Container/BoundMethod::call(Object(Laravel/Lumen/Application), Array, Array, NULL)
#6 C:/xampp/htdocs/be-fms/api/vendor/laravel/lumen-framework/src/Concerns/RoutesRequests.php(391): Illuminate/Container/Container->call(Array, Array)
#7 C:/xampp/htdocs/be-fms/api/vendor/laravel/lumen-framework/src/Concerns/RoutesRequests.php(356): Laravel/Lumen/Application->callControllerCallable(Array, Array)
#8 C:/xampp/htdocs/be-fms/api/vendor/laravel/lumen-framework/src/Concerns/RoutesRequests.php(331): Laravel/Lumen/Application->callLumenController(Object(App/Http/Controllers/JobController), 'get_job_by_user', Array)
#9 C:/xampp/htdocs/be-fms/api/vendor/laravel/lumen-framework/src/Concerns/RoutesRequests.php(284): Laravel/Lumen/Application->callControllerAction(Array)
#10 C:/xampp/htdocs/be-fms/api/vendor/laravel/lumen-framework/src/Concerns/RoutesRequests.php(264): Laravel/Lumen/Application->callActionOnArrayBasedRoute(Array)
#11 C:/xampp/htdocs/be-fms/api/vendor/laravel/lumen-framework/src/Routing/Pipeline.php(48): Laravel/Lumen/Application->Laravel/Lumen/Concerns/{closure}(Object(Laravel/Lumen/Http/Request))
#12 C:/xampp/htdocs/be-fms/api/app/Http/Middleware/Authenticate.php(74): Laravel/Lumen/Routing/Pipeline->Laravel/Lumen/Routing/{closure}(Object(Laravel/Lumen/Http/Request))
#13 C:/xampp/htdocs/be-fms/api/vendor/illuminate/pipeline/Pipeline.php(183): App/Http/Middleware/Authenticate->handle(Object(Laravel/Lumen/Http/Request), Object(Closure))
#14 C:/xampp/htdocs/be-fms/api/vendor/laravel/lumen-framework/src/Routing/Pipeline.php(30): Illuminate/Pipeline/Pipeline->Illuminate/Pipeline/{closure}(Object(Laravel/Lumen/Http/Request))
#15 C:/xampp/htdocs/be-fms/api/vendor/illuminate/pipeline/Pipeline.php(119): Laravel/Lumen/Routing/Pipeline->Laravel/Lumen/Routing/{closure}(Object(Laravel/Lumen/Http/Request))
#16 C:/xampp/htdocs/be-fms/api/vendor/laravel/lumen-framework/src/Concerns/RoutesRequests.php(428): Illuminate/Pipeline/Pipeline->then(Object(Closure))
#17 C:/xampp/htdocs/be-fms/api/vendor/laravel/lumen-framework/src/Concerns/RoutesRequests.php(263): Laravel/Lumen/Application->sendThroughPipeline(Array, Object(Closure))
#18 C:/xampp/htdocs/be-fms/api/vendor/laravel/lumen-framework/src/Concerns/RoutesRequests.php(239): Laravel/Lumen/Application->handleFoundRoute(Array)
#19 C:/xampp/htdocs/be-fms/api/vendor/laravel/lumen-framework/src/Concerns/RoutesRequests.php(174): Laravel/Lumen/Application->handleDispatcherResponse(Array)
#20 C:/xampp/htdocs/be-fms/api/vendor/laravel/lumen-framework/src/Concerns/RoutesRequests.php(431): Laravel/Lumen/Application->Laravel/Lumen/Concerns/{closure}(Object(Laravel/Lumen/Http/Request))
#21 C:/xampp/htdocs/be-fms/api/vendor/laravel/lumen-framework/src/Concerns/RoutesRequests.php(167): Laravel/Lumen/Application->sendThroughPipeline(Array, Object(Closure))
#22 C:/xampp/htdocs/be-fms/api/vendor/laravel/lumen-framework/src/Concerns/RoutesRequests.php(112): Laravel/Lumen/Application->dispatch(NULL)
#23 C:/xampp/htdocs/be-fms/api/public/index.php(28): Laravel/Lumen/Application->run()
#24 {main}
"} 
[2026-02-28 06:58:03] local.ERROR: Unable to resolve dependency [Parameter #1 [ <required> $userID ]] in class App\Http\Controllers\JobController {"exception":"[object] (Illuminate\\Contracts\\Container\\BindingResolutionException(code: 0): Unable to resolve dependency [Parameter #1 [ <required> $userID ]] in class App\\Http\\Controllers\\JobController at C:/xampp/htdocs/be-fms/api/vendor/illuminate/container/BoundMethod.php:188)
[stacktrace]
#0 C:/xampp/htdocs/be-fms/api/vendor/illuminate/container/BoundMethod.php(124): Illuminate/Container/BoundMethod::addDependencyForCallParameter(Object(Laravel/Lumen/Application), Object(ReflectionParameter), Array, Array)
#1 C:/xampp/htdocs/be-fms/api/vendor/illuminate/container/BoundMethod.php(36): Illuminate/Container/BoundMethod::getMethodDependencies(Object(Laravel/Lumen/Application), Array, Array)
#2 C:/xampp/htdocs/be-fms/api/vendor/illuminate/container/Util.php(41): Illuminate/Container/BoundMethod::Illuminate/Container/{closure}()
#3 C:/xampp/htdocs/be-fms/api/vendor/illuminate/container/BoundMethod.php(93): Illuminate/Container/Util::unwrapIfClosure(Object(Closure))
#4 C:/xampp/htdocs/be-fms/api/vendor/illuminate/container/BoundMethod.php(35): Illuminate/Container/BoundMethod::callBoundMethod(Object(Laravel/Lumen/Application), Array, Object(Closure))
#5 C:/xampp/htdocs/be-fms/api/vendor/illuminate/container/Container.php(662): Illuminate/Container/BoundMethod::call(Object(Laravel/Lumen/Application), Array, Array, NULL)
#6 C:/xampp/htdocs/be-fms/api/vendor/laravel/lumen-framework/src/Concerns/RoutesRequests.php(391): Illuminate/Container/Container->call(Array, Array)
#7 C:/xampp/htdocs/be-fms/api/vendor/laravel/lumen-framework/src/Concerns/RoutesRequests.php(356): Laravel/Lumen/Application->callControllerCallable(Array, Array)
#8 C:/xampp/htdocs/be-fms/api/vendor/laravel/lumen-framework/src/Concerns/RoutesRequests.php(331): Laravel/Lumen/Application->callLumenController(Object(App/Http/Controllers/JobController), 'get_job_by_user', Array)
#9 C:/xampp/htdocs/be-fms/api/vendor/laravel/lumen-framework/src/Concerns/RoutesRequests.php(284): Laravel/Lumen/Application->callControllerAction(Array)
#10 C:/xampp/htdocs/be-fms/api/vendor/laravel/lumen-framework/src/Concerns/RoutesRequests.php(264): Laravel/Lumen/Application->callActionOnArrayBasedRoute(Array)
#11 C:/xampp/htdocs/be-fms/api/vendor/laravel/lumen-framework/src/Routing/Pipeline.php(48): Laravel/Lumen/Application->Laravel/Lumen/Concerns/{closure}(Object(Laravel/Lumen/Http/Request))
#12 C:/xampp/htdocs/be-fms/api/app/Http/Middleware/Authenticate.php(74): Laravel/Lumen/Routing/Pipeline->Laravel/Lumen/Routing/{closure}(Object(Laravel/Lumen/Http/Request))
#13 C:/xampp/htdocs/be-fms/api/vendor/illuminate/pipeline/Pipeline.php(183): App/Http/Middleware/Authenticate->handle(Object(Laravel/Lumen/Http/Request), Object(Closure))
#14 C:/xampp/htdocs/be-fms/api/vendor/laravel/lumen-framework/src/Routing/Pipeline.php(30): Illuminate/Pipeline/Pipeline->Illuminate/Pipeline/{closure}(Object(Laravel/Lumen/Http/Request))
#15 C:/xampp/htdocs/be-fms/api/vendor/illuminate/pipeline/Pipeline.php(119): Laravel/Lumen/Routing/Pipeline->Laravel/Lumen/Routing/{closure}(Object(Laravel/Lumen/Http/Request))
#16 C:/xampp/htdocs/be-fms/api/vendor/laravel/lumen-framework/src/Concerns/RoutesRequests.php(428): Illuminate/Pipeline/Pipeline->then(Object(Closure))
#17 C:/xampp/htdocs/be-fms/api/vendor/laravel/lumen-framework/src/Concerns/RoutesRequests.php(263): Laravel/Lumen/Application->sendThroughPipeline(Array, Object(Closure))
#18 C:/xampp/htdocs/be-fms/api/vendor/laravel/lumen-framework/src/Concerns/RoutesRequests.php(239): Laravel/Lumen/Application->handleFoundRoute(Array)
#19 C:/xampp/htdocs/be-fms/api/vendor/laravel/lumen-framework/src/Concerns/RoutesRequests.php(174): Laravel/Lumen/Application->handleDispatcherResponse(Array)
#20 C:/xampp/htdocs/be-fms/api/vendor/laravel/lumen-framework/src/Concerns/RoutesRequests.php(431): Laravel/Lumen/Application->Laravel/Lumen/Concerns/{closure}(Object(Laravel/Lumen/Http/Request))
#21 C:/xampp/htdocs/be-fms/api/vendor/laravel/lumen-framework/src/Concerns/RoutesRequests.php(167): Laravel/Lumen/Application->sendThroughPipeline(Array, Object(Closure))
#22 C:/xampp/htdocs/be-fms/api/vendor/laravel/lumen-framework/src/Concerns/RoutesRequests.php(112): Laravel/Lumen/Application->dispatch(NULL)
#23 C:/xampp/htdocs/be-fms/api/public/index.php(28): Laravel/Lumen/Application->run()
#24 {main}
"} 
[2026-02-28 06:58:05] local.ERROR: Unable to resolve dependency [Parameter #1 [ <required> $userID ]] in class App\Http\Controllers\JobController {"exception":"[object] (Illuminate\\Contracts\\Container\\BindingResolutionException(code: 0): Unable to resolve dependency [Parameter #1 [ <required> $userID ]] in class App\\Http\\Controllers\\JobController at C:/xampp/htdocs/be-fms/api/vendor/illuminate/container/BoundMethod.php:188)
[stacktrace]
#0 C:/xampp/htdocs/be-fms/api/vendor/illuminate/container/BoundMethod.php(124): Illuminate/Container/BoundMethod::addDependencyForCallParameter(Object(Laravel/Lumen/Application), Object(ReflectionParameter), Array, Array)
#1 C:/xampp/htdocs/be-fms/api/vendor/illuminate/container/BoundMethod.php(36): Illuminate/Container/BoundMethod::getMethodDependencies(Object(Laravel/Lumen/Application), Array, Array)
#2 C:/xampp/htdocs/be-fms/api/vendor/illuminate/container/Util.php(41): Illuminate/Container/BoundMethod::Illuminate/Container/{closure}()
#3 C:/xampp/htdocs/be-fms/api/vendor/illuminate/container/BoundMethod.php(93): Illuminate/Container/Util::unwrapIfClosure(Object(Closure))
#4 C:/xampp/htdocs/be-fms/api/vendor/illuminate/container/BoundMethod.php(35): Illuminate/Container/BoundMethod::callBoundMethod(Object(Laravel/Lumen/Application), Array, Object(Closure))
#5 C:/xampp/htdocs/be-fms/api/vendor/illuminate/container/Container.php(662): Illuminate/Container/BoundMethod::call(Object(Laravel/Lumen/Application), Array, Array, NULL)
#6 C:/xampp/htdocs/be-fms/api/vendor/laravel/lumen-framework/src/Concerns/RoutesRequests.php(391): Illuminate/Container/Container->call(Array, Array)
#7 C:/xampp/htdocs/be-fms/api/vendor/laravel/lumen-framework/src/Concerns/RoutesRequests.php(356): Laravel/Lumen/Application->callControllerCallable(Array, Array)
#8 C:/xampp/htdocs/be-fms/api/vendor/laravel/lumen-framework/src/Concerns/RoutesRequests.php(331): Laravel/Lumen/Application->callLumenController(Object(App/Http/Controllers/JobController), 'get_job_by_user', Array)
#9 C:/xampp/htdocs/be-fms/api/vendor/laravel/lumen-framework/src/Concerns/RoutesRequests.php(284): Laravel/Lumen/Application->callControllerAction(Array)
#10 C:/xampp/htdocs/be-fms/api/vendor/laravel/lumen-framework/src/Concerns/RoutesRequests.php(264): Laravel/Lumen/Application->callActionOnArrayBasedRoute(Array)
#11 C:/xampp/htdocs/be-fms/api/vendor/laravel/lumen-framework/src/Routing/Pipeline.php(48): Laravel/Lumen/Application->Laravel/Lumen/Concerns/{closure}(Object(Laravel/Lumen/Http/Request))
#12 C:/xampp/htdocs/be-fms/api/app/Http/Middleware/Authenticate.php(74): Laravel/Lumen/Routing/Pipeline->Laravel/Lumen/Routing/{closure}(Object(Laravel/Lumen/Http/Request))
#13 C:/xampp/htdocs/be-fms/api/vendor/illuminate/pipeline/Pipeline.php(183): App/Http/Middleware/Authenticate->handle(Object(Laravel/Lumen/Http/Request), Object(Closure))
#14 C:/xampp/htdocs/be-fms/api/vendor/laravel/lumen-framework/src/Routing/Pipeline.php(30): Illuminate/Pipeline/Pipeline->Illuminate/Pipeline/{closure}(Object(Laravel/Lumen/Http/Request))
#15 C:/xampp/htdocs/be-fms/api/vendor/illuminate/pipeline/Pipeline.php(119): Laravel/Lumen/Routing/Pipeline->Laravel/Lumen/Routing/{closure}(Object(Laravel/Lumen/Http/Request))
#16 C:/xampp/htdocs/be-fms/api/vendor/laravel/lumen-framework/src/Concerns/RoutesRequests.php(428): Illuminate/Pipeline/Pipeline->then(Object(Closure))
#17 C:/xampp/htdocs/be-fms/api/vendor/laravel/lumen-framework/src/Concerns/RoutesRequests.php(263): Laravel/Lumen/Application->sendThroughPipeline(Array, Object(Closure))
#18 C:/xampp/htdocs/be-fms/api/vendor/laravel/lumen-framework/src/Concerns/RoutesRequests.php(239): Laravel/Lumen/Application->handleFoundRoute(Array)
#19 C:/xampp/htdocs/be-fms/api/vendor/laravel/lumen-framework/src/Concerns/RoutesRequests.php(174): Laravel/Lumen/Application->handleDispatcherResponse(Array)
#20 C:/xampp/htdocs/be-fms/api/vendor/laravel/lumen-framework/src/Concerns/RoutesRequests.php(431): Laravel/Lumen/Application->Laravel/Lumen/Concerns/{closure}(Object(Laravel/Lumen/Http/Request))
#21 C:/xampp/htdocs/be-fms/api/vendor/laravel/lumen-framework/src/Concerns/RoutesRequests.php(167): Laravel/Lumen/Application->sendThroughPipeline(Array, Object(Closure))
#22 C:/xampp/htdocs/be-fms/api/vendor/laravel/lumen-framework/src/Concerns/RoutesRequests.php(112): Laravel/Lumen/Application->dispatch(NULL)
#23 C:/xampp/htdocs/be-fms/api/public/index.php(28): Laravel/Lumen/Application->run()
#24 {main}
"} 
[2026-02-28 06:58:12] local.ERROR: Unable to resolve dependency [Parameter #1 [ <required> $userID ]] in class App\Http\Controllers\JobController {"exception":"[object] (Illuminate\\Contracts\\Container\\BindingResolutionException(code: 0): Unable to resolve dependency [Parameter #1 [ <required> $userID ]] in class App\\Http\\Controllers\\JobController at C:/xampp/htdocs/be-fms/api/vendor/illuminate/container/BoundMethod.php:188)
[stacktrace]
#0 C:/xampp/htdocs/be-fms/api/vendor/illuminate/container/BoundMethod.php(124): Illuminate/Container/BoundMethod::addDependencyForCallParameter(Object(Laravel/Lumen/Application), Object(ReflectionParameter), Array, Array)
#1 C:/xampp/htdocs/be-fms/api/vendor/illuminate/container/BoundMethod.php(36): Illuminate/Container/BoundMethod::getMethodDependencies(Object(Laravel/Lumen/Application), Array, Array)
#2 C:/xampp/htdocs/be-fms/api/vendor/illuminate/container/Util.php(41): Illuminate/Container/BoundMethod::Illuminate/Container/{closure}()
#3 C:/xampp/htdocs/be-fms/api/vendor/illuminate/container/BoundMethod.php(93): Illuminate/Container/Util::unwrapIfClosure(Object(Closure))
#4 C:/xampp/htdocs/be-fms/api/vendor/illuminate/container/BoundMethod.php(35): Illuminate/Container/BoundMethod::callBoundMethod(Object(Laravel/Lumen/Application), Array, Object(Closure))
#5 C:/xampp/htdocs/be-fms/api/vendor/illuminate/container/Container.php(662): Illuminate/Container/BoundMethod::call(Object(Laravel/Lumen/Application), Array, Array, NULL)
#6 C:/xampp/htdocs/be-fms/api/vendor/laravel/lumen-framework/src/Concerns/RoutesRequests.php(391): Illuminate/Container/Container->call(Array, Array)
#7 C:/xampp/htdocs/be-fms/api/vendor/laravel/lumen-framework/src/Concerns/RoutesRequests.php(356): Laravel/Lumen/Application->callControllerCallable(Array, Array)
#8 C:/xampp/htdocs/be-fms/api/vendor/laravel/lumen-framework/src/Concerns/RoutesRequests.php(331): Laravel/Lumen/Application->callLumenController(Object(App/Http/Controllers/JobController), 'get_job_by_user', Array)
#9 C:/xampp/htdocs/be-fms/api/vendor/laravel/lumen-framework/src/Concerns/RoutesRequests.php(284): Laravel/Lumen/Application->callControllerAction(Array)
#10 C:/xampp/htdocs/be-fms/api/vendor/laravel/lumen-framework/src/Concerns/RoutesRequests.php(264): Laravel/Lumen/Application->callActionOnArrayBasedRoute(Array)
#11 C:/xampp/htdocs/be-fms/api/vendor/laravel/lumen-framework/src/Routing/Pipeline.php(48): Laravel/Lumen/Application->Laravel/Lumen/Concerns/{closure}(Object(Laravel/Lumen/Http/Request))
#12 C:/xampp/htdocs/be-fms/api/app/Http/Middleware/Authenticate.php(74): Laravel/Lumen/Routing/Pipeline->Laravel/Lumen/Routing/{closure}(Object(Laravel/Lumen/Http/Request))
#13 C:/xampp/htdocs/be-fms/api/vendor/illuminate/pipeline/Pipeline.php(183): App/Http/Middleware/Authenticate->handle(Object(Laravel/Lumen/Http/Request), Object(Closure))
#14 C:/xampp/htdocs/be-fms/api/vendor/laravel/lumen-framework/src/Routing/Pipeline.php(30): Illuminate/Pipeline/Pipeline->Illuminate/Pipeline/{closure}(Object(Laravel/Lumen/Http/Request))
#15 C:/xampp/htdocs/be-fms/api/vendor/illuminate/pipeline/Pipeline.php(119): Laravel/Lumen/Routing/Pipeline->Laravel/Lumen/Routing/{closure}(Object(Laravel/Lumen/Http/Request))
#16 C:/xampp/htdocs/be-fms/api/vendor/laravel/lumen-framework/src/Concerns/RoutesRequests.php(428): Illuminate/Pipeline/Pipeline->then(Object(Closure))
#17 C:/xampp/htdocs/be-fms/api/vendor/laravel/lumen-framework/src/Concerns/RoutesRequests.php(263): Laravel/Lumen/Application->sendThroughPipeline(Array, Object(Closure))
#18 C:/xampp/htdocs/be-fms/api/vendor/laravel/lumen-framework/src/Concerns/RoutesRequests.php(239): Laravel/Lumen/Application->handleFoundRoute(Array)
#19 C:/xampp/htdocs/be-fms/api/vendor/laravel/lumen-framework/src/Concerns/RoutesRequests.php(174): Laravel/Lumen/Application->handleDispatcherResponse(Array)
#20 C:/xampp/htdocs/be-fms/api/vendor/laravel/lumen-framework/src/Concerns/RoutesRequests.php(431): Laravel/Lumen/Application->Laravel/Lumen/Concerns/{closure}(Object(Laravel/Lumen/Http/Request))
#21 C:/xampp/htdocs/be-fms/api/vendor/laravel/lumen-framework/src/Concerns/RoutesRequests.php(167): Laravel/Lumen/Application->sendThroughPipeline(Array, Object(Closure))
#22 C:/xampp/htdocs/be-fms/api/vendor/laravel/lumen-framework/src/Concerns/RoutesRequests.php(112): Laravel/Lumen/Application->dispatch(NULL)
#23 C:/xampp/htdocs/be-fms/api/public/index.php(28): Laravel/Lumen/Application->run()
#24 {main}
"} 
[2026-02-28 06:58:13] local.ERROR: Unable to resolve dependency [Parameter #1 [ <required> $userID ]] in class App\Http\Controllers\JobController {"exception":"[object] (Illuminate\\Contracts\\Container\\BindingResolutionException(code: 0): Unable to resolve dependency [Parameter #1 [ <required> $userID ]] in class App\\Http\\Controllers\\JobController at C:/xampp/htdocs/be-fms/api/vendor/illuminate/container/BoundMethod.php:188)
[stacktrace]
#0 C:/xampp/htdocs/be-fms/api/vendor/illuminate/container/BoundMethod.php(124): Illuminate/Container/BoundMethod::addDependencyForCallParameter(Object(Laravel/Lumen/Application), Object(ReflectionParameter), Array, Array)
#1 C:/xampp/htdocs/be-fms/api/vendor/illuminate/container/BoundMethod.php(36): Illuminate/Container/BoundMethod::getMethodDependencies(Object(Laravel/Lumen/Application), Array, Array)
#2 C:/xampp/htdocs/be-fms/api/vendor/illuminate/container/Util.php(41): Illuminate/Container/BoundMethod::Illuminate/Container/{closure}()
#3 C:/xampp/htdocs/be-fms/api/vendor/illuminate/container/BoundMethod.php(93): Illuminate/Container/Util::unwrapIfClosure(Object(Closure))
#4 C:/xampp/htdocs/be-fms/api/vendor/illuminate/container/BoundMethod.php(35): Illuminate/Container/BoundMethod::callBoundMethod(Object(Laravel/Lumen/Application), Array, Object(Closure))
#5 C:/xampp/htdocs/be-fms/api/vendor/illuminate/container/Container.php(662): Illuminate/Container/BoundMethod::call(Object(Laravel/Lumen/Application), Array, Array, NULL)
#6 C:/xampp/htdocs/be-fms/api/vendor/laravel/lumen-framework/src/Concerns/RoutesRequests.php(391): Illuminate/Container/Container->call(Array, Array)
#7 C:/xampp/htdocs/be-fms/api/vendor/laravel/lumen-framework/src/Concerns/RoutesRequests.php(356): Laravel/Lumen/Application->callControllerCallable(Array, Array)
#8 C:/xampp/htdocs/be-fms/api/vendor/laravel/lumen-framework/src/Concerns/RoutesRequests.php(331): Laravel/Lumen/Application->callLumenController(Object(App/Http/Controllers/JobController), 'get_job_by_user', Array)
#9 C:/xampp/htdocs/be-fms/api/vendor/laravel/lumen-framework/src/Concerns/RoutesRequests.php(284): Laravel/Lumen/Application->callControllerAction(Array)
#10 C:/xampp/htdocs/be-fms/api/vendor/laravel/lumen-framework/src/Concerns/RoutesRequests.php(264): Laravel/Lumen/Application->callActionOnArrayBasedRoute(Array)
#11 C:/xampp/htdocs/be-fms/api/vendor/laravel/lumen-framework/src/Routing/Pipeline.php(48): Laravel/Lumen/Application->Laravel/Lumen/Concerns/{closure}(Object(Laravel/Lumen/Http/Request))
#12 C:/xampp/htdocs/be-fms/api/app/Http/Middleware/Authenticate.php(74): Laravel/Lumen/Routing/Pipeline->Laravel/Lumen/Routing/{closure}(Object(Laravel/Lumen/Http/Request))
#13 C:/xampp/htdocs/be-fms/api/vendor/illuminate/pipeline/Pipeline.php(183): App/Http/Middleware/Authenticate->handle(Object(Laravel/Lumen/Http/Request), Object(Closure))
#14 C:/xampp/htdocs/be-fms/api/vendor/laravel/lumen-framework/src/Routing/Pipeline.php(30): Illuminate/Pipeline/Pipeline->Illuminate/Pipeline/{closure}(Object(Laravel/Lumen/Http/Request))
#15 C:/xampp/htdocs/be-fms/api/vendor/illuminate/pipeline/Pipeline.php(119): Laravel/Lumen/Routing/Pipeline->Laravel/Lumen/Routing/{closure}(Object(Laravel/Lumen/Http/Request))
#16 C:/xampp/htdocs/be-fms/api/vendor/laravel/lumen-framework/src/Concerns/RoutesRequests.php(428): Illuminate/Pipeline/Pipeline->then(Object(Closure))
#17 C:/xampp/htdocs/be-fms/api/vendor/laravel/lumen-framework/src/Concerns/RoutesRequests.php(263): Laravel/Lumen/Application->sendThroughPipeline(Array, Object(Closure))
#18 C:/xampp/htdocs/be-fms/api/vendor/laravel/lumen-framework/src/Concerns/RoutesRequests.php(239): Laravel/Lumen/Application->handleFoundRoute(Array)
#19 C:/xampp/htdocs/be-fms/api/vendor/laravel/lumen-framework/src/Concerns/RoutesRequests.php(174): Laravel/Lumen/Application->handleDispatcherResponse(Array)
#20 C:/xampp/htdocs/be-fms/api/vendor/laravel/lumen-framework/src/Concerns/RoutesRequests.php(431): Laravel/Lumen/Application->Laravel/Lumen/Concerns/{closure}(Object(Laravel/Lumen/Http/Request))
#21 C:/xampp/htdocs/be-fms/api/vendor/laravel/lumen-framework/src/Concerns/RoutesRequests.php(167): Laravel/Lumen/Application->sendThroughPipeline(Array, Object(Closure))
#22 C:/xampp/htdocs/be-fms/api/vendor/laravel/lumen-framework/src/Concerns/RoutesRequests.php(112): Laravel/Lumen/Application->dispatch(NULL)
#23 C:/xampp/htdocs/be-fms/api/public/index.php(28): Laravel/Lumen/Application->run()
#24 {main}
"} 
[2026-02-28 07:07:24] local.ERROR: Unable to resolve dependency [Parameter #1 [ <required> $userID ]] in class App\Http\Controllers\JobController {"exception":"[object] (Illuminate\\Contracts\\Container\\BindingResolutionException(code: 0): Unable to resolve dependency [Parameter #1 [ <required> $userID ]] in class App\\Http\\Controllers\\JobController at C:/xampp/htdocs/be-fms/api/vendor/illuminate/container/BoundMethod.php:188)
[stacktrace]
#0 C:/xampp/htdocs/be-fms/api/vendor/illuminate/container/BoundMethod.php(124): Illuminate/Container/BoundMethod::addDependencyForCallParameter(Object(Laravel/Lumen/Application), Object(ReflectionParameter), Array, Array)
#1 C:/xampp/htdocs/be-fms/api/vendor/illuminate/container/BoundMethod.php(36): Illuminate/Container/BoundMethod::getMethodDependencies(Object(Laravel/Lumen/Application), Array, Array)
#2 C:/xampp/htdocs/be-fms/api/vendor/illuminate/container/Util.php(41): Illuminate/Container/BoundMethod::Illuminate/Container/{closure}()
#3 C:/xampp/htdocs/be-fms/api/vendor/illuminate/container/BoundMethod.php(93): Illuminate/Container/Util::unwrapIfClosure(Object(Closure))
#4 C:/xampp/htdocs/be-fms/api/vendor/illuminate/container/BoundMethod.php(35): Illuminate/Container/BoundMethod::callBoundMethod(Object(Laravel/Lumen/Application), Array, Object(Closure))
#5 C:/xampp/htdocs/be-fms/api/vendor/illuminate/container/Container.php(662): Illuminate/Container/BoundMethod::call(Object(Laravel/Lumen/Application), Array, Array, NULL)
#6 C:/xampp/htdocs/be-fms/api/vendor/laravel/lumen-framework/src/Concerns/RoutesRequests.php(391): Illuminate/Container/Container->call(Array, Array)
#7 C:/xampp/htdocs/be-fms/api/vendor/laravel/lumen-framework/src/Concerns/RoutesRequests.php(356): Laravel/Lumen/Application->callControllerCallable(Array, Array)
#8 C:/xampp/htdocs/be-fms/api/vendor/laravel/lumen-framework/src/Concerns/RoutesRequests.php(331): Laravel/Lumen/Application->callLumenController(Object(App/Http/Controllers/JobController), 'get_job_by_user', Array)
#9 C:/xampp/htdocs/be-fms/api/vendor/laravel/lumen-framework/src/Concerns/RoutesRequests.php(284): Laravel/Lumen/Application->callControllerAction(Array)
#10 C:/xampp/htdocs/be-fms/api/vendor/laravel/lumen-framework/src/Concerns/RoutesRequests.php(264): Laravel/Lumen/Application->callActionOnArrayBasedRoute(Array)
#11 C:/xampp/htdocs/be-fms/api/vendor/laravel/lumen-framework/src/Routing/Pipeline.php(48): Laravel/Lumen/Application->Laravel/Lumen/Concerns/{closure}(Object(Laravel/Lumen/Http/Request))
#12 C:/xampp/htdocs/be-fms/api/app/Http/Middleware/Authenticate.php(74): Laravel/Lumen/Routing/Pipeline->Laravel/Lumen/Routing/{closure}(Object(Laravel/Lumen/Http/Request))
#13 C:/xampp/htdocs/be-fms/api/vendor/illuminate/pipeline/Pipeline.php(183): App/Http/Middleware/Authenticate->handle(Object(Laravel/Lumen/Http/Request), Object(Closure))
#14 C:/xampp/htdocs/be-fms/api/vendor/laravel/lumen-framework/src/Routing/Pipeline.php(30): Illuminate/Pipeline/Pipeline->Illuminate/Pipeline/{closure}(Object(Laravel/Lumen/Http/Request))
#15 C:/xampp/htdocs/be-fms/api/vendor/illuminate/pipeline/Pipeline.php(119): Laravel/Lumen/Routing/Pipeline->Laravel/Lumen/Routing/{closure}(Object(Laravel/Lumen/Http/Request))
#16 C:/xampp/htdocs/be-fms/api/vendor/laravel/lumen-framework/src/Concerns/RoutesRequests.php(428): Illuminate/Pipeline/Pipeline->then(Object(Closure))
#17 C:/xampp/htdocs/be-fms/api/vendor/laravel/lumen-framework/src/Concerns/RoutesRequests.php(263): Laravel/Lumen/Application->sendThroughPipeline(Array, Object(Closure))
#18 C:/xampp/htdocs/be-fms/api/vendor/laravel/lumen-framework/src/Concerns/RoutesRequests.php(239): Laravel/Lumen/Application->handleFoundRoute(Array)
#19 C:/xampp/htdocs/be-fms/api/vendor/laravel/lumen-framework/src/Concerns/RoutesRequests.php(174): Laravel/Lumen/Application->handleDispatcherResponse(Array)
#20 C:/xampp/htdocs/be-fms/api/vendor/laravel/lumen-framework/src/Concerns/RoutesRequests.php(431): Laravel/Lumen/Application->Laravel/Lumen/Concerns/{closure}(Object(Laravel/Lumen/Http/Request))
#21 C:/xampp/htdocs/be-fms/api/vendor/laravel/lumen-framework/src/Concerns/RoutesRequests.php(167): Laravel/Lumen/Application->sendThroughPipeline(Array, Object(Closure))
#22 C:/xampp/htdocs/be-fms/api/vendor/laravel/lumen-framework/src/Concerns/RoutesRequests.php(112): Laravel/Lumen/Application->dispatch(NULL)
#23 C:/xampp/htdocs/be-fms/api/public/index.php(28): Laravel/Lumen/Application->run()
#24 {main}
"} 
[2026-02-28 07:41:54] local.ERROR: Unable to resolve dependency [Parameter #1 [ <required> $userID ]] in class App\Http\Controllers\JobController {"exception":"[object] (Illuminate\\Contracts\\Container\\BindingResolutionException(code: 0): Unable to resolve dependency [Parameter #1 [ <required> $userID ]] in class App\\Http\\Controllers\\JobController at C:/xampp/htdocs/be-fms/api/vendor/illuminate/container/BoundMethod.php:188)
[stacktrace]
#0 C:/xampp/htdocs/be-fms/api/vendor/illuminate/container/BoundMethod.php(124): Illuminate/Container/BoundMethod::addDependencyForCallParameter(Object(Laravel/Lumen/Application), Object(ReflectionParameter), Array, Array)
#1 C:/xampp/htdocs/be-fms/api/vendor/illuminate/container/BoundMethod.php(36): Illuminate/Container/BoundMethod::getMethodDependencies(Object(Laravel/Lumen/Application), Array, Array)
#2 C:/xampp/htdocs/be-fms/api/vendor/illuminate/container/Util.php(41): Illuminate/Container/BoundMethod::Illuminate/Container/{closure}()
#3 C:/xampp/htdocs/be-fms/api/vendor/illuminate/container/BoundMethod.php(93): Illuminate/Container/Util::unwrapIfClosure(Object(Closure))
#4 C:/xampp/htdocs/be-fms/api/vendor/illuminate/container/BoundMethod.php(35): Illuminate/Container/BoundMethod::callBoundMethod(Object(Laravel/Lumen/Application), Array, Object(Closure))
#5 C:/xampp/htdocs/be-fms/api/vendor/illuminate/container/Container.php(662): Illuminate/Container/BoundMethod::call(Object(Laravel/Lumen/Application), Array, Array, NULL)
#6 C:/xampp/htdocs/be-fms/api/vendor/laravel/lumen-framework/src/Concerns/RoutesRequests.php(391): Illuminate/Container/Container->call(Array, Array)
#7 C:/xampp/htdocs/be-fms/api/vendor/laravel/lumen-framework/src/Concerns/RoutesRequests.php(356): Laravel/Lumen/Application->callControllerCallable(Array, Array)
#8 C:/xampp/htdocs/be-fms/api/vendor/laravel/lumen-framework/src/Concerns/RoutesRequests.php(331): Laravel/Lumen/Application->callLumenController(Object(App/Http/Controllers/JobController), 'get_job_by_user', Array)
#9 C:/xampp/htdocs/be-fms/api/vendor/laravel/lumen-framework/src/Concerns/RoutesRequests.php(284): Laravel/Lumen/Application->callControllerAction(Array)
#10 C:/xampp/htdocs/be-fms/api/vendor/laravel/lumen-framework/src/Concerns/RoutesRequests.php(264): Laravel/Lumen/Application->callActionOnArrayBasedRoute(Array)
#11 C:/xampp/htdocs/be-fms/api/vendor/laravel/lumen-framework/src/Routing/Pipeline.php(48): Laravel/Lumen/Application->Laravel/Lumen/Concerns/{closure}(Object(Laravel/Lumen/Http/Request))
#12 C:/xampp/htdocs/be-fms/api/app/Http/Middleware/Authenticate.php(74): Laravel/Lumen/Routing/Pipeline->Laravel/Lumen/Routing/{closure}(Object(Laravel/Lumen/Http/Request))
#13 C:/xampp/htdocs/be-fms/api/vendor/illuminate/pipeline/Pipeline.php(183): App/Http/Middleware/Authenticate->handle(Object(Laravel/Lumen/Http/Request), Object(Closure))
#14 C:/xampp/htdocs/be-fms/api/vendor/laravel/lumen-framework/src/Routing/Pipeline.php(30): Illuminate/Pipeline/Pipeline->Illuminate/Pipeline/{closure}(Object(Laravel/Lumen/Http/Request))
#15 C:/xampp/htdocs/be-fms/api/vendor/illuminate/pipeline/Pipeline.php(119): Laravel/Lumen/Routing/Pipeline->Laravel/Lumen/Routing/{closure}(Object(Laravel/Lumen/Http/Request))
#16 C:/xampp/htdocs/be-fms/api/vendor/laravel/lumen-framework/src/Concerns/RoutesRequests.php(428): Illuminate/Pipeline/Pipeline->then(Object(Closure))
#17 C:/xampp/htdocs/be-fms/api/vendor/laravel/lumen-framework/src/Concerns/RoutesRequests.php(263): Laravel/Lumen/Application->sendThroughPipeline(Array, Object(Closure))
#18 C:/xampp/htdocs/be-fms/api/vendor/laravel/lumen-framework/src/Concerns/RoutesRequests.php(239): Laravel/Lumen/Application->handleFoundRoute(Array)
#19 C:/xampp/htdocs/be-fms/api/vendor/laravel/lumen-framework/src/Concerns/RoutesRequests.php(174): Laravel/Lumen/Application->handleDispatcherResponse(Array)
#20 C:/xampp/htdocs/be-fms/api/vendor/laravel/lumen-framework/src/Concerns/RoutesRequests.php(431): Laravel/Lumen/Application->Laravel/Lumen/Concerns/{closure}(Object(Laravel/Lumen/Http/Request))
#21 C:/xampp/htdocs/be-fms/api/vendor/laravel/lumen-framework/src/Concerns/RoutesRequests.php(167): Laravel/Lumen/Application->sendThroughPipeline(Array, Object(Closure))
#22 C:/xampp/htdocs/be-fms/api/vendor/laravel/lumen-framework/src/Concerns/RoutesRequests.php(112): Laravel/Lumen/Application->dispatch(NULL)
#23 C:/xampp/htdocs/be-fms/api/public/index.php(28): Laravel/Lumen/Application->run()
#24 {main}
"} 
[2026-02-28 07:43:54] local.ERROR: Unable to resolve dependency [Parameter #1 [ <required> $userID ]] in class App\Http\Controllers\JobController {"exception":"[object] (Illuminate\\Contracts\\Container\\BindingResolutionException(code: 0): Unable to resolve dependency [Parameter #1 [ <required> $userID ]] in class App\\Http\\Controllers\\JobController at C:/xampp/htdocs/be-fms/api/vendor/illuminate/container/BoundMethod.php:188)
[stacktrace]
#0 C:/xampp/htdocs/be-fms/api/vendor/illuminate/container/BoundMethod.php(124): Illuminate/Container/BoundMethod::addDependencyForCallParameter(Object(Laravel/Lumen/Application), Object(ReflectionParameter), Array, Array)
#1 C:/xampp/htdocs/be-fms/api/vendor/illuminate/container/BoundMethod.php(36): Illuminate/Container/BoundMethod::getMethodDependencies(Object(Laravel/Lumen/Application), Array, Array)
#2 C:/xampp/htdocs/be-fms/api/vendor/illuminate/container/Util.php(41): Illuminate/Container/BoundMethod::Illuminate/Container/{closure}()
#3 C:/xampp/htdocs/be-fms/api/vendor/illuminate/container/BoundMethod.php(93): Illuminate/Container/Util::unwrapIfClosure(Object(Closure))
#4 C:/xampp/htdocs/be-fms/api/vendor/illuminate/container/BoundMethod.php(35): Illuminate/Container/BoundMethod::callBoundMethod(Object(Laravel/Lumen/Application), Array, Object(Closure))
#5 C:/xampp/htdocs/be-fms/api/vendor/illuminate/container/Container.php(662): Illuminate/Container/BoundMethod::call(Object(Laravel/Lumen/Application), Array, Array, NULL)
#6 C:/xampp/htdocs/be-fms/api/vendor/laravel/lumen-framework/src/Concerns/RoutesRequests.php(391): Illuminate/Container/Container->call(Array, Array)
#7 C:/xampp/htdocs/be-fms/api/vendor/laravel/lumen-framework/src/Concerns/RoutesRequests.php(356): Laravel/Lumen/Application->callControllerCallable(Array, Array)
#8 C:/xampp/htdocs/be-fms/api/vendor/laravel/lumen-framework/src/Concerns/RoutesRequests.php(331): Laravel/Lumen/Application->callLumenController(Object(App/Http/Controllers/JobController), 'get_job_by_user', Array)
#9 C:/xampp/htdocs/be-fms/api/vendor/laravel/lumen-framework/src/Concerns/RoutesRequests.php(284): Laravel/Lumen/Application->callControllerAction(Array)
#10 C:/xampp/htdocs/be-fms/api/vendor/laravel/lumen-framework/src/Concerns/RoutesRequests.php(264): Laravel/Lumen/Application->callActionOnArrayBasedRoute(Array)
#11 C:/xampp/htdocs/be-fms/api/vendor/laravel/lumen-framework/src/Routing/Pipeline.php(48): Laravel/Lumen/Application->Laravel/Lumen/Concerns/{closure}(Object(Laravel/Lumen/Http/Request))
#12 C:/xampp/htdocs/be-fms/api/app/Http/Middleware/Authenticate.php(74): Laravel/Lumen/Routing/Pipeline->Laravel/Lumen/Routing/{closure}(Object(Laravel/Lumen/Http/Request))
#13 C:/xampp/htdocs/be-fms/api/vendor/illuminate/pipeline/Pipeline.php(183): App/Http/Middleware/Authenticate->handle(Object(Laravel/Lumen/Http/Request), Object(Closure))
#14 C:/xampp/htdocs/be-fms/api/vendor/laravel/lumen-framework/src/Routing/Pipeline.php(30): Illuminate/Pipeline/Pipeline->Illuminate/Pipeline/{closure}(Object(Laravel/Lumen/Http/Request))
#15 C:/xampp/htdocs/be-fms/api/vendor/illuminate/pipeline/Pipeline.php(119): Laravel/Lumen/Routing/Pipeline->Laravel/Lumen/Routing/{closure}(Object(Laravel/Lumen/Http/Request))
#16 C:/xampp/htdocs/be-fms/api/vendor/laravel/lumen-framework/src/Concerns/RoutesRequests.php(428): Illuminate/Pipeline/Pipeline->then(Object(Closure))
#17 C:/xampp/htdocs/be-fms/api/vendor/laravel/lumen-framework/src/Concerns/RoutesRequests.php(263): Laravel/Lumen/Application->sendThroughPipeline(Array, Object(Closure))
#18 C:/xampp/htdocs/be-fms/api/vendor/laravel/lumen-framework/src/Concerns/RoutesRequests.php(239): Laravel/Lumen/Application->handleFoundRoute(Array)
#19 C:/xampp/htdocs/be-fms/api/vendor/laravel/lumen-framework/src/Concerns/RoutesRequests.php(174): Laravel/Lumen/Application->handleDispatcherResponse(Array)
#20 C:/xampp/htdocs/be-fms/api/vendor/laravel/lumen-framework/src/Concerns/RoutesRequests.php(431): Laravel/Lumen/Application->Laravel/Lumen/Concerns/{closure}(Object(Laravel/Lumen/Http/Request))
#21 C:/xampp/htdocs/be-fms/api/vendor/laravel/lumen-framework/src/Concerns/RoutesRequests.php(167): Laravel/Lumen/Application->sendThroughPipeline(Array, Object(Closure))
#22 C:/xampp/htdocs/be-fms/api/vendor/laravel/lumen-framework/src/Concerns/RoutesRequests.php(112): Laravel/Lumen/Application->dispatch(NULL)
#23 C:/xampp/htdocs/be-fms/api/public/index.php(28): Laravel/Lumen/Application->run()
#24 {main}
"} 
[2026-02-28 07:43:54] local.ERROR: Unable to resolve dependency [Parameter #1 [ <required> $userID ]] in class App\Http\Controllers\JobController {"exception":"[object] (Illuminate\\Contracts\\Container\\BindingResolutionException(code: 0): Unable to resolve dependency [Parameter #1 [ <required> $userID ]] in class App\\Http\\Controllers\\JobController at C:/xampp/htdocs/be-fms/api/vendor/illuminate/container/BoundMethod.php:188)
[stacktrace]
#0 C:/xampp/htdocs/be-fms/api/vendor/illuminate/container/BoundMethod.php(124): Illuminate/Container/BoundMethod::addDependencyForCallParameter(Object(Laravel/Lumen/Application), Object(ReflectionParameter), Array, Array)
#1 C:/xampp/htdocs/be-fms/api/vendor/illuminate/container/BoundMethod.php(36): Illuminate/Container/BoundMethod::getMethodDependencies(Object(Laravel/Lumen/Application), Array, Array)
#2 C:/xampp/htdocs/be-fms/api/vendor/illuminate/container/Util.php(41): Illuminate/Container/BoundMethod::Illuminate/Container/{closure}()
#3 C:/xampp/htdocs/be-fms/api/vendor/illuminate/container/BoundMethod.php(93): Illuminate/Container/Util::unwrapIfClosure(Object(Closure))
#4 C:/xampp/htdocs/be-fms/api/vendor/illuminate/container/BoundMethod.php(35): Illuminate/Container/BoundMethod::callBoundMethod(Object(Laravel/Lumen/Application), Array, Object(Closure))
#5 C:/xampp/htdocs/be-fms/api/vendor/illuminate/container/Container.php(662): Illuminate/Container/BoundMethod::call(Object(Laravel/Lumen/Application), Array, Array, NULL)
#6 C:/xampp/htdocs/be-fms/api/vendor/laravel/lumen-framework/src/Concerns/RoutesRequests.php(391): Illuminate/Container/Container->call(Array, Array)
#7 C:/xampp/htdocs/be-fms/api/vendor/laravel/lumen-framework/src/Concerns/RoutesRequests.php(356): Laravel/Lumen/Application->callControllerCallable(Array, Array)
#8 C:/xampp/htdocs/be-fms/api/vendor/laravel/lumen-framework/src/Concerns/RoutesRequests.php(331): Laravel/Lumen/Application->callLumenController(Object(App/Http/Controllers/JobController), 'get_job_by_user', Array)
#9 C:/xampp/htdocs/be-fms/api/vendor/laravel/lumen-framework/src/Concerns/RoutesRequests.php(284): Laravel/Lumen/Application->callControllerAction(Array)
#10 C:/xampp/htdocs/be-fms/api/vendor/laravel/lumen-framework/src/Concerns/RoutesRequests.php(264): Laravel/Lumen/Application->callActionOnArrayBasedRoute(Array)
#11 C:/xampp/htdocs/be-fms/api/vendor/laravel/lumen-framework/src/Routing/Pipeline.php(48): Laravel/Lumen/Application->Laravel/Lumen/Concerns/{closure}(Object(Laravel/Lumen/Http/Request))
#12 C:/xampp/htdocs/be-fms/api/app/Http/Middleware/Authenticate.php(74): Laravel/Lumen/Routing/Pipeline->Laravel/Lumen/Routing/{closure}(Object(Laravel/Lumen/Http/Request))
#13 C:/xampp/htdocs/be-fms/api/vendor/illuminate/pipeline/Pipeline.php(183): App/Http/Middleware/Authenticate->handle(Object(Laravel/Lumen/Http/Request), Object(Closure))
#14 C:/xampp/htdocs/be-fms/api/vendor/laravel/lumen-framework/src/Routing/Pipeline.php(30): Illuminate/Pipeline/Pipeline->Illuminate/Pipeline/{closure}(Object(Laravel/Lumen/Http/Request))
#15 C:/xampp/htdocs/be-fms/api/vendor/illuminate/pipeline/Pipeline.php(119): Laravel/Lumen/Routing/Pipeline->Laravel/Lumen/Routing/{closure}(Object(Laravel/Lumen/Http/Request))
#16 C:/xampp/htdocs/be-fms/api/vendor/laravel/lumen-framework/src/Concerns/RoutesRequests.php(428): Illuminate/Pipeline/Pipeline->then(Object(Closure))
#17 C:/xampp/htdocs/be-fms/api/vendor/laravel/lumen-framework/src/Concerns/RoutesRequests.php(263): Laravel/Lumen/Application->sendThroughPipeline(Array, Object(Closure))
#18 C:/xampp/htdocs/be-fms/api/vendor/laravel/lumen-framework/src/Concerns/RoutesRequests.php(239): Laravel/Lumen/Application->handleFoundRoute(Array)
#19 C:/xampp/htdocs/be-fms/api/vendor/laravel/lumen-framework/src/Concerns/RoutesRequests.php(174): Laravel/Lumen/Application->handleDispatcherResponse(Array)
#20 C:/xampp/htdocs/be-fms/api/vendor/laravel/lumen-framework/src/Concerns/RoutesRequests.php(431): Laravel/Lumen/Application->Laravel/Lumen/Concerns/{closure}(Object(Laravel/Lumen/Http/Request))
#21 C:/xampp/htdocs/be-fms/api/vendor/laravel/lumen-framework/src/Concerns/RoutesRequests.php(167): Laravel/Lumen/Application->sendThroughPipeline(Array, Object(Closure))
#22 C:/xampp/htdocs/be-fms/api/vendor/laravel/lumen-framework/src/Concerns/RoutesRequests.php(112): Laravel/Lumen/Application->dispatch(NULL)
#23 C:/xampp/htdocs/be-fms/api/public/index.php(28): Laravel/Lumen/Application->run()
#24 {main}
"} 
[2026-02-28 07:44:51] local.ERROR: Unable to resolve dependency [Parameter #1 [ <required> $userID ]] in class App\Http\Controllers\JobController {"exception":"[object] (Illuminate\\Contracts\\Container\\BindingResolutionException(code: 0): Unable to resolve dependency [Parameter #1 [ <required> $userID ]] in class App\\Http\\Controllers\\JobController at C:/xampp/htdocs/be-fms/api/vendor/illuminate/container/BoundMethod.php:188)
[stacktrace]
#0 C:/xampp/htdocs/be-fms/api/vendor/illuminate/container/BoundMethod.php(124): Illuminate/Container/BoundMethod::addDependencyForCallParameter(Object(Laravel/Lumen/Application), Object(ReflectionParameter), Array, Array)
#1 C:/xampp/htdocs/be-fms/api/vendor/illuminate/container/BoundMethod.php(36): Illuminate/Container/BoundMethod::getMethodDependencies(Object(Laravel/Lumen/Application), Array, Array)
#2 C:/xampp/htdocs/be-fms/api/vendor/illuminate/container/Util.php(41): Illuminate/Container/BoundMethod::Illuminate/Container/{closure}()
#3 C:/xampp/htdocs/be-fms/api/vendor/illuminate/container/BoundMethod.php(93): Illuminate/Container/Util::unwrapIfClosure(Object(Closure))
#4 C:/xampp/htdocs/be-fms/api/vendor/illuminate/container/BoundMethod.php(35): Illuminate/Container/BoundMethod::callBoundMethod(Object(Laravel/Lumen/Application), Array, Object(Closure))
#5 C:/xampp/htdocs/be-fms/api/vendor/illuminate/container/Container.php(662): Illuminate/Container/BoundMethod::call(Object(Laravel/Lumen/Application), Array, Array, NULL)
#6 C:/xampp/htdocs/be-fms/api/vendor/laravel/lumen-framework/src/Concerns/RoutesRequests.php(391): Illuminate/Container/Container->call(Array, Array)
#7 C:/xampp/htdocs/be-fms/api/vendor/laravel/lumen-framework/src/Concerns/RoutesRequests.php(356): Laravel/Lumen/Application->callControllerCallable(Array, Array)
#8 C:/xampp/htdocs/be-fms/api/vendor/laravel/lumen-framework/src/Concerns/RoutesRequests.php(331): Laravel/Lumen/Application->callLumenController(Object(App/Http/Controllers/JobController), 'get_job_by_user', Array)
#9 C:/xampp/htdocs/be-fms/api/vendor/laravel/lumen-framework/src/Concerns/RoutesRequests.php(284): Laravel/Lumen/Application->callControllerAction(Array)
#10 C:/xampp/htdocs/be-fms/api/vendor/laravel/lumen-framework/src/Concerns/RoutesRequests.php(264): Laravel/Lumen/Application->callActionOnArrayBasedRoute(Array)
#11 C:/xampp/htdocs/be-fms/api/vendor/laravel/lumen-framework/src/Routing/Pipeline.php(48): Laravel/Lumen/Application->Laravel/Lumen/Concerns/{closure}(Object(Laravel/Lumen/Http/Request))
#12 C:/xampp/htdocs/be-fms/api/app/Http/Middleware/Authenticate.php(74): Laravel/Lumen/Routing/Pipeline->Laravel/Lumen/Routing/{closure}(Object(Laravel/Lumen/Http/Request))
#13 C:/xampp/htdocs/be-fms/api/vendor/illuminate/pipeline/Pipeline.php(183): App/Http/Middleware/Authenticate->handle(Object(Laravel/Lumen/Http/Request), Object(Closure))
#14 C:/xampp/htdocs/be-fms/api/vendor/laravel/lumen-framework/src/Routing/Pipeline.php(30): Illuminate/Pipeline/Pipeline->Illuminate/Pipeline/{closure}(Object(Laravel/Lumen/Http/Request))
#15 C:/xampp/htdocs/be-fms/api/vendor/illuminate/pipeline/Pipeline.php(119): Laravel/Lumen/Routing/Pipeline->Laravel/Lumen/Routing/{closure}(Object(Laravel/Lumen/Http/Request))
#16 C:/xampp/htdocs/be-fms/api/vendor/laravel/lumen-framework/src/Concerns/RoutesRequests.php(428): Illuminate/Pipeline/Pipeline->then(Object(Closure))
#17 C:/xampp/htdocs/be-fms/api/vendor/laravel/lumen-framework/src/Concerns/RoutesRequests.php(263): Laravel/Lumen/Application->sendThroughPipeline(Array, Object(Closure))
#18 C:/xampp/htdocs/be-fms/api/vendor/laravel/lumen-framework/src/Concerns/RoutesRequests.php(239): Laravel/Lumen/Application->handleFoundRoute(Array)
#19 C:/xampp/htdocs/be-fms/api/vendor/laravel/lumen-framework/src/Concerns/RoutesRequests.php(174): Laravel/Lumen/Application->handleDispatcherResponse(Array)
#20 C:/xampp/htdocs/be-fms/api/vendor/laravel/lumen-framework/src/Concerns/RoutesRequests.php(431): Laravel/Lumen/Application->Laravel/Lumen/Concerns/{closure}(Object(Laravel/Lumen/Http/Request))
#21 C:/xampp/htdocs/be-fms/api/vendor/laravel/lumen-framework/src/Concerns/RoutesRequests.php(167): Laravel/Lumen/Application->sendThroughPipeline(Array, Object(Closure))
#22 C:/xampp/htdocs/be-fms/api/vendor/laravel/lumen-framework/src/Concerns/RoutesRequests.php(112): Laravel/Lumen/Application->dispatch(NULL)
#23 C:/xampp/htdocs/be-fms/api/public/index.php(28): Laravel/Lumen/Application->run()
#24 {main}
"} 
[2026-02-28 07:45:02] local.ERROR: Unable to resolve dependency [Parameter #1 [ <required> $userID ]] in class App\Http\Controllers\JobController {"exception":"[object] (Illuminate\\Contracts\\Container\\BindingResolutionException(code: 0): Unable to resolve dependency [Parameter #1 [ <required> $userID ]] in class App\\Http\\Controllers\\JobController at C:/xampp/htdocs/be-fms/api/vendor/illuminate/container/BoundMethod.php:188)
[stacktrace]
#0 C:/xampp/htdocs/be-fms/api/vendor/illuminate/container/BoundMethod.php(124): Illuminate/Container/BoundMethod::addDependencyForCallParameter(Object(Laravel/Lumen/Application), Object(ReflectionParameter), Array, Array)
#1 C:/xampp/htdocs/be-fms/api/vendor/illuminate/container/BoundMethod.php(36): Illuminate/Container/BoundMethod::getMethodDependencies(Object(Laravel/Lumen/Application), Array, Array)
#2 C:/xampp/htdocs/be-fms/api/vendor/illuminate/container/Util.php(41): Illuminate/Container/BoundMethod::Illuminate/Container/{closure}()
#3 C:/xampp/htdocs/be-fms/api/vendor/illuminate/container/BoundMethod.php(93): Illuminate/Container/Util::unwrapIfClosure(Object(Closure))
#4 C:/xampp/htdocs/be-fms/api/vendor/illuminate/container/BoundMethod.php(35): Illuminate/Container/BoundMethod::callBoundMethod(Object(Laravel/Lumen/Application), Array, Object(Closure))
#5 C:/xampp/htdocs/be-fms/api/vendor/illuminate/container/Container.php(662): Illuminate/Container/BoundMethod::call(Object(Laravel/Lumen/Application), Array, Array, NULL)
#6 C:/xampp/htdocs/be-fms/api/vendor/laravel/lumen-framework/src/Concerns/RoutesRequests.php(391): Illuminate/Container/Container->call(Array, Array)
#7 C:/xampp/htdocs/be-fms/api/vendor/laravel/lumen-framework/src/Concerns/RoutesRequests.php(356): Laravel/Lumen/Application->callControllerCallable(Array, Array)
#8 C:/xampp/htdocs/be-fms/api/vendor/laravel/lumen-framework/src/Concerns/RoutesRequests.php(331): Laravel/Lumen/Application->callLumenController(Object(App/Http/Controllers/JobController), 'get_job_by_user', Array)
#9 C:/xampp/htdocs/be-fms/api/vendor/laravel/lumen-framework/src/Concerns/RoutesRequests.php(284): Laravel/Lumen/Application->callControllerAction(Array)
#10 C:/xampp/htdocs/be-fms/api/vendor/laravel/lumen-framework/src/Concerns/RoutesRequests.php(264): Laravel/Lumen/Application->callActionOnArrayBasedRoute(Array)
#11 C:/xampp/htdocs/be-fms/api/vendor/laravel/lumen-framework/src/Routing/Pipeline.php(48): Laravel/Lumen/Application->Laravel/Lumen/Concerns/{closure}(Object(Laravel/Lumen/Http/Request))
#12 C:/xampp/htdocs/be-fms/api/app/Http/Middleware/Authenticate.php(74): Laravel/Lumen/Routing/Pipeline->Laravel/Lumen/Routing/{closure}(Object(Laravel/Lumen/Http/Request))
#13 C:/xampp/htdocs/be-fms/api/vendor/illuminate/pipeline/Pipeline.php(183): App/Http/Middleware/Authenticate->handle(Object(Laravel/Lumen/Http/Request), Object(Closure))
#14 C:/xampp/htdocs/be-fms/api/vendor/laravel/lumen-framework/src/Routing/Pipeline.php(30): Illuminate/Pipeline/Pipeline->Illuminate/Pipeline/{closure}(Object(Laravel/Lumen/Http/Request))
#15 C:/xampp/htdocs/be-fms/api/vendor/illuminate/pipeline/Pipeline.php(119): Laravel/Lumen/Routing/Pipeline->Laravel/Lumen/Routing/{closure}(Object(Laravel/Lumen/Http/Request))
#16 C:/xampp/htdocs/be-fms/api/vendor/laravel/lumen-framework/src/Concerns/RoutesRequests.php(428): Illuminate/Pipeline/Pipeline->then(Object(Closure))
#17 C:/xampp/htdocs/be-fms/api/vendor/laravel/lumen-framework/src/Concerns/RoutesRequests.php(263): Laravel/Lumen/Application->sendThroughPipeline(Array, Object(Closure))
#18 C:/xampp/htdocs/be-fms/api/vendor/laravel/lumen-framework/src/Concerns/RoutesRequests.php(239): Laravel/Lumen/Application->handleFoundRoute(Array)
#19 C:/xampp/htdocs/be-fms/api/vendor/laravel/lumen-framework/src/Concerns/RoutesRequests.php(174): Laravel/Lumen/Application->handleDispatcherResponse(Array)
#20 C:/xampp/htdocs/be-fms/api/vendor/laravel/lumen-framework/src/Concerns/RoutesRequests.php(431): Laravel/Lumen/Application->Laravel/Lumen/Concerns/{closure}(Object(Laravel/Lumen/Http/Request))
#21 C:/xampp/htdocs/be-fms/api/vendor/laravel/lumen-framework/src/Concerns/RoutesRequests.php(167): Laravel/Lumen/Application->sendThroughPipeline(Array, Object(Closure))
#22 C:/xampp/htdocs/be-fms/api/vendor/laravel/lumen-framework/src/Concerns/RoutesRequests.php(112): Laravel/Lumen/Application->dispatch(NULL)
#23 C:/xampp/htdocs/be-fms/api/public/index.php(28): Laravel/Lumen/Application->run()
#24 {main}
"} 
[2026-02-28 07:49:43] local.ERROR: Unable to resolve dependency [Parameter #1 [ <required> $userID ]] in class App\Http\Controllers\JobController {"exception":"[object] (Illuminate\\Contracts\\Container\\BindingResolutionException(code: 0): Unable to resolve dependency [Parameter #1 [ <required> $userID ]] in class App\\Http\\Controllers\\JobController at C:/xampp/htdocs/be-fms/api/vendor/illuminate/container/BoundMethod.php:188)
[stacktrace]
#0 C:/xampp/htdocs/be-fms/api/vendor/illuminate/container/BoundMethod.php(124): Illuminate/Container/BoundMethod::addDependencyForCallParameter(Object(Laravel/Lumen/Application), Object(ReflectionParameter), Array, Array)
#1 C:/xampp/htdocs/be-fms/api/vendor/illuminate/container/BoundMethod.php(36): Illuminate/Container/BoundMethod::getMethodDependencies(Object(Laravel/Lumen/Application), Array, Array)
#2 C:/xampp/htdocs/be-fms/api/vendor/illuminate/container/Util.php(41): Illuminate/Container/BoundMethod::Illuminate/Container/{closure}()
#3 C:/xampp/htdocs/be-fms/api/vendor/illuminate/container/BoundMethod.php(93): Illuminate/Container/Util::unwrapIfClosure(Object(Closure))
#4 C:/xampp/htdocs/be-fms/api/vendor/illuminate/container/BoundMethod.php(35): Illuminate/Container/BoundMethod::callBoundMethod(Object(Laravel/Lumen/Application), Array, Object(Closure))
#5 C:/xampp/htdocs/be-fms/api/vendor/illuminate/container/Container.php(662): Illuminate/Container/BoundMethod::call(Object(Laravel/Lumen/Application), Array, Array, NULL)
#6 C:/xampp/htdocs/be-fms/api/vendor/laravel/lumen-framework/src/Concerns/RoutesRequests.php(391): Illuminate/Container/Container->call(Array, Array)
#7 C:/xampp/htdocs/be-fms/api/vendor/laravel/lumen-framework/src/Concerns/RoutesRequests.php(356): Laravel/Lumen/Application->callControllerCallable(Array, Array)
#8 C:/xampp/htdocs/be-fms/api/vendor/laravel/lumen-framework/src/Concerns/RoutesRequests.php(331): Laravel/Lumen/Application->callLumenController(Object(App/Http/Controllers/JobController), 'get_job_by_user', Array)
#9 C:/xampp/htdocs/be-fms/api/vendor/laravel/lumen-framework/src/Concerns/RoutesRequests.php(284): Laravel/Lumen/Application->callControllerAction(Array)
#10 C:/xampp/htdocs/be-fms/api/vendor/laravel/lumen-framework/src/Concerns/RoutesRequests.php(264): Laravel/Lumen/Application->callActionOnArrayBasedRoute(Array)
#11 C:/xampp/htdocs/be-fms/api/vendor/laravel/lumen-framework/src/Routing/Pipeline.php(48): Laravel/Lumen/Application->Laravel/Lumen/Concerns/{closure}(Object(Laravel/Lumen/Http/Request))
#12 C:/xampp/htdocs/be-fms/api/app/Http/Middleware/Authenticate.php(74): Laravel/Lumen/Routing/Pipeline->Laravel/Lumen/Routing/{closure}(Object(Laravel/Lumen/Http/Request))
#13 C:/xampp/htdocs/be-fms/api/vendor/illuminate/pipeline/Pipeline.php(183): App/Http/Middleware/Authenticate->handle(Object(Laravel/Lumen/Http/Request), Object(Closure))
#14 C:/xampp/htdocs/be-fms/api/vendor/laravel/lumen-framework/src/Routing/Pipeline.php(30): Illuminate/Pipeline/Pipeline->Illuminate/Pipeline/{closure}(Object(Laravel/Lumen/Http/Request))
#15 C:/xampp/htdocs/be-fms/api/vendor/illuminate/pipeline/Pipeline.php(119): Laravel/Lumen/Routing/Pipeline->Laravel/Lumen/Routing/{closure}(Object(Laravel/Lumen/Http/Request))
#16 C:/xampp/htdocs/be-fms/api/vendor/laravel/lumen-framework/src/Concerns/RoutesRequests.php(428): Illuminate/Pipeline/Pipeline->then(Object(Closure))
#17 C:/xampp/htdocs/be-fms/api/vendor/laravel/lumen-framework/src/Concerns/RoutesRequests.php(263): Laravel/Lumen/Application->sendThroughPipeline(Array, Object(Closure))
#18 C:/xampp/htdocs/be-fms/api/vendor/laravel/lumen-framework/src/Concerns/RoutesRequests.php(239): Laravel/Lumen/Application->handleFoundRoute(Array)
#19 C:/xampp/htdocs/be-fms/api/vendor/laravel/lumen-framework/src/Concerns/RoutesRequests.php(174): Laravel/Lumen/Application->handleDispatcherResponse(Array)
#20 C:/xampp/htdocs/be-fms/api/vendor/laravel/lumen-framework/src/Concerns/RoutesRequests.php(431): Laravel/Lumen/Application->Laravel/Lumen/Concerns/{closure}(Object(Laravel/Lumen/Http/Request))
#21 C:/xampp/htdocs/be-fms/api/vendor/laravel/lumen-framework/src/Concerns/RoutesRequests.php(167): Laravel/Lumen/Application->sendThroughPipeline(Array, Object(Closure))
#22 C:/xampp/htdocs/be-fms/api/vendor/laravel/lumen-framework/src/Concerns/RoutesRequests.php(112): Laravel/Lumen/Application->dispatch(NULL)
#23 C:/xampp/htdocs/be-fms/api/public/index.php(28): Laravel/Lumen/Application->run()
#24 {main}
"} 
[2026-02-28 07:49:43] local.ERROR: Unable to resolve dependency [Parameter #1 [ <required> $userID ]] in class App\Http\Controllers\JobController {"exception":"[object] (Illuminate\\Contracts\\Container\\BindingResolutionException(code: 0): Unable to resolve dependency [Parameter #1 [ <required> $userID ]] in class App\\Http\\Controllers\\JobController at C:/xampp/htdocs/be-fms/api/vendor/illuminate/container/BoundMethod.php:188)
[stacktrace]
#0 C:/xampp/htdocs/be-fms/api/vendor/illuminate/container/BoundMethod.php(124): Illuminate/Container/BoundMethod::addDependencyForCallParameter(Object(Laravel/Lumen/Application), Object(ReflectionParameter), Array, Array)
#1 C:/xampp/htdocs/be-fms/api/vendor/illuminate/container/BoundMethod.php(36): Illuminate/Container/BoundMethod::getMethodDependencies(Object(Laravel/Lumen/Application), Array, Array)
#2 C:/xampp/htdocs/be-fms/api/vendor/illuminate/container/Util.php(41): Illuminate/Container/BoundMethod::Illuminate/Container/{closure}()
#3 C:/xampp/htdocs/be-fms/api/vendor/illuminate/container/BoundMethod.php(93): Illuminate/Container/Util::unwrapIfClosure(Object(Closure))
#4 C:/xampp/htdocs/be-fms/api/vendor/illuminate/container/BoundMethod.php(35): Illuminate/Container/BoundMethod::callBoundMethod(Object(Laravel/Lumen/Application), Array, Object(Closure))
#5 C:/xampp/htdocs/be-fms/api/vendor/illuminate/container/Container.php(662): Illuminate/Container/BoundMethod::call(Object(Laravel/Lumen/Application), Array, Array, NULL)
#6 C:/xampp/htdocs/be-fms/api/vendor/laravel/lumen-framework/src/Concerns/RoutesRequests.php(391): Illuminate/Container/Container->call(Array, Array)
#7 C:/xampp/htdocs/be-fms/api/vendor/laravel/lumen-framework/src/Concerns/RoutesRequests.php(356): Laravel/Lumen/Application->callControllerCallable(Array, Array)
#8 C:/xampp/htdocs/be-fms/api/vendor/laravel/lumen-framework/src/Concerns/RoutesRequests.php(331): Laravel/Lumen/Application->callLumenController(Object(App/Http/Controllers/JobController), 'get_job_by_user', Array)
#9 C:/xampp/htdocs/be-fms/api/vendor/laravel/lumen-framework/src/Concerns/RoutesRequests.php(284): Laravel/Lumen/Application->callControllerAction(Array)
#10 C:/xampp/htdocs/be-fms/api/vendor/laravel/lumen-framework/src/Concerns/RoutesRequests.php(264): Laravel/Lumen/Application->callActionOnArrayBasedRoute(Array)
#11 C:/xampp/htdocs/be-fms/api/vendor/laravel/lumen-framework/src/Routing/Pipeline.php(48): Laravel/Lumen/Application->Laravel/Lumen/Concerns/{closure}(Object(Laravel/Lumen/Http/Request))
#12 C:/xampp/htdocs/be-fms/api/app/Http/Middleware/Authenticate.php(74): Laravel/Lumen/Routing/Pipeline->Laravel/Lumen/Routing/{closure}(Object(Laravel/Lumen/Http/Request))
#13 C:/xampp/htdocs/be-fms/api/vendor/illuminate/pipeline/Pipeline.php(183): App/Http/Middleware/Authenticate->handle(Object(Laravel/Lumen/Http/Request), Object(Closure))
#14 C:/xampp/htdocs/be-fms/api/vendor/laravel/lumen-framework/src/Routing/Pipeline.php(30): Illuminate/Pipeline/Pipeline->Illuminate/Pipeline/{closure}(Object(Laravel/Lumen/Http/Request))
#15 C:/xampp/htdocs/be-fms/api/vendor/illuminate/pipeline/Pipeline.php(119): Laravel/Lumen/Routing/Pipeline->Laravel/Lumen/Routing/{closure}(Object(Laravel/Lumen/Http/Request))
#16 C:/xampp/htdocs/be-fms/api/vendor/laravel/lumen-framework/src/Concerns/RoutesRequests.php(428): Illuminate/Pipeline/Pipeline->then(Object(Closure))
#17 C:/xampp/htdocs/be-fms/api/vendor/laravel/lumen-framework/src/Concerns/RoutesRequests.php(263): Laravel/Lumen/Application->sendThroughPipeline(Array, Object(Closure))
#18 C:/xampp/htdocs/be-fms/api/vendor/laravel/lumen-framework/src/Concerns/RoutesRequests.php(239): Laravel/Lumen/Application->handleFoundRoute(Array)
#19 C:/xampp/htdocs/be-fms/api/vendor/laravel/lumen-framework/src/Concerns/RoutesRequests.php(174): Laravel/Lumen/Application->handleDispatcherResponse(Array)
#20 C:/xampp/htdocs/be-fms/api/vendor/laravel/lumen-framework/src/Concerns/RoutesRequests.php(431): Laravel/Lumen/Application->Laravel/Lumen/Concerns/{closure}(Object(Laravel/Lumen/Http/Request))
#21 C:/xampp/htdocs/be-fms/api/vendor/laravel/lumen-framework/src/Concerns/RoutesRequests.php(167): Laravel/Lumen/Application->sendThroughPipeline(Array, Object(Closure))
#22 C:/xampp/htdocs/be-fms/api/vendor/laravel/lumen-framework/src/Concerns/RoutesRequests.php(112): Laravel/Lumen/Application->dispatch(NULL)
#23 C:/xampp/htdocs/be-fms/api/public/index.php(28): Laravel/Lumen/Application->run()
#24 {main}
"} 
[2026-02-28 07:50:24] local.ERROR: Unable to resolve dependency [Parameter #1 [ <required> $userID ]] in class App\Http\Controllers\JobController {"exception":"[object] (Illuminate\\Contracts\\Container\\BindingResolutionException(code: 0): Unable to resolve dependency [Parameter #1 [ <required> $userID ]] in class App\\Http\\Controllers\\JobController at C:/xampp/htdocs/be-fms/api/vendor/illuminate/container/BoundMethod.php:188)
[stacktrace]
#0 C:/xampp/htdocs/be-fms/api/vendor/illuminate/container/BoundMethod.php(124): Illuminate/Container/BoundMethod::addDependencyForCallParameter(Object(Laravel/Lumen/Application), Object(ReflectionParameter), Array, Array)
#1 C:/xampp/htdocs/be-fms/api/vendor/illuminate/container/BoundMethod.php(36): Illuminate/Container/BoundMethod::getMethodDependencies(Object(Laravel/Lumen/Application), Array, Array)
#2 C:/xampp/htdocs/be-fms/api/vendor/illuminate/container/Util.php(41): Illuminate/Container/BoundMethod::Illuminate/Container/{closure}()
#3 C:/xampp/htdocs/be-fms/api/vendor/illuminate/container/BoundMethod.php(93): Illuminate/Container/Util::unwrapIfClosure(Object(Closure))
#4 C:/xampp/htdocs/be-fms/api/vendor/illuminate/container/BoundMethod.php(35): Illuminate/Container/BoundMethod::callBoundMethod(Object(Laravel/Lumen/Application), Array, Object(Closure))
#5 C:/xampp/htdocs/be-fms/api/vendor/illuminate/container/Container.php(662): Illuminate/Container/BoundMethod::call(Object(Laravel/Lumen/Application), Array, Array, NULL)
#6 C:/xampp/htdocs/be-fms/api/vendor/laravel/lumen-framework/src/Concerns/RoutesRequests.php(391): Illuminate/Container/Container->call(Array, Array)
#7 C:/xampp/htdocs/be-fms/api/vendor/laravel/lumen-framework/src/Concerns/RoutesRequests.php(356): Laravel/Lumen/Application->callControllerCallable(Array, Array)
#8 C:/xampp/htdocs/be-fms/api/vendor/laravel/lumen-framework/src/Concerns/RoutesRequests.php(331): Laravel/Lumen/Application->callLumenController(Object(App/Http/Controllers/JobController), 'get_job_by_user', Array)
#9 C:/xampp/htdocs/be-fms/api/vendor/laravel/lumen-framework/src/Concerns/RoutesRequests.php(284): Laravel/Lumen/Application->callControllerAction(Array)
#10 C:/xampp/htdocs/be-fms/api/vendor/laravel/lumen-framework/src/Concerns/RoutesRequests.php(264): Laravel/Lumen/Application->callActionOnArrayBasedRoute(Array)
#11 C:/xampp/htdocs/be-fms/api/vendor/laravel/lumen-framework/src/Routing/Pipeline.php(48): Laravel/Lumen/Application->Laravel/Lumen/Concerns/{closure}(Object(Laravel/Lumen/Http/Request))
#12 C:/xampp/htdocs/be-fms/api/app/Http/Middleware/Authenticate.php(74): Laravel/Lumen/Routing/Pipeline->Laravel/Lumen/Routing/{closure}(Object(Laravel/Lumen/Http/Request))
#13 C:/xampp/htdocs/be-fms/api/vendor/illuminate/pipeline/Pipeline.php(183): App/Http/Middleware/Authenticate->handle(Object(Laravel/Lumen/Http/Request), Object(Closure))
#14 C:/xampp/htdocs/be-fms/api/vendor/laravel/lumen-framework/src/Routing/Pipeline.php(30): Illuminate/Pipeline/Pipeline->Illuminate/Pipeline/{closure}(Object(Laravel/Lumen/Http/Request))
#15 C:/xampp/htdocs/be-fms/api/vendor/illuminate/pipeline/Pipeline.php(119): Laravel/Lumen/Routing/Pipeline->Laravel/Lumen/Routing/{closure}(Object(Laravel/Lumen/Http/Request))
#16 C:/xampp/htdocs/be-fms/api/vendor/laravel/lumen-framework/src/Concerns/RoutesRequests.php(428): Illuminate/Pipeline/Pipeline->then(Object(Closure))
#17 C:/xampp/htdocs/be-fms/api/vendor/laravel/lumen-framework/src/Concerns/RoutesRequests.php(263): Laravel/Lumen/Application->sendThroughPipeline(Array, Object(Closure))
#18 C:/xampp/htdocs/be-fms/api/vendor/laravel/lumen-framework/src/Concerns/RoutesRequests.php(239): Laravel/Lumen/Application->handleFoundRoute(Array)
#19 C:/xampp/htdocs/be-fms/api/vendor/laravel/lumen-framework/src/Concerns/RoutesRequests.php(174): Laravel/Lumen/Application->handleDispatcherResponse(Array)
#20 C:/xampp/htdocs/be-fms/api/vendor/laravel/lumen-framework/src/Concerns/RoutesRequests.php(431): Laravel/Lumen/Application->Laravel/Lumen/Concerns/{closure}(Object(Laravel/Lumen/Http/Request))
#21 C:/xampp/htdocs/be-fms/api/vendor/laravel/lumen-framework/src/Concerns/RoutesRequests.php(167): Laravel/Lumen/Application->sendThroughPipeline(Array, Object(Closure))
#22 C:/xampp/htdocs/be-fms/api/vendor/laravel/lumen-framework/src/Concerns/RoutesRequests.php(112): Laravel/Lumen/Application->dispatch(NULL)
#23 C:/xampp/htdocs/be-fms/api/public/index.php(28): Laravel/Lumen/Application->run()
#24 {main}
"} 
[2026-02-28 07:50:27] local.ERROR: Unable to resolve dependency [Parameter #1 [ <required> $userID ]] in class App\Http\Controllers\JobController {"exception":"[object] (Illuminate\\Contracts\\Container\\BindingResolutionException(code: 0): Unable to resolve dependency [Parameter #1 [ <required> $userID ]] in class App\\Http\\Controllers\\JobController at C:/xampp/htdocs/be-fms/api/vendor/illuminate/container/BoundMethod.php:188)
[stacktrace]
#0 C:/xampp/htdocs/be-fms/api/vendor/illuminate/container/BoundMethod.php(124): Illuminate/Container/BoundMethod::addDependencyForCallParameter(Object(Laravel/Lumen/Application), Object(ReflectionParameter), Array, Array)
#1 C:/xampp/htdocs/be-fms/api/vendor/illuminate/container/BoundMethod.php(36): Illuminate/Container/BoundMethod::getMethodDependencies(Object(Laravel/Lumen/Application), Array, Array)
#2 C:/xampp/htdocs/be-fms/api/vendor/illuminate/container/Util.php(41): Illuminate/Container/BoundMethod::Illuminate/Container/{closure}()
#3 C:/xampp/htdocs/be-fms/api/vendor/illuminate/container/BoundMethod.php(93): Illuminate/Container/Util::unwrapIfClosure(Object(Closure))
#4 C:/xampp/htdocs/be-fms/api/vendor/illuminate/container/BoundMethod.php(35): Illuminate/Container/BoundMethod::callBoundMethod(Object(Laravel/Lumen/Application), Array, Object(Closure))
#5 C:/xampp/htdocs/be-fms/api/vendor/illuminate/container/Container.php(662): Illuminate/Container/BoundMethod::call(Object(Laravel/Lumen/Application), Array, Array, NULL)
#6 C:/xampp/htdocs/be-fms/api/vendor/laravel/lumen-framework/src/Concerns/RoutesRequests.php(391): Illuminate/Container/Container->call(Array, Array)
#7 C:/xampp/htdocs/be-fms/api/vendor/laravel/lumen-framework/src/Concerns/RoutesRequests.php(356): Laravel/Lumen/Application->callControllerCallable(Array, Array)
#8 C:/xampp/htdocs/be-fms/api/vendor/laravel/lumen-framework/src/Concerns/RoutesRequests.php(331): Laravel/Lumen/Application->callLumenController(Object(App/Http/Controllers/JobController), 'get_job_by_user', Array)
#9 C:/xampp/htdocs/be-fms/api/vendor/laravel/lumen-framework/src/Concerns/RoutesRequests.php(284): Laravel/Lumen/Application->callControllerAction(Array)
#10 C:/xampp/htdocs/be-fms/api/vendor/laravel/lumen-framework/src/Concerns/RoutesRequests.php(264): Laravel/Lumen/Application->callActionOnArrayBasedRoute(Array)
#11 C:/xampp/htdocs/be-fms/api/vendor/laravel/lumen-framework/src/Routing/Pipeline.php(48): Laravel/Lumen/Application->Laravel/Lumen/Concerns/{closure}(Object(Laravel/Lumen/Http/Request))
#12 C:/xampp/htdocs/be-fms/api/app/Http/Middleware/Authenticate.php(74): Laravel/Lumen/Routing/Pipeline->Laravel/Lumen/Routing/{closure}(Object(Laravel/Lumen/Http/Request))
#13 C:/xampp/htdocs/be-fms/api/vendor/illuminate/pipeline/Pipeline.php(183): App/Http/Middleware/Authenticate->handle(Object(Laravel/Lumen/Http/Request), Object(Closure))
#14 C:/xampp/htdocs/be-fms/api/vendor/laravel/lumen-framework/src/Routing/Pipeline.php(30): Illuminate/Pipeline/Pipeline->Illuminate/Pipeline/{closure}(Object(Laravel/Lumen/Http/Request))
#15 C:/xampp/htdocs/be-fms/api/vendor/illuminate/pipeline/Pipeline.php(119): Laravel/Lumen/Routing/Pipeline->Laravel/Lumen/Routing/{closure}(Object(Laravel/Lumen/Http/Request))
#16 C:/xampp/htdocs/be-fms/api/vendor/laravel/lumen-framework/src/Concerns/RoutesRequests.php(428): Illuminate/Pipeline/Pipeline->then(Object(Closure))
#17 C:/xampp/htdocs/be-fms/api/vendor/laravel/lumen-framework/src/Concerns/RoutesRequests.php(263): Laravel/Lumen/Application->sendThroughPipeline(Array, Object(Closure))
#18 C:/xampp/htdocs/be-fms/api/vendor/laravel/lumen-framework/src/Concerns/RoutesRequests.php(239): Laravel/Lumen/Application->handleFoundRoute(Array)
#19 C:/xampp/htdocs/be-fms/api/vendor/laravel/lumen-framework/src/Concerns/RoutesRequests.php(174): Laravel/Lumen/Application->handleDispatcherResponse(Array)
#20 C:/xampp/htdocs/be-fms/api/vendor/laravel/lumen-framework/src/Concerns/RoutesRequests.php(431): Laravel/Lumen/Application->Laravel/Lumen/Concerns/{closure}(Object(Laravel/Lumen/Http/Request))
#21 C:/xampp/htdocs/be-fms/api/vendor/laravel/lumen-framework/src/Concerns/RoutesRequests.php(167): Laravel/Lumen/Application->sendThroughPipeline(Array, Object(Closure))
#22 C:/xampp/htdocs/be-fms/api/vendor/laravel/lumen-framework/src/Concerns/RoutesRequests.php(112): Laravel/Lumen/Application->dispatch(NULL)
#23 C:/xampp/htdocs/be-fms/api/public/index.php(28): Laravel/Lumen/Application->run()
#24 {main}
"} 
[2026-02-28 07:50:32] local.ERROR: Unable to resolve dependency [Parameter #1 [ <required> $userID ]] in class App\Http\Controllers\JobController {"exception":"[object] (Illuminate\\Contracts\\Container\\BindingResolutionException(code: 0): Unable to resolve dependency [Parameter #1 [ <required> $userID ]] in class App\\Http\\Controllers\\JobController at C:/xampp/htdocs/be-fms/api/vendor/illuminate/container/BoundMethod.php:188)
[stacktrace]
#0 C:/xampp/htdocs/be-fms/api/vendor/illuminate/container/BoundMethod.php(124): Illuminate/Container/BoundMethod::addDependencyForCallParameter(Object(Laravel/Lumen/Application), Object(ReflectionParameter), Array, Array)
#1 C:/xampp/htdocs/be-fms/api/vendor/illuminate/container/BoundMethod.php(36): Illuminate/Container/BoundMethod::getMethodDependencies(Object(Laravel/Lumen/Application), Array, Array)
#2 C:/xampp/htdocs/be-fms/api/vendor/illuminate/container/Util.php(41): Illuminate/Container/BoundMethod::Illuminate/Container/{closure}()
#3 C:/xampp/htdocs/be-fms/api/vendor/illuminate/container/BoundMethod.php(93): Illuminate/Container/Util::unwrapIfClosure(Object(Closure))
#4 C:/xampp/htdocs/be-fms/api/vendor/illuminate/container/BoundMethod.php(35): Illuminate/Container/BoundMethod::callBoundMethod(Object(Laravel/Lumen/Application), Array, Object(Closure))
#5 C:/xampp/htdocs/be-fms/api/vendor/illuminate/container/Container.php(662): Illuminate/Container/BoundMethod::call(Object(Laravel/Lumen/Application), Array, Array, NULL)
#6 C:/xampp/htdocs/be-fms/api/vendor/laravel/lumen-framework/src/Concerns/RoutesRequests.php(391): Illuminate/Container/Container->call(Array, Array)
#7 C:/xampp/htdocs/be-fms/api/vendor/laravel/lumen-framework/src/Concerns/RoutesRequests.php(356): Laravel/Lumen/Application->callControllerCallable(Array, Array)
#8 C:/xampp/htdocs/be-fms/api/vendor/laravel/lumen-framework/src/Concerns/RoutesRequests.php(331): Laravel/Lumen/Application->callLumenController(Object(App/Http/Controllers/JobController), 'get_job_by_user', Array)
#9 C:/xampp/htdocs/be-fms/api/vendor/laravel/lumen-framework/src/Concerns/RoutesRequests.php(284): Laravel/Lumen/Application->callControllerAction(Array)
#10 C:/xampp/htdocs/be-fms/api/vendor/laravel/lumen-framework/src/Concerns/RoutesRequests.php(264): Laravel/Lumen/Application->callActionOnArrayBasedRoute(Array)
#11 C:/xampp/htdocs/be-fms/api/vendor/laravel/lumen-framework/src/Routing/Pipeline.php(48): Laravel/Lumen/Application->Laravel/Lumen/Concerns/{closure}(Object(Laravel/Lumen/Http/Request))
#12 C:/xampp/htdocs/be-fms/api/app/Http/Middleware/Authenticate.php(74): Laravel/Lumen/Routing/Pipeline->Laravel/Lumen/Routing/{closure}(Object(Laravel/Lumen/Http/Request))
#13 C:/xampp/htdocs/be-fms/api/vendor/illuminate/pipeline/Pipeline.php(183): App/Http/Middleware/Authenticate->handle(Object(Laravel/Lumen/Http/Request), Object(Closure))
#14 C:/xampp/htdocs/be-fms/api/vendor/laravel/lumen-framework/src/Routing/Pipeline.php(30): Illuminate/Pipeline/Pipeline->Illuminate/Pipeline/{closure}(Object(Laravel/Lumen/Http/Request))
#15 C:/xampp/htdocs/be-fms/api/vendor/illuminate/pipeline/Pipeline.php(119): Laravel/Lumen/Routing/Pipeline->Laravel/Lumen/Routing/{closure}(Object(Laravel/Lumen/Http/Request))
#16 C:/xampp/htdocs/be-fms/api/vendor/laravel/lumen-framework/src/Concerns/RoutesRequests.php(428): Illuminate/Pipeline/Pipeline->then(Object(Closure))
#17 C:/xampp/htdocs/be-fms/api/vendor/laravel/lumen-framework/src/Concerns/RoutesRequests.php(263): Laravel/Lumen/Application->sendThroughPipeline(Array, Object(Closure))
#18 C:/xampp/htdocs/be-fms/api/vendor/laravel/lumen-framework/src/Concerns/RoutesRequests.php(239): Laravel/Lumen/Application->handleFoundRoute(Array)
#19 C:/xampp/htdocs/be-fms/api/vendor/laravel/lumen-framework/src/Concerns/RoutesRequests.php(174): Laravel/Lumen/Application->handleDispatcherResponse(Array)
#20 C:/xampp/htdocs/be-fms/api/vendor/laravel/lumen-framework/src/Concerns/RoutesRequests.php(431): Laravel/Lumen/Application->Laravel/Lumen/Concerns/{closure}(Object(Laravel/Lumen/Http/Request))
#21 C:/xampp/htdocs/be-fms/api/vendor/laravel/lumen-framework/src/Concerns/RoutesRequests.php(167): Laravel/Lumen/Application->sendThroughPipeline(Array, Object(Closure))
#22 C:/xampp/htdocs/be-fms/api/vendor/laravel/lumen-framework/src/Concerns/RoutesRequests.php(112): Laravel/Lumen/Application->dispatch(NULL)
#23 C:/xampp/htdocs/be-fms/api/public/index.php(28): Laravel/Lumen/Application->run()
#24 {main}
"} 
[2026-02-28 08:46:58] local.ERROR: SQLSTATE[HY000] [2002] No connection could be made because the target machine actively refused it (Connection: mysql, SQL: select * from `UserLogin` where `ApiKey` = MTBaMW9ldWsyMmNzUWxkMHdCUGNZa3ZsWnZEcndjUW12ZVBxR3NkbQ== limit 1) {"exception":"[object] (Illuminate\\Database\\QueryException(code: 2002): SQLSTATE[HY000] [2002] No connection could be made because the target machine actively refused it (Connection: mysql, SQL: select * from `UserLogin` where `ApiKey` = MTBaMW9ldWsyMmNzUWxkMHdCUGNZa3ZsWnZEcndjUW12ZVBxR3NkbQ== limit 1) at C:/xampp/htdocs/be-fms/api/vendor/illuminate/database/Connection.php:822)
[stacktrace]
#0 C:/xampp/htdocs/be-fms/api/vendor/illuminate/database/Connection.php(976): Illuminate/Database/Connection->runQueryCallback('select * from `...', Array, Object(Closure))
#1 C:/xampp/htdocs/be-fms/api/vendor/illuminate/database/Connection.php(955): Illuminate/Database/Connection->tryAgainIfCausedByLostConnection(Object(Illuminate/Database/QueryException), 'select * from `...', Array, Object(Closure))
#2 C:/xampp/htdocs/be-fms/api/vendor/illuminate/database/Connection.php(778): Illuminate/Database/Connection->handleQueryException(Object(Illuminate/Database/QueryException), 'select * from `...', Array, Object(Closure))
#3 C:/xampp/htdocs/be-fms/api/vendor/illuminate/database/Connection.php(407): Illuminate/Database/Connection->run('select * from `...', Array, Object(Closure))
#4 C:/xampp/htdocs/be-fms/api/vendor/illuminate/database/Query/Builder.php(2751): Illuminate/Database/Connection->select('select * from `...', Array, true)
#5 C:/xampp/htdocs/be-fms/api/vendor/illuminate/database/Query/Builder.php(2740): Illuminate/Database/Query/Builder->runSelect()
#6 C:/xampp/htdocs/be-fms/api/vendor/illuminate/database/Query/Builder.php(3294): Illuminate/Database/Query/Builder->Illuminate/Database/Query/{closure}()
#7 C:/xampp/htdocs/be-fms/api/vendor/illuminate/database/Query/Builder.php(2739): Illuminate/Database/Query/Builder->onceWithColumns(Array, Object(Closure))
#8 C:/xampp/htdocs/be-fms/api/vendor/illuminate/database/Eloquent/Builder.php(737): Illuminate/Database/Query/Builder->get(Array)
#9 C:/xampp/htdocs/be-fms/api/vendor/illuminate/database/Eloquent/Builder.php(721): Illuminate/Database/Eloquent/Builder->getModels(Array)
#10 C:/xampp/htdocs/be-fms/api/vendor/illuminate/database/Concerns/BuildsQueries.php(333): Illuminate/Database/Eloquent/Builder->get(Array)
#11 C:/xampp/htdocs/be-fms/api/app/Http/Middleware/Authenticate.php(59): Illuminate/Database/Eloquent/Builder->first()
#12 C:/xampp/htdocs/be-fms/api/vendor/illuminate/pipeline/Pipeline.php(183): App/Http/Middleware/Authenticate->handle(Object(Laravel/Lumen/Http/Request), Object(Closure))
#13 C:/xampp/htdocs/be-fms/api/vendor/laravel/lumen-framework/src/Routing/Pipeline.php(30): Illuminate/Pipeline/Pipeline->Illuminate/Pipeline/{closure}(Object(Laravel/Lumen/Http/Request))
#14 C:/xampp/htdocs/be-fms/api/vendor/illuminate/pipeline/Pipeline.php(119): Laravel/Lumen/Routing/Pipeline->Laravel/Lumen/Routing/{closure}(Object(Laravel/Lumen/Http/Request))
#15 C:/xampp/htdocs/be-fms/api/vendor/laravel/lumen-framework/src/Concerns/RoutesRequests.php(428): Illuminate/Pipeline/Pipeline->then(Object(Closure))
#16 C:/xampp/htdocs/be-fms/api/vendor/laravel/lumen-framework/src/Concerns/RoutesRequests.php(263): Laravel/Lumen/Application->sendThroughPipeline(Array, Object(Closure))
#17 C:/xampp/htdocs/be-fms/api/vendor/laravel/lumen-framework/src/Concerns/RoutesRequests.php(171): Laravel/Lumen/Application->handleFoundRoute(Array)
#18 C:/xampp/htdocs/be-fms/api/vendor/laravel/lumen-framework/src/Concerns/RoutesRequests.php(431): Laravel/Lumen/Application->Laravel/Lumen/Concerns/{closure}(Object(Laravel/Lumen/Http/Request))
#19 C:/xampp/htdocs/be-fms/api/vendor/laravel/lumen-framework/src/Concerns/RoutesRequests.php(167): Laravel/Lumen/Application->sendThroughPipeline(Array, Object(Closure))
#20 C:/xampp/htdocs/be-fms/api/vendor/laravel/lumen-framework/src/Concerns/RoutesRequests.php(112): Laravel/Lumen/Application->dispatch(NULL)
#21 C:/xampp/htdocs/be-fms/api/public/index.php(28): Laravel/Lumen/Application->run()
#22 {main}

[previous exception] [object] (PDOException(code: 2002): SQLSTATE[HY000] [2002] No connection could be made because the target machine actively refused it at C:/xampp/htdocs/be-fms/api/vendor/illuminate/database/Connectors/Connector.php:65)
[stacktrace]
#0 C:/xampp/htdocs/be-fms/api/vendor/illuminate/database/Connectors/Connector.php(65): PDO->__construct('mysql:host=127....', 'root', Object(SensitiveParameterValue), Array)
#1 C:/xampp/htdocs/be-fms/api/vendor/illuminate/database/Connectors/Connector.php(83): Illuminate/Database/Connectors/Connector->createPdoConnection('mysql:host=127....', 'root', '', Array)
#2 C:/xampp/htdocs/be-fms/api/vendor/illuminate/database/Connectors/Connector.php(48): Illuminate/Database/Connectors/Connector->tryAgainIfCausedByLostConnection(Object(PDOException), 'mysql:host=127....', 'root', '', Array)
#3 C:/xampp/htdocs/be-fms/api/vendor/illuminate/database/Connectors/MySqlConnector.php(24): Illuminate/Database/Connectors/Connector->createConnection('mysql:host=127....', Array, Array)
#4 C:/xampp/htdocs/be-fms/api/vendor/illuminate/database/Connectors/ConnectionFactory.php(184): Illuminate/Database/Connectors/MySqlConnector->connect(Array)
#5 [internal function]: Illuminate/Database/Connectors/ConnectionFactory->Illuminate/Database/Connectors/{closure}()
#6 C:/xampp/htdocs/be-fms/api/vendor/illuminate/database/Connection.php(1319): call_user_func(Object(Closure))
#7 C:/xampp/htdocs/be-fms/api/vendor/illuminate/database/Connection.php(1355): Illuminate/Database/Connection->getPdo()
#8 C:/xampp/htdocs/be-fms/api/vendor/illuminate/database/Connection.php(521): Illuminate/Database/Connection->getReadPdo()
#9 C:/xampp/htdocs/be-fms/api/vendor/illuminate/database/Connection.php(416): Illuminate/Database/Connection->getPdoForSelect(true)
#10 C:/xampp/htdocs/be-fms/api/vendor/illuminate/database/Connection.php(809): Illuminate/Database/Connection->Illuminate/Database/{closure}('select * from `...', Array)
#11 C:/xampp/htdocs/be-fms/api/vendor/illuminate/database/Connection.php(976): Illuminate/Database/Connection->runQueryCallback('select * from `...', Array, Object(Closure))
#12 C:/xampp/htdocs/be-fms/api/vendor/illuminate/database/Connection.php(955): Illuminate/Database/Connection->tryAgainIfCausedByLostConnection(Object(Illuminate/Database/QueryException), 'select * from `...', Array, Object(Closure))
#13 C:/xampp/htdocs/be-fms/api/vendor/illuminate/database/Connection.php(778): Illuminate/Database/Connection->handleQueryException(Object(Illuminate/Database/QueryException), 'select * from `...', Array, Object(Closure))
#14 C:/xampp/htdocs/be-fms/api/vendor/illuminate/database/Connection.php(407): Illuminate/Database/Connection->run('select * from `...', Array, Object(Closure))
#15 C:/xampp/htdocs/be-fms/api/vendor/illuminate/database/Query/Builder.php(2751): Illuminate/Database/Connection->select('select * from `...', Array, true)
#16 C:/xampp/htdocs/be-fms/api/vendor/illuminate/database/Query/Builder.php(2740): Illuminate/Database/Query/Builder->runSelect()
#17 C:/xampp/htdocs/be-fms/api/vendor/illuminate/database/Query/Builder.php(3294): Illuminate/Database/Query/Builder->Illuminate/Database/Query/{closure}()
#18 C:/xampp/htdocs/be-fms/api/vendor/illuminate/database/Query/Builder.php(2739): Illuminate/Database/Query/Builder->onceWithColumns(Array, Object(Closure))
#19 C:/xampp/htdocs/be-fms/api/vendor/illuminate/database/Eloquent/Builder.php(737): Illuminate/Database/Query/Builder->get(Array)
#20 C:/xampp/htdocs/be-fms/api/vendor/illuminate/database/Eloquent/Builder.php(721): Illuminate/Database/Eloquent/Builder->getModels(Array)
#21 C:/xampp/htdocs/be-fms/api/vendor/illuminate/database/Concerns/BuildsQueries.php(333): Illuminate/Database/Eloquent/Builder->get(Array)
#22 C:/xampp/htdocs/be-fms/api/app/Http/Middleware/Authenticate.php(59): Illuminate/Database/Eloquent/Builder->first()
#23 C:/xampp/htdocs/be-fms/api/vendor/illuminate/pipeline/Pipeline.php(183): App/Http/Middleware/Authenticate->handle(Object(Laravel/Lumen/Http/Request), Object(Closure))
#24 C:/xampp/htdocs/be-fms/api/vendor/laravel/lumen-framework/src/Routing/Pipeline.php(30): Illuminate/Pipeline/Pipeline->Illuminate/Pipeline/{closure}(Object(Laravel/Lumen/Http/Request))
#25 C:/xampp/htdocs/be-fms/api/vendor/illuminate/pipeline/Pipeline.php(119): Laravel/Lumen/Routing/Pipeline->Laravel/Lumen/Routing/{closure}(Object(Laravel/Lumen/Http/Request))
#26 C:/xampp/htdocs/be-fms/api/vendor/laravel/lumen-framework/src/Concerns/RoutesRequests.php(428): Illuminate/Pipeline/Pipeline->then(Object(Closure))
#27 C:/xampp/htdocs/be-fms/api/vendor/laravel/lumen-framework/src/Concerns/RoutesRequests.php(263): Laravel/Lumen/Application->sendThroughPipeline(Array, Object(Closure))
#28 C:/xampp/htdocs/be-fms/api/vendor/laravel/lumen-framework/src/Concerns/RoutesRequests.php(171): Laravel/Lumen/Application->handleFoundRoute(Array)
#29 C:/xampp/htdocs/be-fms/api/vendor/laravel/lumen-framework/src/Concerns/RoutesRequests.php(431): Laravel/Lumen/Application->Laravel/Lumen/Concerns/{closure}(Object(Laravel/Lumen/Http/Request))
#30 C:/xampp/htdocs/be-fms/api/vendor/laravel/lumen-framework/src/Concerns/RoutesRequests.php(167): Laravel/Lumen/Application->sendThroughPipeline(Array, Object(Closure))
#31 C:/xampp/htdocs/be-fms/api/vendor/laravel/lumen-framework/src/Concerns/RoutesRequests.php(112): Laravel/Lumen/Application->dispatch(NULL)
#32 C:/xampp/htdocs/be-fms/api/public/index.php(28): Laravel/Lumen/Application->run()
#33 {main}
"} 
[2026-02-28 08:47:07] local.ERROR: SQLSTATE[HY000] [2002] No connection could be made because the target machine actively refused it (Connection: mysql, SQL: select * from `UserLogin` where `ApiKey` = MTBaMW9ldWsyMmNzUWxkMHdCUGNZa3ZsWnZEcndjUW12ZVBxR3NkbQ== limit 1) {"exception":"[object] (Illuminate\\Database\\QueryException(code: 2002): SQLSTATE[HY000] [2002] No connection could be made because the target machine actively refused it (Connection: mysql, SQL: select * from `UserLogin` where `ApiKey` = MTBaMW9ldWsyMmNzUWxkMHdCUGNZa3ZsWnZEcndjUW12ZVBxR3NkbQ== limit 1) at C:/xampp/htdocs/be-fms/api/vendor/illuminate/database/Connection.php:822)
[stacktrace]
#0 C:/xampp/htdocs/be-fms/api/vendor/illuminate/database/Connection.php(976): Illuminate/Database/Connection->runQueryCallback('select * from `...', Array, Object(Closure))
#1 C:/xampp/htdocs/be-fms/api/vendor/illuminate/database/Connection.php(955): Illuminate/Database/Connection->tryAgainIfCausedByLostConnection(Object(Illuminate/Database/QueryException), 'select * from `...', Array, Object(Closure))
#2 C:/xampp/htdocs/be-fms/api/vendor/illuminate/database/Connection.php(778): Illuminate/Database/Connection->handleQueryException(Object(Illuminate/Database/QueryException), 'select * from `...', Array, Object(Closure))
#3 C:/xampp/htdocs/be-fms/api/vendor/illuminate/database/Connection.php(407): Illuminate/Database/Connection->run('select * from `...', Array, Object(Closure))
#4 C:/xampp/htdocs/be-fms/api/vendor/illuminate/database/Query/Builder.php(2751): Illuminate/Database/Connection->select('select * from `...', Array, true)
#5 C:/xampp/htdocs/be-fms/api/vendor/illuminate/database/Query/Builder.php(2740): Illuminate/Database/Query/Builder->runSelect()
#6 C:/xampp/htdocs/be-fms/api/vendor/illuminate/database/Query/Builder.php(3294): Illuminate/Database/Query/Builder->Illuminate/Database/Query/{closure}()
#7 C:/xampp/htdocs/be-fms/api/vendor/illuminate/database/Query/Builder.php(2739): Illuminate/Database/Query/Builder->onceWithColumns(Array, Object(Closure))
#8 C:/xampp/htdocs/be-fms/api/vendor/illuminate/database/Eloquent/Builder.php(737): Illuminate/Database/Query/Builder->get(Array)
#9 C:/xampp/htdocs/be-fms/api/vendor/illuminate/database/Eloquent/Builder.php(721): Illuminate/Database/Eloquent/Builder->getModels(Array)
#10 C:/xampp/htdocs/be-fms/api/vendor/illuminate/database/Concerns/BuildsQueries.php(333): Illuminate/Database/Eloquent/Builder->get(Array)
#11 C:/xampp/htdocs/be-fms/api/app/Http/Middleware/Authenticate.php(59): Illuminate/Database/Eloquent/Builder->first()
#12 C:/xampp/htdocs/be-fms/api/vendor/illuminate/pipeline/Pipeline.php(183): App/Http/Middleware/Authenticate->handle(Object(Laravel/Lumen/Http/Request), Object(Closure))
#13 C:/xampp/htdocs/be-fms/api/vendor/laravel/lumen-framework/src/Routing/Pipeline.php(30): Illuminate/Pipeline/Pipeline->Illuminate/Pipeline/{closure}(Object(Laravel/Lumen/Http/Request))
#14 C:/xampp/htdocs/be-fms/api/vendor/illuminate/pipeline/Pipeline.php(119): Laravel/Lumen/Routing/Pipeline->Laravel/Lumen/Routing/{closure}(Object(Laravel/Lumen/Http/Request))
#15 C:/xampp/htdocs/be-fms/api/vendor/laravel/lumen-framework/src/Concerns/RoutesRequests.php(428): Illuminate/Pipeline/Pipeline->then(Object(Closure))
#16 C:/xampp/htdocs/be-fms/api/vendor/laravel/lumen-framework/src/Concerns/RoutesRequests.php(263): Laravel/Lumen/Application->sendThroughPipeline(Array, Object(Closure))
#17 C:/xampp/htdocs/be-fms/api/vendor/laravel/lumen-framework/src/Concerns/RoutesRequests.php(239): Laravel/Lumen/Application->handleFoundRoute(Array)
#18 C:/xampp/htdocs/be-fms/api/vendor/laravel/lumen-framework/src/Concerns/RoutesRequests.php(174): Laravel/Lumen/Application->handleDispatcherResponse(Array)
#19 C:/xampp/htdocs/be-fms/api/vendor/laravel/lumen-framework/src/Concerns/RoutesRequests.php(431): Laravel/Lumen/Application->Laravel/Lumen/Concerns/{closure}(Object(Laravel/Lumen/Http/Request))
#20 C:/xampp/htdocs/be-fms/api/vendor/laravel/lumen-framework/src/Concerns/RoutesRequests.php(167): Laravel/Lumen/Application->sendThroughPipeline(Array, Object(Closure))
#21 C:/xampp/htdocs/be-fms/api/vendor/laravel/lumen-framework/src/Concerns/RoutesRequests.php(112): Laravel/Lumen/Application->dispatch(NULL)
#22 C:/xampp/htdocs/be-fms/api/public/index.php(28): Laravel/Lumen/Application->run()
#23 {main}

[previous exception] [object] (PDOException(code: 2002): SQLSTATE[HY000] [2002] No connection could be made because the target machine actively refused it at C:/xampp/htdocs/be-fms/api/vendor/illuminate/database/Connectors/Connector.php:65)
[stacktrace]
#0 C:/xampp/htdocs/be-fms/api/vendor/illuminate/database/Connectors/Connector.php(65): PDO->__construct('mysql:host=127....', 'root', Object(SensitiveParameterValue), Array)
#1 C:/xampp/htdocs/be-fms/api/vendor/illuminate/database/Connectors/Connector.php(83): Illuminate/Database/Connectors/Connector->createPdoConnection('mysql:host=127....', 'root', '', Array)
#2 C:/xampp/htdocs/be-fms/api/vendor/illuminate/database/Connectors/Connector.php(48): Illuminate/Database/Connectors/Connector->tryAgainIfCausedByLostConnection(Object(PDOException), 'mysql:host=127....', 'root', '', Array)
#3 C:/xampp/htdocs/be-fms/api/vendor/illuminate/database/Connectors/MySqlConnector.php(24): Illuminate/Database/Connectors/Connector->createConnection('mysql:host=127....', Array, Array)
#4 C:/xampp/htdocs/be-fms/api/vendor/illuminate/database/Connectors/ConnectionFactory.php(184): Illuminate/Database/Connectors/MySqlConnector->connect(Array)
#5 [internal function]: Illuminate/Database/Connectors/ConnectionFactory->Illuminate/Database/Connectors/{closure}()
#6 C:/xampp/htdocs/be-fms/api/vendor/illuminate/database/Connection.php(1319): call_user_func(Object(Closure))
#7 C:/xampp/htdocs/be-fms/api/vendor/illuminate/database/Connection.php(1355): Illuminate/Database/Connection->getPdo()
#8 C:/xampp/htdocs/be-fms/api/vendor/illuminate/database/Connection.php(521): Illuminate/Database/Connection->getReadPdo()
#9 C:/xampp/htdocs/be-fms/api/vendor/illuminate/database/Connection.php(416): Illuminate/Database/Connection->getPdoForSelect(true)
#10 C:/xampp/htdocs/be-fms/api/vendor/illuminate/database/Connection.php(809): Illuminate/Database/Connection->Illuminate/Database/{closure}('select * from `...', Array)
#11 C:/xampp/htdocs/be-fms/api/vendor/illuminate/database/Connection.php(976): Illuminate/Database/Connection->runQueryCallback('select * from `...', Array, Object(Closure))
#12 C:/xampp/htdocs/be-fms/api/vendor/illuminate/database/Connection.php(955): Illuminate/Database/Connection->tryAgainIfCausedByLostConnection(Object(Illuminate/Database/QueryException), 'select * from `...', Array, Object(Closure))
#13 C:/xampp/htdocs/be-fms/api/vendor/illuminate/database/Connection.php(778): Illuminate/Database/Connection->handleQueryException(Object(Illuminate/Database/QueryException), 'select * from `...', Array, Object(Closure))
#14 C:/xampp/htdocs/be-fms/api/vendor/illuminate/database/Connection.php(407): Illuminate/Database/Connection->run('select * from `...', Array, Object(Closure))
#15 C:/xampp/htdocs/be-fms/api/vendor/illuminate/database/Query/Builder.php(2751): Illuminate/Database/Connection->select('select * from `...', Array, true)
#16 C:/xampp/htdocs/be-fms/api/vendor/illuminate/database/Query/Builder.php(2740): Illuminate/Database/Query/Builder->runSelect()
#17 C:/xampp/htdocs/be-fms/api/vendor/illuminate/database/Query/Builder.php(3294): Illuminate/Database/Query/Builder->Illuminate/Database/Query/{closure}()
#18 C:/xampp/htdocs/be-fms/api/vendor/illuminate/database/Query/Builder.php(2739): Illuminate/Database/Query/Builder->onceWithColumns(Array, Object(Closure))
#19 C:/xampp/htdocs/be-fms/api/vendor/illuminate/database/Eloquent/Builder.php(737): Illuminate/Database/Query/Builder->get(Array)
#20 C:/xampp/htdocs/be-fms/api/vendor/illuminate/database/Eloquent/Builder.php(721): Illuminate/Database/Eloquent/Builder->getModels(Array)
#21 C:/xampp/htdocs/be-fms/api/vendor/illuminate/database/Concerns/BuildsQueries.php(333): Illuminate/Database/Eloquent/Builder->get(Array)
#22 C:/xampp/htdocs/be-fms/api/app/Http/Middleware/Authenticate.php(59): Illuminate/Database/Eloquent/Builder->first()
#23 C:/xampp/htdocs/be-fms/api/vendor/illuminate/pipeline/Pipeline.php(183): App/Http/Middleware/Authenticate->handle(Object(Laravel/Lumen/Http/Request), Object(Closure))
#24 C:/xampp/htdocs/be-fms/api/vendor/laravel/lumen-framework/src/Routing/Pipeline.php(30): Illuminate/Pipeline/Pipeline->Illuminate/Pipeline/{closure}(Object(Laravel/Lumen/Http/Request))
#25 C:/xampp/htdocs/be-fms/api/vendor/illuminate/pipeline/Pipeline.php(119): Laravel/Lumen/Routing/Pipeline->Laravel/Lumen/Routing/{closure}(Object(Laravel/Lumen/Http/Request))
#26 C:/xampp/htdocs/be-fms/api/vendor/laravel/lumen-framework/src/Concerns/RoutesRequests.php(428): Illuminate/Pipeline/Pipeline->then(Object(Closure))
#27 C:/xampp/htdocs/be-fms/api/vendor/laravel/lumen-framework/src/Concerns/RoutesRequests.php(263): Laravel/Lumen/Application->sendThroughPipeline(Array, Object(Closure))
#28 C:/xampp/htdocs/be-fms/api/vendor/laravel/lumen-framework/src/Concerns/RoutesRequests.php(239): Laravel/Lumen/Application->handleFoundRoute(Array)
#29 C:/xampp/htdocs/be-fms/api/vendor/laravel/lumen-framework/src/Concerns/RoutesRequests.php(174): Laravel/Lumen/Application->handleDispatcherResponse(Array)
#30 C:/xampp/htdocs/be-fms/api/vendor/laravel/lumen-framework/src/Concerns/RoutesRequests.php(431): Laravel/Lumen/Application->Laravel/Lumen/Concerns/{closure}(Object(Laravel/Lumen/Http/Request))
#31 C:/xampp/htdocs/be-fms/api/vendor/laravel/lumen-framework/src/Concerns/RoutesRequests.php(167): Laravel/Lumen/Application->sendThroughPipeline(Array, Object(Closure))
#32 C:/xampp/htdocs/be-fms/api/vendor/laravel/lumen-framework/src/Concerns/RoutesRequests.php(112): Laravel/Lumen/Application->dispatch(NULL)
#33 C:/xampp/htdocs/be-fms/api/public/index.php(28): Laravel/Lumen/Application->run()
#34 {main}
"} 
[2026-02-28 08:47:15] local.ERROR: SQLSTATE[HY000] [2002] No connection could be made because the target machine actively refused it (Connection: mysql, SQL: select * from `UserLogin` where `ApiKey` = MTBaMW9ldWsyMmNzUWxkMHdCUGNZa3ZsWnZEcndjUW12ZVBxR3NkbQ== limit 1) {"exception":"[object] (Illuminate\\Database\\QueryException(code: 2002): SQLSTATE[HY000] [2002] No connection could be made because the target machine actively refused it (Connection: mysql, SQL: select * from `UserLogin` where `ApiKey` = MTBaMW9ldWsyMmNzUWxkMHdCUGNZa3ZsWnZEcndjUW12ZVBxR3NkbQ== limit 1) at C:/xampp/htdocs/be-fms/api/vendor/illuminate/database/Connection.php:822)
[stacktrace]
#0 C:/xampp/htdocs/be-fms/api/vendor/illuminate/database/Connection.php(976): Illuminate/Database/Connection->runQueryCallback('select * from `...', Array, Object(Closure))
#1 C:/xampp/htdocs/be-fms/api/vendor/illuminate/database/Connection.php(955): Illuminate/Database/Connection->tryAgainIfCausedByLostConnection(Object(Illuminate/Database/QueryException), 'select * from `...', Array, Object(Closure))
#2 C:/xampp/htdocs/be-fms/api/vendor/illuminate/database/Connection.php(778): Illuminate/Database/Connection->handleQueryException(Object(Illuminate/Database/QueryException), 'select * from `...', Array, Object(Closure))
#3 C:/xampp/htdocs/be-fms/api/vendor/illuminate/database/Connection.php(407): Illuminate/Database/Connection->run('select * from `...', Array, Object(Closure))
#4 C:/xampp/htdocs/be-fms/api/vendor/illuminate/database/Query/Builder.php(2751): Illuminate/Database/Connection->select('select * from `...', Array, true)
#5 C:/xampp/htdocs/be-fms/api/vendor/illuminate/database/Query/Builder.php(2740): Illuminate/Database/Query/Builder->runSelect()
#6 C:/xampp/htdocs/be-fms/api/vendor/illuminate/database/Query/Builder.php(3294): Illuminate/Database/Query/Builder->Illuminate/Database/Query/{closure}()
#7 C:/xampp/htdocs/be-fms/api/vendor/illuminate/database/Query/Builder.php(2739): Illuminate/Database/Query/Builder->onceWithColumns(Array, Object(Closure))
#8 C:/xampp/htdocs/be-fms/api/vendor/illuminate/database/Eloquent/Builder.php(737): Illuminate/Database/Query/Builder->get(Array)
#9 C:/xampp/htdocs/be-fms/api/vendor/illuminate/database/Eloquent/Builder.php(721): Illuminate/Database/Eloquent/Builder->getModels(Array)
#10 C:/xampp/htdocs/be-fms/api/vendor/illuminate/database/Concerns/BuildsQueries.php(333): Illuminate/Database/Eloquent/Builder->get(Array)
#11 C:/xampp/htdocs/be-fms/api/app/Http/Middleware/Authenticate.php(59): Illuminate/Database/Eloquent/Builder->first()
#12 C:/xampp/htdocs/be-fms/api/vendor/illuminate/pipeline/Pipeline.php(183): App/Http/Middleware/Authenticate->handle(Object(Laravel/Lumen/Http/Request), Object(Closure))
#13 C:/xampp/htdocs/be-fms/api/vendor/laravel/lumen-framework/src/Routing/Pipeline.php(30): Illuminate/Pipeline/Pipeline->Illuminate/Pipeline/{closure}(Object(Laravel/Lumen/Http/Request))
#14 C:/xampp/htdocs/be-fms/api/vendor/illuminate/pipeline/Pipeline.php(119): Laravel/Lumen/Routing/Pipeline->Laravel/Lumen/Routing/{closure}(Object(Laravel/Lumen/Http/Request))
#15 C:/xampp/htdocs/be-fms/api/vendor/laravel/lumen-framework/src/Concerns/RoutesRequests.php(428): Illuminate/Pipeline/Pipeline->then(Object(Closure))
#16 C:/xampp/htdocs/be-fms/api/vendor/laravel/lumen-framework/src/Concerns/RoutesRequests.php(263): Laravel/Lumen/Application->sendThroughPipeline(Array, Object(Closure))
#17 C:/xampp/htdocs/be-fms/api/vendor/laravel/lumen-framework/src/Concerns/RoutesRequests.php(239): Laravel/Lumen/Application->handleFoundRoute(Array)
#18 C:/xampp/htdocs/be-fms/api/vendor/laravel/lumen-framework/src/Concerns/RoutesRequests.php(174): Laravel/Lumen/Application->handleDispatcherResponse(Array)
#19 C:/xampp/htdocs/be-fms/api/vendor/laravel/lumen-framework/src/Concerns/RoutesRequests.php(431): Laravel/Lumen/Application->Laravel/Lumen/Concerns/{closure}(Object(Laravel/Lumen/Http/Request))
#20 C:/xampp/htdocs/be-fms/api/vendor/laravel/lumen-framework/src/Concerns/RoutesRequests.php(167): Laravel/Lumen/Application->sendThroughPipeline(Array, Object(Closure))
#21 C:/xampp/htdocs/be-fms/api/vendor/laravel/lumen-framework/src/Concerns/RoutesRequests.php(112): Laravel/Lumen/Application->dispatch(NULL)
#22 C:/xampp/htdocs/be-fms/api/public/index.php(28): Laravel/Lumen/Application->run()
#23 {main}

[previous exception] [object] (PDOException(code: 2002): SQLSTATE[HY000] [2002] No connection could be made because the target machine actively refused it at C:/xampp/htdocs/be-fms/api/vendor/illuminate/database/Connectors/Connector.php:65)
[stacktrace]
#0 C:/xampp/htdocs/be-fms/api/vendor/illuminate/database/Connectors/Connector.php(65): PDO->__construct('mysql:host=127....', 'root', Object(SensitiveParameterValue), Array)
#1 C:/xampp/htdocs/be-fms/api/vendor/illuminate/database/Connectors/Connector.php(83): Illuminate/Database/Connectors/Connector->createPdoConnection('mysql:host=127....', 'root', '', Array)
#2 C:/xampp/htdocs/be-fms/api/vendor/illuminate/database/Connectors/Connector.php(48): Illuminate/Database/Connectors/Connector->tryAgainIfCausedByLostConnection(Object(PDOException), 'mysql:host=127....', 'root', '', Array)
#3 C:/xampp/htdocs/be-fms/api/vendor/illuminate/database/Connectors/MySqlConnector.php(24): Illuminate/Database/Connectors/Connector->createConnection('mysql:host=127....', Array, Array)
#4 C:/xampp/htdocs/be-fms/api/vendor/illuminate/database/Connectors/ConnectionFactory.php(184): Illuminate/Database/Connectors/MySqlConnector->connect(Array)
#5 [internal function]: Illuminate/Database/Connectors/ConnectionFactory->Illuminate/Database/Connectors/{closure}()
#6 C:/xampp/htdocs/be-fms/api/vendor/illuminate/database/Connection.php(1319): call_user_func(Object(Closure))
#7 C:/xampp/htdocs/be-fms/api/vendor/illuminate/database/Connection.php(1355): Illuminate/Database/Connection->getPdo()
#8 C:/xampp/htdocs/be-fms/api/vendor/illuminate/database/Connection.php(521): Illuminate/Database/Connection->getReadPdo()
#9 C:/xampp/htdocs/be-fms/api/vendor/illuminate/database/Connection.php(416): Illuminate/Database/Connection->getPdoForSelect(true)
#10 C:/xampp/htdocs/be-fms/api/vendor/illuminate/database/Connection.php(809): Illuminate/Database/Connection->Illuminate/Database/{closure}('select * from `...', Array)
#11 C:/xampp/htdocs/be-fms/api/vendor/illuminate/database/Connection.php(976): Illuminate/Database/Connection->runQueryCallback('select * from `...', Array, Object(Closure))
#12 C:/xampp/htdocs/be-fms/api/vendor/illuminate/database/Connection.php(955): Illuminate/Database/Connection->tryAgainIfCausedByLostConnection(Object(Illuminate/Database/QueryException), 'select * from `...', Array, Object(Closure))
#13 C:/xampp/htdocs/be-fms/api/vendor/illuminate/database/Connection.php(778): Illuminate/Database/Connection->handleQueryException(Object(Illuminate/Database/QueryException), 'select * from `...', Array, Object(Closure))
#14 C:/xampp/htdocs/be-fms/api/vendor/illuminate/database/Connection.php(407): Illuminate/Database/Connection->run('select * from `...', Array, Object(Closure))
#15 C:/xampp/htdocs/be-fms/api/vendor/illuminate/database/Query/Builder.php(2751): Illuminate/Database/Connection->select('select * from `...', Array, true)
#16 C:/xampp/htdocs/be-fms/api/vendor/illuminate/database/Query/Builder.php(2740): Illuminate/Database/Query/Builder->runSelect()
#17 C:/xampp/htdocs/be-fms/api/vendor/illuminate/database/Query/Builder.php(3294): Illuminate/Database/Query/Builder->Illuminate/Database/Query/{closure}()
#18 C:/xampp/htdocs/be-fms/api/vendor/illuminate/database/Query/Builder.php(2739): Illuminate/Database/Query/Builder->onceWithColumns(Array, Object(Closure))
#19 C:/xampp/htdocs/be-fms/api/vendor/illuminate/database/Eloquent/Builder.php(737): Illuminate/Database/Query/Builder->get(Array)
#20 C:/xampp/htdocs/be-fms/api/vendor/illuminate/database/Eloquent/Builder.php(721): Illuminate/Database/Eloquent/Builder->getModels(Array)
#21 C:/xampp/htdocs/be-fms/api/vendor/illuminate/database/Concerns/BuildsQueries.php(333): Illuminate/Database/Eloquent/Builder->get(Array)
#22 C:/xampp/htdocs/be-fms/api/app/Http/Middleware/Authenticate.php(59): Illuminate/Database/Eloquent/Builder->first()
#23 C:/xampp/htdocs/be-fms/api/vendor/illuminate/pipeline/Pipeline.php(183): App/Http/Middleware/Authenticate->handle(Object(Laravel/Lumen/Http/Request), Object(Closure))
#24 C:/xampp/htdocs/be-fms/api/vendor/laravel/lumen-framework/src/Routing/Pipeline.php(30): Illuminate/Pipeline/Pipeline->Illuminate/Pipeline/{closure}(Object(Laravel/Lumen/Http/Request))
#25 C:/xampp/htdocs/be-fms/api/vendor/illuminate/pipeline/Pipeline.php(119): Laravel/Lumen/Routing/Pipeline->Laravel/Lumen/Routing/{closure}(Object(Laravel/Lumen/Http/Request))
#26 C:/xampp/htdocs/be-fms/api/vendor/laravel/lumen-framework/src/Concerns/RoutesRequests.php(428): Illuminate/Pipeline/Pipeline->then(Object(Closure))
#27 C:/xampp/htdocs/be-fms/api/vendor/laravel/lumen-framework/src/Concerns/RoutesRequests.php(263): Laravel/Lumen/Application->sendThroughPipeline(Array, Object(Closure))
#28 C:/xampp/htdocs/be-fms/api/vendor/laravel/lumen-framework/src/Concerns/RoutesRequests.php(239): Laravel/Lumen/Application->handleFoundRoute(Array)
#29 C:/xampp/htdocs/be-fms/api/vendor/laravel/lumen-framework/src/Concerns/RoutesRequests.php(174): Laravel/Lumen/Application->handleDispatcherResponse(Array)
#30 C:/xampp/htdocs/be-fms/api/vendor/laravel/lumen-framework/src/Concerns/RoutesRequests.php(431): Laravel/Lumen/Application->Laravel/Lumen/Concerns/{closure}(Object(Laravel/Lumen/Http/Request))
#31 C:/xampp/htdocs/be-fms/api/vendor/laravel/lumen-framework/src/Concerns/RoutesRequests.php(167): Laravel/Lumen/Application->sendThroughPipeline(Array, Object(Closure))
#32 C:/xampp/htdocs/be-fms/api/vendor/laravel/lumen-framework/src/Concerns/RoutesRequests.php(112): Laravel/Lumen/Application->dispatch(NULL)
#33 C:/xampp/htdocs/be-fms/api/public/index.php(28): Laravel/Lumen/Application->run()
#34 {main}
"} 
[2026-02-28 08:47:23] local.ERROR: SQLSTATE[HY000] [2002] No connection could be made because the target machine actively refused it (Connection: mysql, SQL: select * from `UserLogin` where `ApiKey` = MTBaMW9ldWsyMmNzUWxkMHdCUGNZa3ZsWnZEcndjUW12ZVBxR3NkbQ== limit 1) {"exception":"[object] (Illuminate\\Database\\QueryException(code: 2002): SQLSTATE[HY000] [2002] No connection could be made because the target machine actively refused it (Connection: mysql, SQL: select * from `UserLogin` where `ApiKey` = MTBaMW9ldWsyMmNzUWxkMHdCUGNZa3ZsWnZEcndjUW12ZVBxR3NkbQ== limit 1) at C:/xampp/htdocs/be-fms/api/vendor/illuminate/database/Connection.php:822)
[stacktrace]
#0 C:/xampp/htdocs/be-fms/api/vendor/illuminate/database/Connection.php(976): Illuminate/Database/Connection->runQueryCallback('select * from `...', Array, Object(Closure))
#1 C:/xampp/htdocs/be-fms/api/vendor/illuminate/database/Connection.php(955): Illuminate/Database/Connection->tryAgainIfCausedByLostConnection(Object(Illuminate/Database/QueryException), 'select * from `...', Array, Object(Closure))
#2 C:/xampp/htdocs/be-fms/api/vendor/illuminate/database/Connection.php(778): Illuminate/Database/Connection->handleQueryException(Object(Illuminate/Database/QueryException), 'select * from `...', Array, Object(Closure))
#3 C:/xampp/htdocs/be-fms/api/vendor/illuminate/database/Connection.php(407): Illuminate/Database/Connection->run('select * from `...', Array, Object(Closure))
#4 C:/xampp/htdocs/be-fms/api/vendor/illuminate/database/Query/Builder.php(2751): Illuminate/Database/Connection->select('select * from `...', Array, true)
#5 C:/xampp/htdocs/be-fms/api/vendor/illuminate/database/Query/Builder.php(2740): Illuminate/Database/Query/Builder->runSelect()
#6 C:/xampp/htdocs/be-fms/api/vendor/illuminate/database/Query/Builder.php(3294): Illuminate/Database/Query/Builder->Illuminate/Database/Query/{closure}()
#7 C:/xampp/htdocs/be-fms/api/vendor/illuminate/database/Query/Builder.php(2739): Illuminate/Database/Query/Builder->onceWithColumns(Array, Object(Closure))
#8 C:/xampp/htdocs/be-fms/api/vendor/illuminate/database/Eloquent/Builder.php(737): Illuminate/Database/Query/Builder->get(Array)
#9 C:/xampp/htdocs/be-fms/api/vendor/illuminate/database/Eloquent/Builder.php(721): Illuminate/Database/Eloquent/Builder->getModels(Array)
#10 C:/xampp/htdocs/be-fms/api/vendor/illuminate/database/Concerns/BuildsQueries.php(333): Illuminate/Database/Eloquent/Builder->get(Array)
#11 C:/xampp/htdocs/be-fms/api/app/Http/Middleware/Authenticate.php(59): Illuminate/Database/Eloquent/Builder->first()
#12 C:/xampp/htdocs/be-fms/api/vendor/illuminate/pipeline/Pipeline.php(183): App/Http/Middleware/Authenticate->handle(Object(Laravel/Lumen/Http/Request), Object(Closure))
#13 C:/xampp/htdocs/be-fms/api/vendor/laravel/lumen-framework/src/Routing/Pipeline.php(30): Illuminate/Pipeline/Pipeline->Illuminate/Pipeline/{closure}(Object(Laravel/Lumen/Http/Request))
#14 C:/xampp/htdocs/be-fms/api/vendor/illuminate/pipeline/Pipeline.php(119): Laravel/Lumen/Routing/Pipeline->Laravel/Lumen/Routing/{closure}(Object(Laravel/Lumen/Http/Request))
#15 C:/xampp/htdocs/be-fms/api/vendor/laravel/lumen-framework/src/Concerns/RoutesRequests.php(428): Illuminate/Pipeline/Pipeline->then(Object(Closure))
#16 C:/xampp/htdocs/be-fms/api/vendor/laravel/lumen-framework/src/Concerns/RoutesRequests.php(263): Laravel/Lumen/Application->sendThroughPipeline(Array, Object(Closure))
#17 C:/xampp/htdocs/be-fms/api/vendor/laravel/lumen-framework/src/Concerns/RoutesRequests.php(171): Laravel/Lumen/Application->handleFoundRoute(Array)
#18 C:/xampp/htdocs/be-fms/api/vendor/laravel/lumen-framework/src/Concerns/RoutesRequests.php(431): Laravel/Lumen/Application->Laravel/Lumen/Concerns/{closure}(Object(Laravel/Lumen/Http/Request))
#19 C:/xampp/htdocs/be-fms/api/vendor/laravel/lumen-framework/src/Concerns/RoutesRequests.php(167): Laravel/Lumen/Application->sendThroughPipeline(Array, Object(Closure))
#20 C:/xampp/htdocs/be-fms/api/vendor/laravel/lumen-framework/src/Concerns/RoutesRequests.php(112): Laravel/Lumen/Application->dispatch(NULL)
#21 C:/xampp/htdocs/be-fms/api/public/index.php(28): Laravel/Lumen/Application->run()
#22 {main}

[previous exception] [object] (PDOException(code: 2002): SQLSTATE[HY000] [2002] No connection could be made because the target machine actively refused it at C:/xampp/htdocs/be-fms/api/vendor/illuminate/database/Connectors/Connector.php:65)
[stacktrace]
#0 C:/xampp/htdocs/be-fms/api/vendor/illuminate/database/Connectors/Connector.php(65): PDO->__construct('mysql:host=127....', 'root', Object(SensitiveParameterValue), Array)
#1 C:/xampp/htdocs/be-fms/api/vendor/illuminate/database/Connectors/Connector.php(83): Illuminate/Database/Connectors/Connector->createPdoConnection('mysql:host=127....', 'root', '', Array)
#2 C:/xampp/htdocs/be-fms/api/vendor/illuminate/database/Connectors/Connector.php(48): Illuminate/Database/Connectors/Connector->tryAgainIfCausedByLostConnection(Object(PDOException), 'mysql:host=127....', 'root', '', Array)
#3 C:/xampp/htdocs/be-fms/api/vendor/illuminate/database/Connectors/MySqlConnector.php(24): Illuminate/Database/Connectors/Connector->createConnection('mysql:host=127....', Array, Array)
#4 C:/xampp/htdocs/be-fms/api/vendor/illuminate/database/Connectors/ConnectionFactory.php(184): Illuminate/Database/Connectors/MySqlConnector->connect(Array)
#5 [internal function]: Illuminate/Database/Connectors/ConnectionFactory->Illuminate/Database/Connectors/{closure}()
#6 C:/xampp/htdocs/be-fms/api/vendor/illuminate/database/Connection.php(1319): call_user_func(Object(Closure))
#7 C:/xampp/htdocs/be-fms/api/vendor/illuminate/database/Connection.php(1355): Illuminate/Database/Connection->getPdo()
#8 C:/xampp/htdocs/be-fms/api/vendor/illuminate/database/Connection.php(521): Illuminate/Database/Connection->getReadPdo()
#9 C:/xampp/htdocs/be-fms/api/vendor/illuminate/database/Connection.php(416): Illuminate/Database/Connection->getPdoForSelect(true)
#10 C:/xampp/htdocs/be-fms/api/vendor/illuminate/database/Connection.php(809): Illuminate/Database/Connection->Illuminate/Database/{closure}('select * from `...', Array)
#11 C:/xampp/htdocs/be-fms/api/vendor/illuminate/database/Connection.php(976): Illuminate/Database/Connection->runQueryCallback('select * from `...', Array, Object(Closure))
#12 C:/xampp/htdocs/be-fms/api/vendor/illuminate/database/Connection.php(955): Illuminate/Database/Connection->tryAgainIfCausedByLostConnection(Object(Illuminate/Database/QueryException), 'select * from `...', Array, Object(Closure))
#13 C:/xampp/htdocs/be-fms/api/vendor/illuminate/database/Connection.php(778): Illuminate/Database/Connection->handleQueryException(Object(Illuminate/Database/QueryException), 'select * from `...', Array, Object(Closure))
#14 C:/xampp/htdocs/be-fms/api/vendor/illuminate/database/Connection.php(407): Illuminate/Database/Connection->run('select * from `...', Array, Object(Closure))
#15 C:/xampp/htdocs/be-fms/api/vendor/illuminate/database/Query/Builder.php(2751): Illuminate/Database/Connection->select('select * from `...', Array, true)
#16 C:/xampp/htdocs/be-fms/api/vendor/illuminate/database/Query/Builder.php(2740): Illuminate/Database/Query/Builder->runSelect()
#17 C:/xampp/htdocs/be-fms/api/vendor/illuminate/database/Query/Builder.php(3294): Illuminate/Database/Query/Builder->Illuminate/Database/Query/{closure}()
#18 C:/xampp/htdocs/be-fms/api/vendor/illuminate/database/Query/Builder.php(2739): Illuminate/Database/Query/Builder->onceWithColumns(Array, Object(Closure))
#19 C:/xampp/htdocs/be-fms/api/vendor/illuminate/database/Eloquent/Builder.php(737): Illuminate/Database/Query/Builder->get(Array)
#20 C:/xampp/htdocs/be-fms/api/vendor/illuminate/database/Eloquent/Builder.php(721): Illuminate/Database/Eloquent/Builder->getModels(Array)
#21 C:/xampp/htdocs/be-fms/api/vendor/illuminate/database/Concerns/BuildsQueries.php(333): Illuminate/Database/Eloquent/Builder->get(Array)
#22 C:/xampp/htdocs/be-fms/api/app/Http/Middleware/Authenticate.php(59): Illuminate/Database/Eloquent/Builder->first()
#23 C:/xampp/htdocs/be-fms/api/vendor/illuminate/pipeline/Pipeline.php(183): App/Http/Middleware/Authenticate->handle(Object(Laravel/Lumen/Http/Request), Object(Closure))
#24 C:/xampp/htdocs/be-fms/api/vendor/laravel/lumen-framework/src/Routing/Pipeline.php(30): Illuminate/Pipeline/Pipeline->Illuminate/Pipeline/{closure}(Object(Laravel/Lumen/Http/Request))
#25 C:/xampp/htdocs/be-fms/api/vendor/illuminate/pipeline/Pipeline.php(119): Laravel/Lumen/Routing/Pipeline->Laravel/Lumen/Routing/{closure}(Object(Laravel/Lumen/Http/Request))
#26 C:/xampp/htdocs/be-fms/api/vendor/laravel/lumen-framework/src/Concerns/RoutesRequests.php(428): Illuminate/Pipeline/Pipeline->then(Object(Closure))
#27 C:/xampp/htdocs/be-fms/api/vendor/laravel/lumen-framework/src/Concerns/RoutesRequests.php(263): Laravel/Lumen/Application->sendThroughPipeline(Array, Object(Closure))
#28 C:/xampp/htdocs/be-fms/api/vendor/laravel/lumen-framework/src/Concerns/RoutesRequests.php(171): Laravel/Lumen/Application->handleFoundRoute(Array)
#29 C:/xampp/htdocs/be-fms/api/vendor/laravel/lumen-framework/src/Concerns/RoutesRequests.php(431): Laravel/Lumen/Application->Laravel/Lumen/Concerns/{closure}(Object(Laravel/Lumen/Http/Request))
#30 C:/xampp/htdocs/be-fms/api/vendor/laravel/lumen-framework/src/Concerns/RoutesRequests.php(167): Laravel/Lumen/Application->sendThroughPipeline(Array, Object(Closure))
#31 C:/xampp/htdocs/be-fms/api/vendor/laravel/lumen-framework/src/Concerns/RoutesRequests.php(112): Laravel/Lumen/Application->dispatch(NULL)
#32 C:/xampp/htdocs/be-fms/api/public/index.php(28): Laravel/Lumen/Application->run()
#33 {main}
"} 
[2026-02-28 08:47:32] local.ERROR: SQLSTATE[HY000] [2002] No connection could be made because the target machine actively refused it (Connection: mysql, SQL: select * from `UserLogin` where `ApiKey` = MTBaMW9ldWsyMmNzUWxkMHdCUGNZa3ZsWnZEcndjUW12ZVBxR3NkbQ== limit 1) {"exception":"[object] (Illuminate\\Database\\QueryException(code: 2002): SQLSTATE[HY000] [2002] No connection could be made because the target machine actively refused it (Connection: mysql, SQL: select * from `UserLogin` where `ApiKey` = MTBaMW9ldWsyMmNzUWxkMHdCUGNZa3ZsWnZEcndjUW12ZVBxR3NkbQ== limit 1) at C:/xampp/htdocs/be-fms/api/vendor/illuminate/database/Connection.php:822)
[stacktrace]
#0 C:/xampp/htdocs/be-fms/api/vendor/illuminate/database/Connection.php(976): Illuminate/Database/Connection->runQueryCallback('select * from `...', Array, Object(Closure))
#1 C:/xampp/htdocs/be-fms/api/vendor/illuminate/database/Connection.php(955): Illuminate/Database/Connection->tryAgainIfCausedByLostConnection(Object(Illuminate/Database/QueryException), 'select * from `...', Array, Object(Closure))
#2 C:/xampp/htdocs/be-fms/api/vendor/illuminate/database/Connection.php(778): Illuminate/Database/Connection->handleQueryException(Object(Illuminate/Database/QueryException), 'select * from `...', Array, Object(Closure))
#3 C:/xampp/htdocs/be-fms/api/vendor/illuminate/database/Connection.php(407): Illuminate/Database/Connection->run('select * from `...', Array, Object(Closure))
#4 C:/xampp/htdocs/be-fms/api/vendor/illuminate/database/Query/Builder.php(2751): Illuminate/Database/Connection->select('select * from `...', Array, true)
#5 C:/xampp/htdocs/be-fms/api/vendor/illuminate/database/Query/Builder.php(2740): Illuminate/Database/Query/Builder->runSelect()
#6 C:/xampp/htdocs/be-fms/api/vendor/illuminate/database/Query/Builder.php(3294): Illuminate/Database/Query/Builder->Illuminate/Database/Query/{closure}()
#7 C:/xampp/htdocs/be-fms/api/vendor/illuminate/database/Query/Builder.php(2739): Illuminate/Database/Query/Builder->onceWithColumns(Array, Object(Closure))
#8 C:/xampp/htdocs/be-fms/api/vendor/illuminate/database/Eloquent/Builder.php(737): Illuminate/Database/Query/Builder->get(Array)
#9 C:/xampp/htdocs/be-fms/api/vendor/illuminate/database/Eloquent/Builder.php(721): Illuminate/Database/Eloquent/Builder->getModels(Array)
#10 C:/xampp/htdocs/be-fms/api/vendor/illuminate/database/Concerns/BuildsQueries.php(333): Illuminate/Database/Eloquent/Builder->get(Array)
#11 C:/xampp/htdocs/be-fms/api/app/Http/Middleware/Authenticate.php(59): Illuminate/Database/Eloquent/Builder->first()
#12 C:/xampp/htdocs/be-fms/api/vendor/illuminate/pipeline/Pipeline.php(183): App/Http/Middleware/Authenticate->handle(Object(Laravel/Lumen/Http/Request), Object(Closure))
#13 C:/xampp/htdocs/be-fms/api/vendor/laravel/lumen-framework/src/Routing/Pipeline.php(30): Illuminate/Pipeline/Pipeline->Illuminate/Pipeline/{closure}(Object(Laravel/Lumen/Http/Request))
#14 C:/xampp/htdocs/be-fms/api/vendor/illuminate/pipeline/Pipeline.php(119): Laravel/Lumen/Routing/Pipeline->Laravel/Lumen/Routing/{closure}(Object(Laravel/Lumen/Http/Request))
#15 C:/xampp/htdocs/be-fms/api/vendor/laravel/lumen-framework/src/Concerns/RoutesRequests.php(428): Illuminate/Pipeline/Pipeline->then(Object(Closure))
#16 C:/xampp/htdocs/be-fms/api/vendor/laravel/lumen-framework/src/Concerns/RoutesRequests.php(263): Laravel/Lumen/Application->sendThroughPipeline(Array, Object(Closure))
#17 C:/xampp/htdocs/be-fms/api/vendor/laravel/lumen-framework/src/Concerns/RoutesRequests.php(239): Laravel/Lumen/Application->handleFoundRoute(Array)
#18 C:/xampp/htdocs/be-fms/api/vendor/laravel/lumen-framework/src/Concerns/RoutesRequests.php(174): Laravel/Lumen/Application->handleDispatcherResponse(Array)
#19 C:/xampp/htdocs/be-fms/api/vendor/laravel/lumen-framework/src/Concerns/RoutesRequests.php(431): Laravel/Lumen/Application->Laravel/Lumen/Concerns/{closure}(Object(Laravel/Lumen/Http/Request))
#20 C:/xampp/htdocs/be-fms/api/vendor/laravel/lumen-framework/src/Concerns/RoutesRequests.php(167): Laravel/Lumen/Application->sendThroughPipeline(Array, Object(Closure))
#21 C:/xampp/htdocs/be-fms/api/vendor/laravel/lumen-framework/src/Concerns/RoutesRequests.php(112): Laravel/Lumen/Application->dispatch(NULL)
#22 C:/xampp/htdocs/be-fms/api/public/index.php(28): Laravel/Lumen/Application->run()
#23 {main}

[previous exception] [object] (PDOException(code: 2002): SQLSTATE[HY000] [2002] No connection could be made because the target machine actively refused it at C:/xampp/htdocs/be-fms/api/vendor/illuminate/database/Connectors/Connector.php:65)
[stacktrace]
#0 C:/xampp/htdocs/be-fms/api/vendor/illuminate/database/Connectors/Connector.php(65): PDO->__construct('mysql:host=127....', 'root', Object(SensitiveParameterValue), Array)
#1 C:/xampp/htdocs/be-fms/api/vendor/illuminate/database/Connectors/Connector.php(83): Illuminate/Database/Connectors/Connector->createPdoConnection('mysql:host=127....', 'root', '', Array)
#2 C:/xampp/htdocs/be-fms/api/vendor/illuminate/database/Connectors/Connector.php(48): Illuminate/Database/Connectors/Connector->tryAgainIfCausedByLostConnection(Object(PDOException), 'mysql:host=127....', 'root', '', Array)
#3 C:/xampp/htdocs/be-fms/api/vendor/illuminate/database/Connectors/MySqlConnector.php(24): Illuminate/Database/Connectors/Connector->createConnection('mysql:host=127....', Array, Array)
#4 C:/xampp/htdocs/be-fms/api/vendor/illuminate/database/Connectors/ConnectionFactory.php(184): Illuminate/Database/Connectors/MySqlConnector->connect(Array)
#5 [internal function]: Illuminate/Database/Connectors/ConnectionFactory->Illuminate/Database/Connectors/{closure}()
#6 C:/xampp/htdocs/be-fms/api/vendor/illuminate/database/Connection.php(1319): call_user_func(Object(Closure))
#7 C:/xampp/htdocs/be-fms/api/vendor/illuminate/database/Connection.php(1355): Illuminate/Database/Connection->getPdo()
#8 C:/xampp/htdocs/be-fms/api/vendor/illuminate/database/Connection.php(521): Illuminate/Database/Connection->getReadPdo()
#9 C:/xampp/htdocs/be-fms/api/vendor/illuminate/database/Connection.php(416): Illuminate/Database/Connection->getPdoForSelect(true)
#10 C:/xampp/htdocs/be-fms/api/vendor/illuminate/database/Connection.php(809): Illuminate/Database/Connection->Illuminate/Database/{closure}('select * from `...', Array)
#11 C:/xampp/htdocs/be-fms/api/vendor/illuminate/database/Connection.php(976): Illuminate/Database/Connection->runQueryCallback('select * from `...', Array, Object(Closure))
#12 C:/xampp/htdocs/be-fms/api/vendor/illuminate/database/Connection.php(955): Illuminate/Database/Connection->tryAgainIfCausedByLostConnection(Object(Illuminate/Database/QueryException), 'select * from `...', Array, Object(Closure))
#13 C:/xampp/htdocs/be-fms/api/vendor/illuminate/database/Connection.php(778): Illuminate/Database/Connection->handleQueryException(Object(Illuminate/Database/QueryException), 'select * from `...', Array, Object(Closure))
#14 C:/xampp/htdocs/be-fms/api/vendor/illuminate/database/Connection.php(407): Illuminate/Database/Connection->run('select * from `...', Array, Object(Closure))
#15 C:/xampp/htdocs/be-fms/api/vendor/illuminate/database/Query/Builder.php(2751): Illuminate/Database/Connection->select('select * from `...', Array, true)
#16 C:/xampp/htdocs/be-fms/api/vendor/illuminate/database/Query/Builder.php(2740): Illuminate/Database/Query/Builder->runSelect()
#17 C:/xampp/htdocs/be-fms/api/vendor/illuminate/database/Query/Builder.php(3294): Illuminate/Database/Query/Builder->Illuminate/Database/Query/{closure}()
#18 C:/xampp/htdocs/be-fms/api/vendor/illuminate/database/Query/Builder.php(2739): Illuminate/Database/Query/Builder->onceWithColumns(Array, Object(Closure))
#19 C:/xampp/htdocs/be-fms/api/vendor/illuminate/database/Eloquent/Builder.php(737): Illuminate/Database/Query/Builder->get(Array)
#20 C:/xampp/htdocs/be-fms/api/vendor/illuminate/database/Eloquent/Builder.php(721): Illuminate/Database/Eloquent/Builder->getModels(Array)
#21 C:/xampp/htdocs/be-fms/api/vendor/illuminate/database/Concerns/BuildsQueries.php(333): Illuminate/Database/Eloquent/Builder->get(Array)
#22 C:/xampp/htdocs/be-fms/api/app/Http/Middleware/Authenticate.php(59): Illuminate/Database/Eloquent/Builder->first()
#23 C:/xampp/htdocs/be-fms/api/vendor/illuminate/pipeline/Pipeline.php(183): App/Http/Middleware/Authenticate->handle(Object(Laravel/Lumen/Http/Request), Object(Closure))
#24 C:/xampp/htdocs/be-fms/api/vendor/laravel/lumen-framework/src/Routing/Pipeline.php(30): Illuminate/Pipeline/Pipeline->Illuminate/Pipeline/{closure}(Object(Laravel/Lumen/Http/Request))
#25 C:/xampp/htdocs/be-fms/api/vendor/illuminate/pipeline/Pipeline.php(119): Laravel/Lumen/Routing/Pipeline->Laravel/Lumen/Routing/{closure}(Object(Laravel/Lumen/Http/Request))
#26 C:/xampp/htdocs/be-fms/api/vendor/laravel/lumen-framework/src/Concerns/RoutesRequests.php(428): Illuminate/Pipeline/Pipeline->then(Object(Closure))
#27 C:/xampp/htdocs/be-fms/api/vendor/laravel/lumen-framework/src/Concerns/RoutesRequests.php(263): Laravel/Lumen/Application->sendThroughPipeline(Array, Object(Closure))
#28 C:/xampp/htdocs/be-fms/api/vendor/laravel/lumen-framework/src/Concerns/RoutesRequests.php(239): Laravel/Lumen/Application->handleFoundRoute(Array)
#29 C:/xampp/htdocs/be-fms/api/vendor/laravel/lumen-framework/src/Concerns/RoutesRequests.php(174): Laravel/Lumen/Application->handleDispatcherResponse(Array)
#30 C:/xampp/htdocs/be-fms/api/vendor/laravel/lumen-framework/src/Concerns/RoutesRequests.php(431): Laravel/Lumen/Application->Laravel/Lumen/Concerns/{closure}(Object(Laravel/Lumen/Http/Request))
#31 C:/xampp/htdocs/be-fms/api/vendor/laravel/lumen-framework/src/Concerns/RoutesRequests.php(167): Laravel/Lumen/Application->sendThroughPipeline(Array, Object(Closure))
#32 C:/xampp/htdocs/be-fms/api/vendor/laravel/lumen-framework/src/Concerns/RoutesRequests.php(112): Laravel/Lumen/Application->dispatch(NULL)
#33 C:/xampp/htdocs/be-fms/api/public/index.php(28): Laravel/Lumen/Application->run()
#34 {main}
"} 
[2026-02-28 08:47:40] local.ERROR: SQLSTATE[HY000] [2002] No connection could be made because the target machine actively refused it (Connection: mysql, SQL: select * from `UserLogin` where `ApiKey` = MTBaMW9ldWsyMmNzUWxkMHdCUGNZa3ZsWnZEcndjUW12ZVBxR3NkbQ== limit 1) {"exception":"[object] (Illuminate\\Database\\QueryException(code: 2002): SQLSTATE[HY000] [2002] No connection could be made because the target machine actively refused it (Connection: mysql, SQL: select * from `UserLogin` where `ApiKey` = MTBaMW9ldWsyMmNzUWxkMHdCUGNZa3ZsWnZEcndjUW12ZVBxR3NkbQ== limit 1) at C:/xampp/htdocs/be-fms/api/vendor/illuminate/database/Connection.php:822)
[stacktrace]
#0 C:/xampp/htdocs/be-fms/api/vendor/illuminate/database/Connection.php(976): Illuminate/Database/Connection->runQueryCallback('select * from `...', Array, Object(Closure))
#1 C:/xampp/htdocs/be-fms/api/vendor/illuminate/database/Connection.php(955): Illuminate/Database/Connection->tryAgainIfCausedByLostConnection(Object(Illuminate/Database/QueryException), 'select * from `...', Array, Object(Closure))
#2 C:/xampp/htdocs/be-fms/api/vendor/illuminate/database/Connection.php(778): Illuminate/Database/Connection->handleQueryException(Object(Illuminate/Database/QueryException), 'select * from `...', Array, Object(Closure))
#3 C:/xampp/htdocs/be-fms/api/vendor/illuminate/database/Connection.php(407): Illuminate/Database/Connection->run('select * from `...', Array, Object(Closure))
#4 C:/xampp/htdocs/be-fms/api/vendor/illuminate/database/Query/Builder.php(2751): Illuminate/Database/Connection->select('select * from `...', Array, true)
#5 C:/xampp/htdocs/be-fms/api/vendor/illuminate/database/Query/Builder.php(2740): Illuminate/Database/Query/Builder->runSelect()
#6 C:/xampp/htdocs/be-fms/api/vendor/illuminate/database/Query/Builder.php(3294): Illuminate/Database/Query/Builder->Illuminate/Database/Query/{closure}()
#7 C:/xampp/htdocs/be-fms/api/vendor/illuminate/database/Query/Builder.php(2739): Illuminate/Database/Query/Builder->onceWithColumns(Array, Object(Closure))
#8 C:/xampp/htdocs/be-fms/api/vendor/illuminate/database/Eloquent/Builder.php(737): Illuminate/Database/Query/Builder->get(Array)
#9 C:/xampp/htdocs/be-fms/api/vendor/illuminate/database/Eloquent/Builder.php(721): Illuminate/Database/Eloquent/Builder->getModels(Array)
#10 C:/xampp/htdocs/be-fms/api/vendor/illuminate/database/Concerns/BuildsQueries.php(333): Illuminate/Database/Eloquent/Builder->get(Array)
#11 C:/xampp/htdocs/be-fms/api/app/Http/Middleware/Authenticate.php(59): Illuminate/Database/Eloquent/Builder->first()
#12 C:/xampp/htdocs/be-fms/api/vendor/illuminate/pipeline/Pipeline.php(183): App/Http/Middleware/Authenticate->handle(Object(Laravel/Lumen/Http/Request), Object(Closure))
#13 C:/xampp/htdocs/be-fms/api/vendor/laravel/lumen-framework/src/Routing/Pipeline.php(30): Illuminate/Pipeline/Pipeline->Illuminate/Pipeline/{closure}(Object(Laravel/Lumen/Http/Request))
#14 C:/xampp/htdocs/be-fms/api/vendor/illuminate/pipeline/Pipeline.php(119): Laravel/Lumen/Routing/Pipeline->Laravel/Lumen/Routing/{closure}(Object(Laravel/Lumen/Http/Request))
#15 C:/xampp/htdocs/be-fms/api/vendor/laravel/lumen-framework/src/Concerns/RoutesRequests.php(428): Illuminate/Pipeline/Pipeline->then(Object(Closure))
#16 C:/xampp/htdocs/be-fms/api/vendor/laravel/lumen-framework/src/Concerns/RoutesRequests.php(263): Laravel/Lumen/Application->sendThroughPipeline(Array, Object(Closure))
#17 C:/xampp/htdocs/be-fms/api/vendor/laravel/lumen-framework/src/Concerns/RoutesRequests.php(239): Laravel/Lumen/Application->handleFoundRoute(Array)
#18 C:/xampp/htdocs/be-fms/api/vendor/laravel/lumen-framework/src/Concerns/RoutesRequests.php(174): Laravel/Lumen/Application->handleDispatcherResponse(Array)
#19 C:/xampp/htdocs/be-fms/api/vendor/laravel/lumen-framework/src/Concerns/RoutesRequests.php(431): Laravel/Lumen/Application->Laravel/Lumen/Concerns/{closure}(Object(Laravel/Lumen/Http/Request))
#20 C:/xampp/htdocs/be-fms/api/vendor/laravel/lumen-framework/src/Concerns/RoutesRequests.php(167): Laravel/Lumen/Application->sendThroughPipeline(Array, Object(Closure))
#21 C:/xampp/htdocs/be-fms/api/vendor/laravel/lumen-framework/src/Concerns/RoutesRequests.php(112): Laravel/Lumen/Application->dispatch(NULL)
#22 C:/xampp/htdocs/be-fms/api/public/index.php(28): Laravel/Lumen/Application->run()
#23 {main}

[previous exception] [object] (PDOException(code: 2002): SQLSTATE[HY000] [2002] No connection could be made because the target machine actively refused it at C:/xampp/htdocs/be-fms/api/vendor/illuminate/database/Connectors/Connector.php:65)
[stacktrace]
#0 C:/xampp/htdocs/be-fms/api/vendor/illuminate/database/Connectors/Connector.php(65): PDO->__construct('mysql:host=127....', 'root', Object(SensitiveParameterValue), Array)
#1 C:/xampp/htdocs/be-fms/api/vendor/illuminate/database/Connectors/Connector.php(83): Illuminate/Database/Connectors/Connector->createPdoConnection('mysql:host=127....', 'root', '', Array)
#2 C:/xampp/htdocs/be-fms/api/vendor/illuminate/database/Connectors/Connector.php(48): Illuminate/Database/Connectors/Connector->tryAgainIfCausedByLostConnection(Object(PDOException), 'mysql:host=127....', 'root', '', Array)
#3 C:/xampp/htdocs/be-fms/api/vendor/illuminate/database/Connectors/MySqlConnector.php(24): Illuminate/Database/Connectors/Connector->createConnection('mysql:host=127....', Array, Array)
#4 C:/xampp/htdocs/be-fms/api/vendor/illuminate/database/Connectors/ConnectionFactory.php(184): Illuminate/Database/Connectors/MySqlConnector->connect(Array)
#5 [internal function]: Illuminate/Database/Connectors/ConnectionFactory->Illuminate/Database/Connectors/{closure}()
#6 C:/xampp/htdocs/be-fms/api/vendor/illuminate/database/Connection.php(1319): call_user_func(Object(Closure))
#7 C:/xampp/htdocs/be-fms/api/vendor/illuminate/database/Connection.php(1355): Illuminate/Database/Connection->getPdo()
#8 C:/xampp/htdocs/be-fms/api/vendor/illuminate/database/Connection.php(521): Illuminate/Database/Connection->getReadPdo()
#9 C:/xampp/htdocs/be-fms/api/vendor/illuminate/database/Connection.php(416): Illuminate/Database/Connection->getPdoForSelect(true)
#10 C:/xampp/htdocs/be-fms/api/vendor/illuminate/database/Connection.php(809): Illuminate/Database/Connection->Illuminate/Database/{closure}('select * from `...', Array)
#11 C:/xampp/htdocs/be-fms/api/vendor/illuminate/database/Connection.php(976): Illuminate/Database/Connection->runQueryCallback('select * from `...', Array, Object(Closure))
#12 C:/xampp/htdocs/be-fms/api/vendor/illuminate/database/Connection.php(955): Illuminate/Database/Connection->tryAgainIfCausedByLostConnection(Object(Illuminate/Database/QueryException), 'select * from `...', Array, Object(Closure))
#13 C:/xampp/htdocs/be-fms/api/vendor/illuminate/database/Connection.php(778): Illuminate/Database/Connection->handleQueryException(Object(Illuminate/Database/QueryException), 'select * from `...', Array, Object(Closure))
#14 C:/xampp/htdocs/be-fms/api/vendor/illuminate/database/Connection.php(407): Illuminate/Database/Connection->run('select * from `...', Array, Object(Closure))
#15 C:/xampp/htdocs/be-fms/api/vendor/illuminate/database/Query/Builder.php(2751): Illuminate/Database/Connection->select('select * from `...', Array, true)
#16 C:/xampp/htdocs/be-fms/api/vendor/illuminate/database/Query/Builder.php(2740): Illuminate/Database/Query/Builder->runSelect()
#17 C:/xampp/htdocs/be-fms/api/vendor/illuminate/database/Query/Builder.php(3294): Illuminate/Database/Query/Builder->Illuminate/Database/Query/{closure}()
#18 C:/xampp/htdocs/be-fms/api/vendor/illuminate/database/Query/Builder.php(2739): Illuminate/Database/Query/Builder->onceWithColumns(Array, Object(Closure))
#19 C:/xampp/htdocs/be-fms/api/vendor/illuminate/database/Eloquent/Builder.php(737): Illuminate/Database/Query/Builder->get(Array)
#20 C:/xampp/htdocs/be-fms/api/vendor/illuminate/database/Eloquent/Builder.php(721): Illuminate/Database/Eloquent/Builder->getModels(Array)
#21 C:/xampp/htdocs/be-fms/api/vendor/illuminate/database/Concerns/BuildsQueries.php(333): Illuminate/Database/Eloquent/Builder->get(Array)
#22 C:/xampp/htdocs/be-fms/api/app/Http/Middleware/Authenticate.php(59): Illuminate/Database/Eloquent/Builder->first()
#23 C:/xampp/htdocs/be-fms/api/vendor/illuminate/pipeline/Pipeline.php(183): App/Http/Middleware/Authenticate->handle(Object(Laravel/Lumen/Http/Request), Object(Closure))
#24 C:/xampp/htdocs/be-fms/api/vendor/laravel/lumen-framework/src/Routing/Pipeline.php(30): Illuminate/Pipeline/Pipeline->Illuminate/Pipeline/{closure}(Object(Laravel/Lumen/Http/Request))
#25 C:/xampp/htdocs/be-fms/api/vendor/illuminate/pipeline/Pipeline.php(119): Laravel/Lumen/Routing/Pipeline->Laravel/Lumen/Routing/{closure}(Object(Laravel/Lumen/Http/Request))
#26 C:/xampp/htdocs/be-fms/api/vendor/laravel/lumen-framework/src/Concerns/RoutesRequests.php(428): Illuminate/Pipeline/Pipeline->then(Object(Closure))
#27 C:/xampp/htdocs/be-fms/api/vendor/laravel/lumen-framework/src/Concerns/RoutesRequests.php(263): Laravel/Lumen/Application->sendThroughPipeline(Array, Object(Closure))
#28 C:/xampp/htdocs/be-fms/api/vendor/laravel/lumen-framework/src/Concerns/RoutesRequests.php(239): Laravel/Lumen/Application->handleFoundRoute(Array)
#29 C:/xampp/htdocs/be-fms/api/vendor/laravel/lumen-framework/src/Concerns/RoutesRequests.php(174): Laravel/Lumen/Application->handleDispatcherResponse(Array)
#30 C:/xampp/htdocs/be-fms/api/vendor/laravel/lumen-framework/src/Concerns/RoutesRequests.php(431): Laravel/Lumen/Application->Laravel/Lumen/Concerns/{closure}(Object(Laravel/Lumen/Http/Request))
#31 C:/xampp/htdocs/be-fms/api/vendor/laravel/lumen-framework/src/Concerns/RoutesRequests.php(167): Laravel/Lumen/Application->sendThroughPipeline(Array, Object(Closure))
#32 C:/xampp/htdocs/be-fms/api/vendor/laravel/lumen-framework/src/Concerns/RoutesRequests.php(112): Laravel/Lumen/Application->dispatch(NULL)
#33 C:/xampp/htdocs/be-fms/api/public/index.php(28): Laravel/Lumen/Application->run()
#34 {main}
"} 
[2026-02-28 08:47:48] local.ERROR: SQLSTATE[HY000] [2002] No connection could be made because the target machine actively refused it (Connection: mysql, SQL: select * from `UserLogin` where `ApiKey` = MTBaMW9ldWsyMmNzUWxkMHdCUGNZa3ZsWnZEcndjUW12ZVBxR3NkbQ== limit 1) {"exception":"[object] (Illuminate\\Database\\QueryException(code: 2002): SQLSTATE[HY000] [2002] No connection could be made because the target machine actively refused it (Connection: mysql, SQL: select * from `UserLogin` where `ApiKey` = MTBaMW9ldWsyMmNzUWxkMHdCUGNZa3ZsWnZEcndjUW12ZVBxR3NkbQ== limit 1) at C:/xampp/htdocs/be-fms/api/vendor/illuminate/database/Connection.php:822)
[stacktrace]
#0 C:/xampp/htdocs/be-fms/api/vendor/illuminate/database/Connection.php(976): Illuminate/Database/Connection->runQueryCallback('select * from `...', Array, Object(Closure))
#1 C:/xampp/htdocs/be-fms/api/vendor/illuminate/database/Connection.php(955): Illuminate/Database/Connection->tryAgainIfCausedByLostConnection(Object(Illuminate/Database/QueryException), 'select * from `...', Array, Object(Closure))
#2 C:/xampp/htdocs/be-fms/api/vendor/illuminate/database/Connection.php(778): Illuminate/Database/Connection->handleQueryException(Object(Illuminate/Database/QueryException), 'select * from `...', Array, Object(Closure))
#3 C:/xampp/htdocs/be-fms/api/vendor/illuminate/database/Connection.php(407): Illuminate/Database/Connection->run('select * from `...', Array, Object(Closure))
#4 C:/xampp/htdocs/be-fms/api/vendor/illuminate/database/Query/Builder.php(2751): Illuminate/Database/Connection->select('select * from `...', Array, true)
#5 C:/xampp/htdocs/be-fms/api/vendor/illuminate/database/Query/Builder.php(2740): Illuminate/Database/Query/Builder->runSelect()
#6 C:/xampp/htdocs/be-fms/api/vendor/illuminate/database/Query/Builder.php(3294): Illuminate/Database/Query/Builder->Illuminate/Database/Query/{closure}()
#7 C:/xampp/htdocs/be-fms/api/vendor/illuminate/database/Query/Builder.php(2739): Illuminate/Database/Query/Builder->onceWithColumns(Array, Object(Closure))
#8 C:/xampp/htdocs/be-fms/api/vendor/illuminate/database/Eloquent/Builder.php(737): Illuminate/Database/Query/Builder->get(Array)
#9 C:/xampp/htdocs/be-fms/api/vendor/illuminate/database/Eloquent/Builder.php(721): Illuminate/Database/Eloquent/Builder->getModels(Array)
#10 C:/xampp/htdocs/be-fms/api/vendor/illuminate/database/Concerns/BuildsQueries.php(333): Illuminate/Database/Eloquent/Builder->get(Array)
#11 C:/xampp/htdocs/be-fms/api/app/Http/Middleware/Authenticate.php(59): Illuminate/Database/Eloquent/Builder->first()
#12 C:/xampp/htdocs/be-fms/api/vendor/illuminate/pipeline/Pipeline.php(183): App/Http/Middleware/Authenticate->handle(Object(Laravel/Lumen/Http/Request), Object(Closure))
#13 C:/xampp/htdocs/be-fms/api/vendor/laravel/lumen-framework/src/Routing/Pipeline.php(30): Illuminate/Pipeline/Pipeline->Illuminate/Pipeline/{closure}(Object(Laravel/Lumen/Http/Request))
#14 C:/xampp/htdocs/be-fms/api/vendor/illuminate/pipeline/Pipeline.php(119): Laravel/Lumen/Routing/Pipeline->Laravel/Lumen/Routing/{closure}(Object(Laravel/Lumen/Http/Request))
#15 C:/xampp/htdocs/be-fms/api/vendor/laravel/lumen-framework/src/Concerns/RoutesRequests.php(428): Illuminate/Pipeline/Pipeline->then(Object(Closure))
#16 C:/xampp/htdocs/be-fms/api/vendor/laravel/lumen-framework/src/Concerns/RoutesRequests.php(263): Laravel/Lumen/Application->sendThroughPipeline(Array, Object(Closure))
#17 C:/xampp/htdocs/be-fms/api/vendor/laravel/lumen-framework/src/Concerns/RoutesRequests.php(239): Laravel/Lumen/Application->handleFoundRoute(Array)
#18 C:/xampp/htdocs/be-fms/api/vendor/laravel/lumen-framework/src/Concerns/RoutesRequests.php(174): Laravel/Lumen/Application->handleDispatcherResponse(Array)
#19 C:/xampp/htdocs/be-fms/api/vendor/laravel/lumen-framework/src/Concerns/RoutesRequests.php(431): Laravel/Lumen/Application->Laravel/Lumen/Concerns/{closure}(Object(Laravel/Lumen/Http/Request))
#20 C:/xampp/htdocs/be-fms/api/vendor/laravel/lumen-framework/src/Concerns/RoutesRequests.php(167): Laravel/Lumen/Application->sendThroughPipeline(Array, Object(Closure))
#21 C:/xampp/htdocs/be-fms/api/vendor/laravel/lumen-framework/src/Concerns/RoutesRequests.php(112): Laravel/Lumen/Application->dispatch(NULL)
#22 C:/xampp/htdocs/be-fms/api/public/index.php(28): Laravel/Lumen/Application->run()
#23 {main}

[previous exception] [object] (PDOException(code: 2002): SQLSTATE[HY000] [2002] No connection could be made because the target machine actively refused it at C:/xampp/htdocs/be-fms/api/vendor/illuminate/database/Connectors/Connector.php:65)
[stacktrace]
#0 C:/xampp/htdocs/be-fms/api/vendor/illuminate/database/Connectors/Connector.php(65): PDO->__construct('mysql:host=127....', 'root', Object(SensitiveParameterValue), Array)
#1 C:/xampp/htdocs/be-fms/api/vendor/illuminate/database/Connectors/Connector.php(83): Illuminate/Database/Connectors/Connector->createPdoConnection('mysql:host=127....', 'root', '', Array)
#2 C:/xampp/htdocs/be-fms/api/vendor/illuminate/database/Connectors/Connector.php(48): Illuminate/Database/Connectors/Connector->tryAgainIfCausedByLostConnection(Object(PDOException), 'mysql:host=127....', 'root', '', Array)
#3 C:/xampp/htdocs/be-fms/api/vendor/illuminate/database/Connectors/MySqlConnector.php(24): Illuminate/Database/Connectors/Connector->createConnection('mysql:host=127....', Array, Array)
#4 C:/xampp/htdocs/be-fms/api/vendor/illuminate/database/Connectors/ConnectionFactory.php(184): Illuminate/Database/Connectors/MySqlConnector->connect(Array)
#5 [internal function]: Illuminate/Database/Connectors/ConnectionFactory->Illuminate/Database/Connectors/{closure}()
#6 C:/xampp/htdocs/be-fms/api/vendor/illuminate/database/Connection.php(1319): call_user_func(Object(Closure))
#7 C:/xampp/htdocs/be-fms/api/vendor/illuminate/database/Connection.php(1355): Illuminate/Database/Connection->getPdo()
#8 C:/xampp/htdocs/be-fms/api/vendor/illuminate/database/Connection.php(521): Illuminate/Database/Connection->getReadPdo()
#9 C:/xampp/htdocs/be-fms/api/vendor/illuminate/database/Connection.php(416): Illuminate/Database/Connection->getPdoForSelect(true)
#10 C:/xampp/htdocs/be-fms/api/vendor/illuminate/database/Connection.php(809): Illuminate/Database/Connection->Illuminate/Database/{closure}('select * from `...', Array)
#11 C:/xampp/htdocs/be-fms/api/vendor/illuminate/database/Connection.php(976): Illuminate/Database/Connection->runQueryCallback('select * from `...', Array, Object(Closure))
#12 C:/xampp/htdocs/be-fms/api/vendor/illuminate/database/Connection.php(955): Illuminate/Database/Connection->tryAgainIfCausedByLostConnection(Object(Illuminate/Database/QueryException), 'select * from `...', Array, Object(Closure))
#13 C:/xampp/htdocs/be-fms/api/vendor/illuminate/database/Connection.php(778): Illuminate/Database/Connection->handleQueryException(Object(Illuminate/Database/QueryException), 'select * from `...', Array, Object(Closure))
#14 C:/xampp/htdocs/be-fms/api/vendor/illuminate/database/Connection.php(407): Illuminate/Database/Connection->run('select * from `...', Array, Object(Closure))
#15 C:/xampp/htdocs/be-fms/api/vendor/illuminate/database/Query/Builder.php(2751): Illuminate/Database/Connection->select('select * from `...', Array, true)
#16 C:/xampp/htdocs/be-fms/api/vendor/illuminate/database/Query/Builder.php(2740): Illuminate/Database/Query/Builder->runSelect()
#17 C:/xampp/htdocs/be-fms/api/vendor/illuminate/database/Query/Builder.php(3294): Illuminate/Database/Query/Builder->Illuminate/Database/Query/{closure}()
#18 C:/xampp/htdocs/be-fms/api/vendor/illuminate/database/Query/Builder.php(2739): Illuminate/Database/Query/Builder->onceWithColumns(Array, Object(Closure))
#19 C:/xampp/htdocs/be-fms/api/vendor/illuminate/database/Eloquent/Builder.php(737): Illuminate/Database/Query/Builder->get(Array)
#20 C:/xampp/htdocs/be-fms/api/vendor/illuminate/database/Eloquent/Builder.php(721): Illuminate/Database/Eloquent/Builder->getModels(Array)
#21 C:/xampp/htdocs/be-fms/api/vendor/illuminate/database/Concerns/BuildsQueries.php(333): Illuminate/Database/Eloquent/Builder->get(Array)
#22 C:/xampp/htdocs/be-fms/api/app/Http/Middleware/Authenticate.php(59): Illuminate/Database/Eloquent/Builder->first()
#23 C:/xampp/htdocs/be-fms/api/vendor/illuminate/pipeline/Pipeline.php(183): App/Http/Middleware/Authenticate->handle(Object(Laravel/Lumen/Http/Request), Object(Closure))
#24 C:/xampp/htdocs/be-fms/api/vendor/laravel/lumen-framework/src/Routing/Pipeline.php(30): Illuminate/Pipeline/Pipeline->Illuminate/Pipeline/{closure}(Object(Laravel/Lumen/Http/Request))
#25 C:/xampp/htdocs/be-fms/api/vendor/illuminate/pipeline/Pipeline.php(119): Laravel/Lumen/Routing/Pipeline->Laravel/Lumen/Routing/{closure}(Object(Laravel/Lumen/Http/Request))
#26 C:/xampp/htdocs/be-fms/api/vendor/laravel/lumen-framework/src/Concerns/RoutesRequests.php(428): Illuminate/Pipeline/Pipeline->then(Object(Closure))
#27 C:/xampp/htdocs/be-fms/api/vendor/laravel/lumen-framework/src/Concerns/RoutesRequests.php(263): Laravel/Lumen/Application->sendThroughPipeline(Array, Object(Closure))
#28 C:/xampp/htdocs/be-fms/api/vendor/laravel/lumen-framework/src/Concerns/RoutesRequests.php(239): Laravel/Lumen/Application->handleFoundRoute(Array)
#29 C:/xampp/htdocs/be-fms/api/vendor/laravel/lumen-framework/src/Concerns/RoutesRequests.php(174): Laravel/Lumen/Application->handleDispatcherResponse(Array)
#30 C:/xampp/htdocs/be-fms/api/vendor/laravel/lumen-framework/src/Concerns/RoutesRequests.php(431): Laravel/Lumen/Application->Laravel/Lumen/Concerns/{closure}(Object(Laravel/Lumen/Http/Request))
#31 C:/xampp/htdocs/be-fms/api/vendor/laravel/lumen-framework/src/Concerns/RoutesRequests.php(167): Laravel/Lumen/Application->sendThroughPipeline(Array, Object(Closure))
#32 C:/xampp/htdocs/be-fms/api/vendor/laravel/lumen-framework/src/Concerns/RoutesRequests.php(112): Laravel/Lumen/Application->dispatch(NULL)
#33 C:/xampp/htdocs/be-fms/api/public/index.php(28): Laravel/Lumen/Application->run()
#34 {main}
"} 
[2026-02-28 08:47:57] local.ERROR: SQLSTATE[HY000] [2002] No connection could be made because the target machine actively refused it (Connection: mysql, SQL: select * from `UserLogin` where `ApiKey` = MTBaMW9ldWsyMmNzUWxkMHdCUGNZa3ZsWnZEcndjUW12ZVBxR3NkbQ== limit 1) {"exception":"[object] (Illuminate\\Database\\QueryException(code: 2002): SQLSTATE[HY000] [2002] No connection could be made because the target machine actively refused it (Connection: mysql, SQL: select * from `UserLogin` where `ApiKey` = MTBaMW9ldWsyMmNzUWxkMHdCUGNZa3ZsWnZEcndjUW12ZVBxR3NkbQ== limit 1) at C:/xampp/htdocs/be-fms/api/vendor/illuminate/database/Connection.php:822)
[stacktrace]
#0 C:/xampp/htdocs/be-fms/api/vendor/illuminate/database/Connection.php(976): Illuminate/Database/Connection->runQueryCallback('select * from `...', Array, Object(Closure))
#1 C:/xampp/htdocs/be-fms/api/vendor/illuminate/database/Connection.php(955): Illuminate/Database/Connection->tryAgainIfCausedByLostConnection(Object(Illuminate/Database/QueryException), 'select * from `...', Array, Object(Closure))
#2 C:/xampp/htdocs/be-fms/api/vendor/illuminate/database/Connection.php(778): Illuminate/Database/Connection->handleQueryException(Object(Illuminate/Database/QueryException), 'select * from `...', Array, Object(Closure))
#3 C:/xampp/htdocs/be-fms/api/vendor/illuminate/database/Connection.php(407): Illuminate/Database/Connection->run('select * from `...', Array, Object(Closure))
#4 C:/xampp/htdocs/be-fms/api/vendor/illuminate/database/Query/Builder.php(2751): Illuminate/Database/Connection->select('select * from `...', Array, true)
#5 C:/xampp/htdocs/be-fms/api/vendor/illuminate/database/Query/Builder.php(2740): Illuminate/Database/Query/Builder->runSelect()
#6 C:/xampp/htdocs/be-fms/api/vendor/illuminate/database/Query/Builder.php(3294): Illuminate/Database/Query/Builder->Illuminate/Database/Query/{closure}()
#7 C:/xampp/htdocs/be-fms/api/vendor/illuminate/database/Query/Builder.php(2739): Illuminate/Database/Query/Builder->onceWithColumns(Array, Object(Closure))
#8 C:/xampp/htdocs/be-fms/api/vendor/illuminate/database/Eloquent/Builder.php(737): Illuminate/Database/Query/Builder->get(Array)
#9 C:/xampp/htdocs/be-fms/api/vendor/illuminate/database/Eloquent/Builder.php(721): Illuminate/Database/Eloquent/Builder->getModels(Array)
#10 C:/xampp/htdocs/be-fms/api/vendor/illuminate/database/Concerns/BuildsQueries.php(333): Illuminate/Database/Eloquent/Builder->get(Array)
#11 C:/xampp/htdocs/be-fms/api/app/Http/Middleware/Authenticate.php(59): Illuminate/Database/Eloquent/Builder->first()
#12 C:/xampp/htdocs/be-fms/api/vendor/illuminate/pipeline/Pipeline.php(183): App/Http/Middleware/Authenticate->handle(Object(Laravel/Lumen/Http/Request), Object(Closure))
#13 C:/xampp/htdocs/be-fms/api/vendor/laravel/lumen-framework/src/Routing/Pipeline.php(30): Illuminate/Pipeline/Pipeline->Illuminate/Pipeline/{closure}(Object(Laravel/Lumen/Http/Request))
#14 C:/xampp/htdocs/be-fms/api/vendor/illuminate/pipeline/Pipeline.php(119): Laravel/Lumen/Routing/Pipeline->Laravel/Lumen/Routing/{closure}(Object(Laravel/Lumen/Http/Request))
#15 C:/xampp/htdocs/be-fms/api/vendor/laravel/lumen-framework/src/Concerns/RoutesRequests.php(428): Illuminate/Pipeline/Pipeline->then(Object(Closure))
#16 C:/xampp/htdocs/be-fms/api/vendor/laravel/lumen-framework/src/Concerns/RoutesRequests.php(263): Laravel/Lumen/Application->sendThroughPipeline(Array, Object(Closure))
#17 C:/xampp/htdocs/be-fms/api/vendor/laravel/lumen-framework/src/Concerns/RoutesRequests.php(239): Laravel/Lumen/Application->handleFoundRoute(Array)
#18 C:/xampp/htdocs/be-fms/api/vendor/laravel/lumen-framework/src/Concerns/RoutesRequests.php(174): Laravel/Lumen/Application->handleDispatcherResponse(Array)
#19 C:/xampp/htdocs/be-fms/api/vendor/laravel/lumen-framework/src/Concerns/RoutesRequests.php(431): Laravel/Lumen/Application->Laravel/Lumen/Concerns/{closure}(Object(Laravel/Lumen/Http/Request))
#20 C:/xampp/htdocs/be-fms/api/vendor/laravel/lumen-framework/src/Concerns/RoutesRequests.php(167): Laravel/Lumen/Application->sendThroughPipeline(Array, Object(Closure))
#21 C:/xampp/htdocs/be-fms/api/vendor/laravel/lumen-framework/src/Concerns/RoutesRequests.php(112): Laravel/Lumen/Application->dispatch(NULL)
#22 C:/xampp/htdocs/be-fms/api/public/index.php(28): Laravel/Lumen/Application->run()
#23 {main}

[previous exception] [object] (PDOException(code: 2002): SQLSTATE[HY000] [2002] No connection could be made because the target machine actively refused it at C:/xampp/htdocs/be-fms/api/vendor/illuminate/database/Connectors/Connector.php:65)
[stacktrace]
#0 C:/xampp/htdocs/be-fms/api/vendor/illuminate/database/Connectors/Connector.php(65): PDO->__construct('mysql:host=127....', 'root', Object(SensitiveParameterValue), Array)
#1 C:/xampp/htdocs/be-fms/api/vendor/illuminate/database/Connectors/Connector.php(83): Illuminate/Database/Connectors/Connector->createPdoConnection('mysql:host=127....', 'root', '', Array)
#2 C:/xampp/htdocs/be-fms/api/vendor/illuminate/database/Connectors/Connector.php(48): Illuminate/Database/Connectors/Connector->tryAgainIfCausedByLostConnection(Object(PDOException), 'mysql:host=127....', 'root', '', Array)
#3 C:/xampp/htdocs/be-fms/api/vendor/illuminate/database/Connectors/MySqlConnector.php(24): Illuminate/Database/Connectors/Connector->createConnection('mysql:host=127....', Array, Array)
#4 C:/xampp/htdocs/be-fms/api/vendor/illuminate/database/Connectors/ConnectionFactory.php(184): Illuminate/Database/Connectors/MySqlConnector->connect(Array)
#5 [internal function]: Illuminate/Database/Connectors/ConnectionFactory->Illuminate/Database/Connectors/{closure}()
#6 C:/xampp/htdocs/be-fms/api/vendor/illuminate/database/Connection.php(1319): call_user_func(Object(Closure))
#7 C:/xampp/htdocs/be-fms/api/vendor/illuminate/database/Connection.php(1355): Illuminate/Database/Connection->getPdo()
#8 C:/xampp/htdocs/be-fms/api/vendor/illuminate/database/Connection.php(521): Illuminate/Database/Connection->getReadPdo()
#9 C:/xampp/htdocs/be-fms/api/vendor/illuminate/database/Connection.php(416): Illuminate/Database/Connection->getPdoForSelect(true)
#10 C:/xampp/htdocs/be-fms/api/vendor/illuminate/database/Connection.php(809): Illuminate/Database/Connection->Illuminate/Database/{closure}('select * from `...', Array)
#11 C:/xampp/htdocs/be-fms/api/vendor/illuminate/database/Connection.php(976): Illuminate/Database/Connection->runQueryCallback('select * from `...', Array, Object(Closure))
#12 C:/xampp/htdocs/be-fms/api/vendor/illuminate/database/Connection.php(955): Illuminate/Database/Connection->tryAgainIfCausedByLostConnection(Object(Illuminate/Database/QueryException), 'select * from `...', Array, Object(Closure))
#13 C:/xampp/htdocs/be-fms/api/vendor/illuminate/database/Connection.php(778): Illuminate/Database/Connection->handleQueryException(Object(Illuminate/Database/QueryException), 'select * from `...', Array, Object(Closure))
#14 C:/xampp/htdocs/be-fms/api/vendor/illuminate/database/Connection.php(407): Illuminate/Database/Connection->run('select * from `...', Array, Object(Closure))
#15 C:/xampp/htdocs/be-fms/api/vendor/illuminate/database/Query/Builder.php(2751): Illuminate/Database/Connection->select('select * from `...', Array, true)
#16 C:/xampp/htdocs/be-fms/api/vendor/illuminate/database/Query/Builder.php(2740): Illuminate/Database/Query/Builder->runSelect()
#17 C:/xampp/htdocs/be-fms/api/vendor/illuminate/database/Query/Builder.php(3294): Illuminate/Database/Query/Builder->Illuminate/Database/Query/{closure}()
#18 C:/xampp/htdocs/be-fms/api/vendor/illuminate/database/Query/Builder.php(2739): Illuminate/Database/Query/Builder->onceWithColumns(Array, Object(Closure))
#19 C:/xampp/htdocs/be-fms/api/vendor/illuminate/database/Eloquent/Builder.php(737): Illuminate/Database/Query/Builder->get(Array)
#20 C:/xampp/htdocs/be-fms/api/vendor/illuminate/database/Eloquent/Builder.php(721): Illuminate/Database/Eloquent/Builder->getModels(Array)
#21 C:/xampp/htdocs/be-fms/api/vendor/illuminate/database/Concerns/BuildsQueries.php(333): Illuminate/Database/Eloquent/Builder->get(Array)
#22 C:/xampp/htdocs/be-fms/api/app/Http/Middleware/Authenticate.php(59): Illuminate/Database/Eloquent/Builder->first()
#23 C:/xampp/htdocs/be-fms/api/vendor/illuminate/pipeline/Pipeline.php(183): App/Http/Middleware/Authenticate->handle(Object(Laravel/Lumen/Http/Request), Object(Closure))
#24 C:/xampp/htdocs/be-fms/api/vendor/laravel/lumen-framework/src/Routing/Pipeline.php(30): Illuminate/Pipeline/Pipeline->Illuminate/Pipeline/{closure}(Object(Laravel/Lumen/Http/Request))
#25 C:/xampp/htdocs/be-fms/api/vendor/illuminate/pipeline/Pipeline.php(119): Laravel/Lumen/Routing/Pipeline->Laravel/Lumen/Routing/{closure}(Object(Laravel/Lumen/Http/Request))
#26 C:/xampp/htdocs/be-fms/api/vendor/laravel/lumen-framework/src/Concerns/RoutesRequests.php(428): Illuminate/Pipeline/Pipeline->then(Object(Closure))
#27 C:/xampp/htdocs/be-fms/api/vendor/laravel/lumen-framework/src/Concerns/RoutesRequests.php(263): Laravel/Lumen/Application->sendThroughPipeline(Array, Object(Closure))
#28 C:/xampp/htdocs/be-fms/api/vendor/laravel/lumen-framework/src/Concerns/RoutesRequests.php(239): Laravel/Lumen/Application->handleFoundRoute(Array)
#29 C:/xampp/htdocs/be-fms/api/vendor/laravel/lumen-framework/src/Concerns/RoutesRequests.php(174): Laravel/Lumen/Application->handleDispatcherResponse(Array)
#30 C:/xampp/htdocs/be-fms/api/vendor/laravel/lumen-framework/src/Concerns/RoutesRequests.php(431): Laravel/Lumen/Application->Laravel/Lumen/Concerns/{closure}(Object(Laravel/Lumen/Http/Request))
#31 C:/xampp/htdocs/be-fms/api/vendor/laravel/lumen-framework/src/Concerns/RoutesRequests.php(167): Laravel/Lumen/Application->sendThroughPipeline(Array, Object(Closure))
#32 C:/xampp/htdocs/be-fms/api/vendor/laravel/lumen-framework/src/Concerns/RoutesRequests.php(112): Laravel/Lumen/Application->dispatch(NULL)
#33 C:/xampp/htdocs/be-fms/api/public/index.php(28): Laravel/Lumen/Application->run()
#34 {main}
"} 
[2026-02-28 08:48:05] local.ERROR: SQLSTATE[HY000] [2002] No connection could be made because the target machine actively refused it (Connection: mysql, SQL: select * from `UserLogin` where `ApiKey` = MTBaMW9ldWsyMmNzUWxkMHdCUGNZa3ZsWnZEcndjUW12ZVBxR3NkbQ== limit 1) {"exception":"[object] (Illuminate\\Database\\QueryException(code: 2002): SQLSTATE[HY000] [2002] No connection could be made because the target machine actively refused it (Connection: mysql, SQL: select * from `UserLogin` where `ApiKey` = MTBaMW9ldWsyMmNzUWxkMHdCUGNZa3ZsWnZEcndjUW12ZVBxR3NkbQ== limit 1) at C:/xampp/htdocs/be-fms/api/vendor/illuminate/database/Connection.php:822)
[stacktrace]
#0 C:/xampp/htdocs/be-fms/api/vendor/illuminate/database/Connection.php(976): Illuminate/Database/Connection->runQueryCallback('select * from `...', Array, Object(Closure))
#1 C:/xampp/htdocs/be-fms/api/vendor/illuminate/database/Connection.php(955): Illuminate/Database/Connection->tryAgainIfCausedByLostConnection(Object(Illuminate/Database/QueryException), 'select * from `...', Array, Object(Closure))
#2 C:/xampp/htdocs/be-fms/api/vendor/illuminate/database/Connection.php(778): Illuminate/Database/Connection->handleQueryException(Object(Illuminate/Database/QueryException), 'select * from `...', Array, Object(Closure))
#3 C:/xampp/htdocs/be-fms/api/vendor/illuminate/database/Connection.php(407): Illuminate/Database/Connection->run('select * from `...', Array, Object(Closure))
#4 C:/xampp/htdocs/be-fms/api/vendor/illuminate/database/Query/Builder.php(2751): Illuminate/Database/Connection->select('select * from `...', Array, true)
#5 C:/xampp/htdocs/be-fms/api/vendor/illuminate/database/Query/Builder.php(2740): Illuminate/Database/Query/Builder->runSelect()
#6 C:/xampp/htdocs/be-fms/api/vendor/illuminate/database/Query/Builder.php(3294): Illuminate/Database/Query/Builder->Illuminate/Database/Query/{closure}()
#7 C:/xampp/htdocs/be-fms/api/vendor/illuminate/database/Query/Builder.php(2739): Illuminate/Database/Query/Builder->onceWithColumns(Array, Object(Closure))
#8 C:/xampp/htdocs/be-fms/api/vendor/illuminate/database/Eloquent/Builder.php(737): Illuminate/Database/Query/Builder->get(Array)
#9 C:/xampp/htdocs/be-fms/api/vendor/illuminate/database/Eloquent/Builder.php(721): Illuminate/Database/Eloquent/Builder->getModels(Array)
#10 C:/xampp/htdocs/be-fms/api/vendor/illuminate/database/Concerns/BuildsQueries.php(333): Illuminate/Database/Eloquent/Builder->get(Array)
#11 C:/xampp/htdocs/be-fms/api/app/Http/Middleware/Authenticate.php(59): Illuminate/Database/Eloquent/Builder->first()
#12 C:/xampp/htdocs/be-fms/api/vendor/illuminate/pipeline/Pipeline.php(183): App/Http/Middleware/Authenticate->handle(Object(Laravel/Lumen/Http/Request), Object(Closure))
#13 C:/xampp/htdocs/be-fms/api/vendor/laravel/lumen-framework/src/Routing/Pipeline.php(30): Illuminate/Pipeline/Pipeline->Illuminate/Pipeline/{closure}(Object(Laravel/Lumen/Http/Request))
#14 C:/xampp/htdocs/be-fms/api/vendor/illuminate/pipeline/Pipeline.php(119): Laravel/Lumen/Routing/Pipeline->Laravel/Lumen/Routing/{closure}(Object(Laravel/Lumen/Http/Request))
#15 C:/xampp/htdocs/be-fms/api/vendor/laravel/lumen-framework/src/Concerns/RoutesRequests.php(428): Illuminate/Pipeline/Pipeline->then(Object(Closure))
#16 C:/xampp/htdocs/be-fms/api/vendor/laravel/lumen-framework/src/Concerns/RoutesRequests.php(263): Laravel/Lumen/Application->sendThroughPipeline(Array, Object(Closure))
#17 C:/xampp/htdocs/be-fms/api/vendor/laravel/lumen-framework/src/Concerns/RoutesRequests.php(171): Laravel/Lumen/Application->handleFoundRoute(Array)
#18 C:/xampp/htdocs/be-fms/api/vendor/laravel/lumen-framework/src/Concerns/RoutesRequests.php(431): Laravel/Lumen/Application->Laravel/Lumen/Concerns/{closure}(Object(Laravel/Lumen/Http/Request))
#19 C:/xampp/htdocs/be-fms/api/vendor/laravel/lumen-framework/src/Concerns/RoutesRequests.php(167): Laravel/Lumen/Application->sendThroughPipeline(Array, Object(Closure))
#20 C:/xampp/htdocs/be-fms/api/vendor/laravel/lumen-framework/src/Concerns/RoutesRequests.php(112): Laravel/Lumen/Application->dispatch(NULL)
#21 C:/xampp/htdocs/be-fms/api/public/index.php(28): Laravel/Lumen/Application->run()
#22 {main}

[previous exception] [object] (PDOException(code: 2002): SQLSTATE[HY000] [2002] No connection could be made because the target machine actively refused it at C:/xampp/htdocs/be-fms/api/vendor/illuminate/database/Connectors/Connector.php:65)
[stacktrace]
#0 C:/xampp/htdocs/be-fms/api/vendor/illuminate/database/Connectors/Connector.php(65): PDO->__construct('mysql:host=127....', 'root', Object(SensitiveParameterValue), Array)
#1 C:/xampp/htdocs/be-fms/api/vendor/illuminate/database/Connectors/Connector.php(83): Illuminate/Database/Connectors/Connector->createPdoConnection('mysql:host=127....', 'root', '', Array)
#2 C:/xampp/htdocs/be-fms/api/vendor/illuminate/database/Connectors/Connector.php(48): Illuminate/Database/Connectors/Connector->tryAgainIfCausedByLostConnection(Object(PDOException), 'mysql:host=127....', 'root', '', Array)
#3 C:/xampp/htdocs/be-fms/api/vendor/illuminate/database/Connectors/MySqlConnector.php(24): Illuminate/Database/Connectors/Connector->createConnection('mysql:host=127....', Array, Array)
#4 C:/xampp/htdocs/be-fms/api/vendor/illuminate/database/Connectors/ConnectionFactory.php(184): Illuminate/Database/Connectors/MySqlConnector->connect(Array)
#5 [internal function]: Illuminate/Database/Connectors/ConnectionFactory->Illuminate/Database/Connectors/{closure}()
#6 C:/xampp/htdocs/be-fms/api/vendor/illuminate/database/Connection.php(1319): call_user_func(Object(Closure))
#7 C:/xampp/htdocs/be-fms/api/vendor/illuminate/database/Connection.php(1355): Illuminate/Database/Connection->getPdo()
#8 C:/xampp/htdocs/be-fms/api/vendor/illuminate/database/Connection.php(521): Illuminate/Database/Connection->getReadPdo()
#9 C:/xampp/htdocs/be-fms/api/vendor/illuminate/database/Connection.php(416): Illuminate/Database/Connection->getPdoForSelect(true)
#10 C:/xampp/htdocs/be-fms/api/vendor/illuminate/database/Connection.php(809): Illuminate/Database/Connection->Illuminate/Database/{closure}('select * from `...', Array)
#11 C:/xampp/htdocs/be-fms/api/vendor/illuminate/database/Connection.php(976): Illuminate/Database/Connection->runQueryCallback('select * from `...', Array, Object(Closure))
#12 C:/xampp/htdocs/be-fms/api/vendor/illuminate/database/Connection.php(955): Illuminate/Database/Connection->tryAgainIfCausedByLostConnection(Object(Illuminate/Database/QueryException), 'select * from `...', Array, Object(Closure))
#13 C:/xampp/htdocs/be-fms/api/vendor/illuminate/database/Connection.php(778): Illuminate/Database/Connection->handleQueryException(Object(Illuminate/Database/QueryException), 'select * from `...', Array, Object(Closure))
#14 C:/xampp/htdocs/be-fms/api/vendor/illuminate/database/Connection.php(407): Illuminate/Database/Connection->run('select * from `...', Array, Object(Closure))
#15 C:/xampp/htdocs/be-fms/api/vendor/illuminate/database/Query/Builder.php(2751): Illuminate/Database/Connection->select('select * from `...', Array, true)
#16 C:/xampp/htdocs/be-fms/api/vendor/illuminate/database/Query/Builder.php(2740): Illuminate/Database/Query/Builder->runSelect()
#17 C:/xampp/htdocs/be-fms/api/vendor/illuminate/database/Query/Builder.php(3294): Illuminate/Database/Query/Builder->Illuminate/Database/Query/{closure}()
#18 C:/xampp/htdocs/be-fms/api/vendor/illuminate/database/Query/Builder.php(2739): Illuminate/Database/Query/Builder->onceWithColumns(Array, Object(Closure))
#19 C:/xampp/htdocs/be-fms/api/vendor/illuminate/database/Eloquent/Builder.php(737): Illuminate/Database/Query/Builder->get(Array)
#20 C:/xampp/htdocs/be-fms/api/vendor/illuminate/database/Eloquent/Builder.php(721): Illuminate/Database/Eloquent/Builder->getModels(Array)
#21 C:/xampp/htdocs/be-fms/api/vendor/illuminate/database/Concerns/BuildsQueries.php(333): Illuminate/Database/Eloquent/Builder->get(Array)
#22 C:/xampp/htdocs/be-fms/api/app/Http/Middleware/Authenticate.php(59): Illuminate/Database/Eloquent/Builder->first()
#23 C:/xampp/htdocs/be-fms/api/vendor/illuminate/pipeline/Pipeline.php(183): App/Http/Middleware/Authenticate->handle(Object(Laravel/Lumen/Http/Request), Object(Closure))
#24 C:/xampp/htdocs/be-fms/api/vendor/laravel/lumen-framework/src/Routing/Pipeline.php(30): Illuminate/Pipeline/Pipeline->Illuminate/Pipeline/{closure}(Object(Laravel/Lumen/Http/Request))
#25 C:/xampp/htdocs/be-fms/api/vendor/illuminate/pipeline/Pipeline.php(119): Laravel/Lumen/Routing/Pipeline->Laravel/Lumen/Routing/{closure}(Object(Laravel/Lumen/Http/Request))
#26 C:/xampp/htdocs/be-fms/api/vendor/laravel/lumen-framework/src/Concerns/RoutesRequests.php(428): Illuminate/Pipeline/Pipeline->then(Object(Closure))
#27 C:/xampp/htdocs/be-fms/api/vendor/laravel/lumen-framework/src/Concerns/RoutesRequests.php(263): Laravel/Lumen/Application->sendThroughPipeline(Array, Object(Closure))
#28 C:/xampp/htdocs/be-fms/api/vendor/laravel/lumen-framework/src/Concerns/RoutesRequests.php(171): Laravel/Lumen/Application->handleFoundRoute(Array)
#29 C:/xampp/htdocs/be-fms/api/vendor/laravel/lumen-framework/src/Concerns/RoutesRequests.php(431): Laravel/Lumen/Application->Laravel/Lumen/Concerns/{closure}(Object(Laravel/Lumen/Http/Request))
#30 C:/xampp/htdocs/be-fms/api/vendor/laravel/lumen-framework/src/Concerns/RoutesRequests.php(167): Laravel/Lumen/Application->sendThroughPipeline(Array, Object(Closure))
#31 C:/xampp/htdocs/be-fms/api/vendor/laravel/lumen-framework/src/Concerns/RoutesRequests.php(112): Laravel/Lumen/Application->dispatch(NULL)
#32 C:/xampp/htdocs/be-fms/api/public/index.php(28): Laravel/Lumen/Application->run()
#33 {main}
"} 
[2026-02-28 08:48:13] local.ERROR: SQLSTATE[HY000] [2002] No connection could be made because the target machine actively refused it (Connection: mysql, SQL: select * from `UserLogin` where `ApiKey` = MTBaMW9ldWsyMmNzUWxkMHdCUGNZa3ZsWnZEcndjUW12ZVBxR3NkbQ== limit 1) {"exception":"[object] (Illuminate\\Database\\QueryException(code: 2002): SQLSTATE[HY000] [2002] No connection could be made because the target machine actively refused it (Connection: mysql, SQL: select * from `UserLogin` where `ApiKey` = MTBaMW9ldWsyMmNzUWxkMHdCUGNZa3ZsWnZEcndjUW12ZVBxR3NkbQ== limit 1) at C:/xampp/htdocs/be-fms/api/vendor/illuminate/database/Connection.php:822)
[stacktrace]
#0 C:/xampp/htdocs/be-fms/api/vendor/illuminate/database/Connection.php(976): Illuminate/Database/Connection->runQueryCallback('select * from `...', Array, Object(Closure))
#1 C:/xampp/htdocs/be-fms/api/vendor/illuminate/database/Connection.php(955): Illuminate/Database/Connection->tryAgainIfCausedByLostConnection(Object(Illuminate/Database/QueryException), 'select * from `...', Array, Object(Closure))
#2 C:/xampp/htdocs/be-fms/api/vendor/illuminate/database/Connection.php(778): Illuminate/Database/Connection->handleQueryException(Object(Illuminate/Database/QueryException), 'select * from `...', Array, Object(Closure))
#3 C:/xampp/htdocs/be-fms/api/vendor/illuminate/database/Connection.php(407): Illuminate/Database/Connection->run('select * from `...', Array, Object(Closure))
#4 C:/xampp/htdocs/be-fms/api/vendor/illuminate/database/Query/Builder.php(2751): Illuminate/Database/Connection->select('select * from `...', Array, true)
#5 C:/xampp/htdocs/be-fms/api/vendor/illuminate/database/Query/Builder.php(2740): Illuminate/Database/Query/Builder->runSelect()
#6 C:/xampp/htdocs/be-fms/api/vendor/illuminate/database/Query/Builder.php(3294): Illuminate/Database/Query/Builder->Illuminate/Database/Query/{closure}()
#7 C:/xampp/htdocs/be-fms/api/vendor/illuminate/database/Query/Builder.php(2739): Illuminate/Database/Query/Builder->onceWithColumns(Array, Object(Closure))
#8 C:/xampp/htdocs/be-fms/api/vendor/illuminate/database/Eloquent/Builder.php(737): Illuminate/Database/Query/Builder->get(Array)
#9 C:/xampp/htdocs/be-fms/api/vendor/illuminate/database/Eloquent/Builder.php(721): Illuminate/Database/Eloquent/Builder->getModels(Array)
#10 C:/xampp/htdocs/be-fms/api/vendor/illuminate/database/Concerns/BuildsQueries.php(333): Illuminate/Database/Eloquent/Builder->get(Array)
#11 C:/xampp/htdocs/be-fms/api/app/Http/Middleware/Authenticate.php(59): Illuminate/Database/Eloquent/Builder->first()
#12 C:/xampp/htdocs/be-fms/api/vendor/illuminate/pipeline/Pipeline.php(183): App/Http/Middleware/Authenticate->handle(Object(Laravel/Lumen/Http/Request), Object(Closure))
#13 C:/xampp/htdocs/be-fms/api/vendor/laravel/lumen-framework/src/Routing/Pipeline.php(30): Illuminate/Pipeline/Pipeline->Illuminate/Pipeline/{closure}(Object(Laravel/Lumen/Http/Request))
#14 C:/xampp/htdocs/be-fms/api/vendor/illuminate/pipeline/Pipeline.php(119): Laravel/Lumen/Routing/Pipeline->Laravel/Lumen/Routing/{closure}(Object(Laravel/Lumen/Http/Request))
#15 C:/xampp/htdocs/be-fms/api/vendor/laravel/lumen-framework/src/Concerns/RoutesRequests.php(428): Illuminate/Pipeline/Pipeline->then(Object(Closure))
#16 C:/xampp/htdocs/be-fms/api/vendor/laravel/lumen-framework/src/Concerns/RoutesRequests.php(263): Laravel/Lumen/Application->sendThroughPipeline(Array, Object(Closure))
#17 C:/xampp/htdocs/be-fms/api/vendor/laravel/lumen-framework/src/Concerns/RoutesRequests.php(239): Laravel/Lumen/Application->handleFoundRoute(Array)
#18 C:/xampp/htdocs/be-fms/api/vendor/laravel/lumen-framework/src/Concerns/RoutesRequests.php(174): Laravel/Lumen/Application->handleDispatcherResponse(Array)
#19 C:/xampp/htdocs/be-fms/api/vendor/laravel/lumen-framework/src/Concerns/RoutesRequests.php(431): Laravel/Lumen/Application->Laravel/Lumen/Concerns/{closure}(Object(Laravel/Lumen/Http/Request))
#20 C:/xampp/htdocs/be-fms/api/vendor/laravel/lumen-framework/src/Concerns/RoutesRequests.php(167): Laravel/Lumen/Application->sendThroughPipeline(Array, Object(Closure))
#21 C:/xampp/htdocs/be-fms/api/vendor/laravel/lumen-framework/src/Concerns/RoutesRequests.php(112): Laravel/Lumen/Application->dispatch(NULL)
#22 C:/xampp/htdocs/be-fms/api/public/index.php(28): Laravel/Lumen/Application->run()
#23 {main}

[previous exception] [object] (PDOException(code: 2002): SQLSTATE[HY000] [2002] No connection could be made because the target machine actively refused it at C:/xampp/htdocs/be-fms/api/vendor/illuminate/database/Connectors/Connector.php:65)
[stacktrace]
#0 C:/xampp/htdocs/be-fms/api/vendor/illuminate/database/Connectors/Connector.php(65): PDO->__construct('mysql:host=127....', 'root', Object(SensitiveParameterValue), Array)
#1 C:/xampp/htdocs/be-fms/api/vendor/illuminate/database/Connectors/Connector.php(83): Illuminate/Database/Connectors/Connector->createPdoConnection('mysql:host=127....', 'root', '', Array)
#2 C:/xampp/htdocs/be-fms/api/vendor/illuminate/database/Connectors/Connector.php(48): Illuminate/Database/Connectors/Connector->tryAgainIfCausedByLostConnection(Object(PDOException), 'mysql:host=127....', 'root', '', Array)
#3 C:/xampp/htdocs/be-fms/api/vendor/illuminate/database/Connectors/MySqlConnector.php(24): Illuminate/Database/Connectors/Connector->createConnection('mysql:host=127....', Array, Array)
#4 C:/xampp/htdocs/be-fms/api/vendor/illuminate/database/Connectors/ConnectionFactory.php(184): Illuminate/Database/Connectors/MySqlConnector->connect(Array)
#5 [internal function]: Illuminate/Database/Connectors/ConnectionFactory->Illuminate/Database/Connectors/{closure}()
#6 C:/xampp/htdocs/be-fms/api/vendor/illuminate/database/Connection.php(1319): call_user_func(Object(Closure))
#7 C:/xampp/htdocs/be-fms/api/vendor/illuminate/database/Connection.php(1355): Illuminate/Database/Connection->getPdo()
#8 C:/xampp/htdocs/be-fms/api/vendor/illuminate/database/Connection.php(521): Illuminate/Database/Connection->getReadPdo()
#9 C:/xampp/htdocs/be-fms/api/vendor/illuminate/database/Connection.php(416): Illuminate/Database/Connection->getPdoForSelect(true)
#10 C:/xampp/htdocs/be-fms/api/vendor/illuminate/database/Connection.php(809): Illuminate/Database/Connection->Illuminate/Database/{closure}('select * from `...', Array)
#11 C:/xampp/htdocs/be-fms/api/vendor/illuminate/database/Connection.php(976): Illuminate/Database/Connection->runQueryCallback('select * from `...', Array, Object(Closure))
#12 C:/xampp/htdocs/be-fms/api/vendor/illuminate/database/Connection.php(955): Illuminate/Database/Connection->tryAgainIfCausedByLostConnection(Object(Illuminate/Database/QueryException), 'select * from `...', Array, Object(Closure))
#13 C:/xampp/htdocs/be-fms/api/vendor/illuminate/database/Connection.php(778): Illuminate/Database/Connection->handleQueryException(Object(Illuminate/Database/QueryException), 'select * from `...', Array, Object(Closure))
#14 C:/xampp/htdocs/be-fms/api/vendor/illuminate/database/Connection.php(407): Illuminate/Database/Connection->run('select * from `...', Array, Object(Closure))
#15 C:/xampp/htdocs/be-fms/api/vendor/illuminate/database/Query/Builder.php(2751): Illuminate/Database/Connection->select('select * from `...', Array, true)
#16 C:/xampp/htdocs/be-fms/api/vendor/illuminate/database/Query/Builder.php(2740): Illuminate/Database/Query/Builder->runSelect()
#17 C:/xampp/htdocs/be-fms/api/vendor/illuminate/database/Query/Builder.php(3294): Illuminate/Database/Query/Builder->Illuminate/Database/Query/{closure}()
#18 C:/xampp/htdocs/be-fms/api/vendor/illuminate/database/Query/Builder.php(2739): Illuminate/Database/Query/Builder->onceWithColumns(Array, Object(Closure))
#19 C:/xampp/htdocs/be-fms/api/vendor/illuminate/database/Eloquent/Builder.php(737): Illuminate/Database/Query/Builder->get(Array)
#20 C:/xampp/htdocs/be-fms/api/vendor/illuminate/database/Eloquent/Builder.php(721): Illuminate/Database/Eloquent/Builder->getModels(Array)
#21 C:/xampp/htdocs/be-fms/api/vendor/illuminate/database/Concerns/BuildsQueries.php(333): Illuminate/Database/Eloquent/Builder->get(Array)
#22 C:/xampp/htdocs/be-fms/api/app/Http/Middleware/Authenticate.php(59): Illuminate/Database/Eloquent/Builder->first()
#23 C:/xampp/htdocs/be-fms/api/vendor/illuminate/pipeline/Pipeline.php(183): App/Http/Middleware/Authenticate->handle(Object(Laravel/Lumen/Http/Request), Object(Closure))
#24 C:/xampp/htdocs/be-fms/api/vendor/laravel/lumen-framework/src/Routing/Pipeline.php(30): Illuminate/Pipeline/Pipeline->Illuminate/Pipeline/{closure}(Object(Laravel/Lumen/Http/Request))
#25 C:/xampp/htdocs/be-fms/api/vendor/illuminate/pipeline/Pipeline.php(119): Laravel/Lumen/Routing/Pipeline->Laravel/Lumen/Routing/{closure}(Object(Laravel/Lumen/Http/Request))
#26 C:/xampp/htdocs/be-fms/api/vendor/laravel/lumen-framework/src/Concerns/RoutesRequests.php(428): Illuminate/Pipeline/Pipeline->then(Object(Closure))
#27 C:/xampp/htdocs/be-fms/api/vendor/laravel/lumen-framework/src/Concerns/RoutesRequests.php(263): Laravel/Lumen/Application->sendThroughPipeline(Array, Object(Closure))
#28 C:/xampp/htdocs/be-fms/api/vendor/laravel/lumen-framework/src/Concerns/RoutesRequests.php(239): Laravel/Lumen/Application->handleFoundRoute(Array)
#29 C:/xampp/htdocs/be-fms/api/vendor/laravel/lumen-framework/src/Concerns/RoutesRequests.php(174): Laravel/Lumen/Application->handleDispatcherResponse(Array)
#30 C:/xampp/htdocs/be-fms/api/vendor/laravel/lumen-framework/src/Concerns/RoutesRequests.php(431): Laravel/Lumen/Application->Laravel/Lumen/Concerns/{closure}(Object(Laravel/Lumen/Http/Request))
#31 C:/xampp/htdocs/be-fms/api/vendor/laravel/lumen-framework/src/Concerns/RoutesRequests.php(167): Laravel/Lumen/Application->sendThroughPipeline(Array, Object(Closure))
#32 C:/xampp/htdocs/be-fms/api/vendor/laravel/lumen-framework/src/Concerns/RoutesRequests.php(112): Laravel/Lumen/Application->dispatch(NULL)
#33 C:/xampp/htdocs/be-fms/api/public/index.php(28): Laravel/Lumen/Application->run()
#34 {main}
"} 
[2026-02-28 08:48:21] local.ERROR: SQLSTATE[HY000] [2002] No connection could be made because the target machine actively refused it (Connection: mysql, SQL: select * from `UserLogin` where `ApiKey` = MTBaMW9ldWsyMmNzUWxkMHdCUGNZa3ZsWnZEcndjUW12ZVBxR3NkbQ== limit 1) {"exception":"[object] (Illuminate\\Database\\QueryException(code: 2002): SQLSTATE[HY000] [2002] No connection could be made because the target machine actively refused it (Connection: mysql, SQL: select * from `UserLogin` where `ApiKey` = MTBaMW9ldWsyMmNzUWxkMHdCUGNZa3ZsWnZEcndjUW12ZVBxR3NkbQ== limit 1) at C:/xampp/htdocs/be-fms/api/vendor/illuminate/database/Connection.php:822)
[stacktrace]
#0 C:/xampp/htdocs/be-fms/api/vendor/illuminate/database/Connection.php(976): Illuminate/Database/Connection->runQueryCallback('select * from `...', Array, Object(Closure))
#1 C:/xampp/htdocs/be-fms/api/vendor/illuminate/database/Connection.php(955): Illuminate/Database/Connection->tryAgainIfCausedByLostConnection(Object(Illuminate/Database/QueryException), 'select * from `...', Array, Object(Closure))
#2 C:/xampp/htdocs/be-fms/api/vendor/illuminate/database/Connection.php(778): Illuminate/Database/Connection->handleQueryException(Object(Illuminate/Database/QueryException), 'select * from `...', Array, Object(Closure))
#3 C:/xampp/htdocs/be-fms/api/vendor/illuminate/database/Connection.php(407): Illuminate/Database/Connection->run('select * from `...', Array, Object(Closure))
#4 C:/xampp/htdocs/be-fms/api/vendor/illuminate/database/Query/Builder.php(2751): Illuminate/Database/Connection->select('select * from `...', Array, true)
#5 C:/xampp/htdocs/be-fms/api/vendor/illuminate/database/Query/Builder.php(2740): Illuminate/Database/Query/Builder->runSelect()
#6 C:/xampp/htdocs/be-fms/api/vendor/illuminate/database/Query/Builder.php(3294): Illuminate/Database/Query/Builder->Illuminate/Database/Query/{closure}()
#7 C:/xampp/htdocs/be-fms/api/vendor/illuminate/database/Query/Builder.php(2739): Illuminate/Database/Query/Builder->onceWithColumns(Array, Object(Closure))
#8 C:/xampp/htdocs/be-fms/api/vendor/illuminate/database/Eloquent/Builder.php(737): Illuminate/Database/Query/Builder->get(Array)
#9 C:/xampp/htdocs/be-fms/api/vendor/illuminate/database/Eloquent/Builder.php(721): Illuminate/Database/Eloquent/Builder->getModels(Array)
#10 C:/xampp/htdocs/be-fms/api/vendor/illuminate/database/Concerns/BuildsQueries.php(333): Illuminate/Database/Eloquent/Builder->get(Array)
#11 C:/xampp/htdocs/be-fms/api/app/Http/Middleware/Authenticate.php(59): Illuminate/Database/Eloquent/Builder->first()
#12 C:/xampp/htdocs/be-fms/api/vendor/illuminate/pipeline/Pipeline.php(183): App/Http/Middleware/Authenticate->handle(Object(Laravel/Lumen/Http/Request), Object(Closure))
#13 C:/xampp/htdocs/be-fms/api/vendor/laravel/lumen-framework/src/Routing/Pipeline.php(30): Illuminate/Pipeline/Pipeline->Illuminate/Pipeline/{closure}(Object(Laravel/Lumen/Http/Request))
#14 C:/xampp/htdocs/be-fms/api/vendor/illuminate/pipeline/Pipeline.php(119): Laravel/Lumen/Routing/Pipeline->Laravel/Lumen/Routing/{closure}(Object(Laravel/Lumen/Http/Request))
#15 C:/xampp/htdocs/be-fms/api/vendor/laravel/lumen-framework/src/Concerns/RoutesRequests.php(428): Illuminate/Pipeline/Pipeline->then(Object(Closure))
#16 C:/xampp/htdocs/be-fms/api/vendor/laravel/lumen-framework/src/Concerns/RoutesRequests.php(263): Laravel/Lumen/Application->sendThroughPipeline(Array, Object(Closure))
#17 C:/xampp/htdocs/be-fms/api/vendor/laravel/lumen-framework/src/Concerns/RoutesRequests.php(239): Laravel/Lumen/Application->handleFoundRoute(Array)
#18 C:/xampp/htdocs/be-fms/api/vendor/laravel/lumen-framework/src/Concerns/RoutesRequests.php(174): Laravel/Lumen/Application->handleDispatcherResponse(Array)
#19 C:/xampp/htdocs/be-fms/api/vendor/laravel/lumen-framework/src/Concerns/RoutesRequests.php(431): Laravel/Lumen/Application->Laravel/Lumen/Concerns/{closure}(Object(Laravel/Lumen/Http/Request))
#20 C:/xampp/htdocs/be-fms/api/vendor/laravel/lumen-framework/src/Concerns/RoutesRequests.php(167): Laravel/Lumen/Application->sendThroughPipeline(Array, Object(Closure))
#21 C:/xampp/htdocs/be-fms/api/vendor/laravel/lumen-framework/src/Concerns/RoutesRequests.php(112): Laravel/Lumen/Application->dispatch(NULL)
#22 C:/xampp/htdocs/be-fms/api/public/index.php(28): Laravel/Lumen/Application->run()
#23 {main}

[previous exception] [object] (PDOException(code: 2002): SQLSTATE[HY000] [2002] No connection could be made because the target machine actively refused it at C:/xampp/htdocs/be-fms/api/vendor/illuminate/database/Connectors/Connector.php:65)
[stacktrace]
#0 C:/xampp/htdocs/be-fms/api/vendor/illuminate/database/Connectors/Connector.php(65): PDO->__construct('mysql:host=127....', 'root', Object(SensitiveParameterValue), Array)
#1 C:/xampp/htdocs/be-fms/api/vendor/illuminate/database/Connectors/Connector.php(83): Illuminate/Database/Connectors/Connector->createPdoConnection('mysql:host=127....', 'root', '', Array)
#2 C:/xampp/htdocs/be-fms/api/vendor/illuminate/database/Connectors/Connector.php(48): Illuminate/Database/Connectors/Connector->tryAgainIfCausedByLostConnection(Object(PDOException), 'mysql:host=127....', 'root', '', Array)
#3 C:/xampp/htdocs/be-fms/api/vendor/illuminate/database/Connectors/MySqlConnector.php(24): Illuminate/Database/Connectors/Connector->createConnection('mysql:host=127....', Array, Array)
#4 C:/xampp/htdocs/be-fms/api/vendor/illuminate/database/Connectors/ConnectionFactory.php(184): Illuminate/Database/Connectors/MySqlConnector->connect(Array)
#5 [internal function]: Illuminate/Database/Connectors/ConnectionFactory->Illuminate/Database/Connectors/{closure}()
#6 C:/xampp/htdocs/be-fms/api/vendor/illuminate/database/Connection.php(1319): call_user_func(Object(Closure))
#7 C:/xampp/htdocs/be-fms/api/vendor/illuminate/database/Connection.php(1355): Illuminate/Database/Connection->getPdo()
#8 C:/xampp/htdocs/be-fms/api/vendor/illuminate/database/Connection.php(521): Illuminate/Database/Connection->getReadPdo()
#9 C:/xampp/htdocs/be-fms/api/vendor/illuminate/database/Connection.php(416): Illuminate/Database/Connection->getPdoForSelect(true)
#10 C:/xampp/htdocs/be-fms/api/vendor/illuminate/database/Connection.php(809): Illuminate/Database/Connection->Illuminate/Database/{closure}('select * from `...', Array)
#11 C:/xampp/htdocs/be-fms/api/vendor/illuminate/database/Connection.php(976): Illuminate/Database/Connection->runQueryCallback('select * from `...', Array, Object(Closure))
#12 C:/xampp/htdocs/be-fms/api/vendor/illuminate/database/Connection.php(955): Illuminate/Database/Connection->tryAgainIfCausedByLostConnection(Object(Illuminate/Database/QueryException), 'select * from `...', Array, Object(Closure))
#13 C:/xampp/htdocs/be-fms/api/vendor/illuminate/database/Connection.php(778): Illuminate/Database/Connection->handleQueryException(Object(Illuminate/Database/QueryException), 'select * from `...', Array, Object(Closure))
#14 C:/xampp/htdocs/be-fms/api/vendor/illuminate/database/Connection.php(407): Illuminate/Database/Connection->run('select * from `...', Array, Object(Closure))
#15 C:/xampp/htdocs/be-fms/api/vendor/illuminate/database/Query/Builder.php(2751): Illuminate/Database/Connection->select('select * from `...', Array, true)
#16 C:/xampp/htdocs/be-fms/api/vendor/illuminate/database/Query/Builder.php(2740): Illuminate/Database/Query/Builder->runSelect()
#17 C:/xampp/htdocs/be-fms/api/vendor/illuminate/database/Query/Builder.php(3294): Illuminate/Database/Query/Builder->Illuminate/Database/Query/{closure}()
#18 C:/xampp/htdocs/be-fms/api/vendor/illuminate/database/Query/Builder.php(2739): Illuminate/Database/Query/Builder->onceWithColumns(Array, Object(Closure))
#19 C:/xampp/htdocs/be-fms/api/vendor/illuminate/database/Eloquent/Builder.php(737): Illuminate/Database/Query/Builder->get(Array)
#20 C:/xampp/htdocs/be-fms/api/vendor/illuminate/database/Eloquent/Builder.php(721): Illuminate/Database/Eloquent/Builder->getModels(Array)
#21 C:/xampp/htdocs/be-fms/api/vendor/illuminate/database/Concerns/BuildsQueries.php(333): Illuminate/Database/Eloquent/Builder->get(Array)
#22 C:/xampp/htdocs/be-fms/api/app/Http/Middleware/Authenticate.php(59): Illuminate/Database/Eloquent/Builder->first()
#23 C:/xampp/htdocs/be-fms/api/vendor/illuminate/pipeline/Pipeline.php(183): App/Http/Middleware/Authenticate->handle(Object(Laravel/Lumen/Http/Request), Object(Closure))
#24 C:/xampp/htdocs/be-fms/api/vendor/laravel/lumen-framework/src/Routing/Pipeline.php(30): Illuminate/Pipeline/Pipeline->Illuminate/Pipeline/{closure}(Object(Laravel/Lumen/Http/Request))
#25 C:/xampp/htdocs/be-fms/api/vendor/illuminate/pipeline/Pipeline.php(119): Laravel/Lumen/Routing/Pipeline->Laravel/Lumen/Routing/{closure}(Object(Laravel/Lumen/Http/Request))
#26 C:/xampp/htdocs/be-fms/api/vendor/laravel/lumen-framework/src/Concerns/RoutesRequests.php(428): Illuminate/Pipeline/Pipeline->then(Object(Closure))
#27 C:/xampp/htdocs/be-fms/api/vendor/laravel/lumen-framework/src/Concerns/RoutesRequests.php(263): Laravel/Lumen/Application->sendThroughPipeline(Array, Object(Closure))
#28 C:/xampp/htdocs/be-fms/api/vendor/laravel/lumen-framework/src/Concerns/RoutesRequests.php(239): Laravel/Lumen/Application->handleFoundRoute(Array)
#29 C:/xampp/htdocs/be-fms/api/vendor/laravel/lumen-framework/src/Concerns/RoutesRequests.php(174): Laravel/Lumen/Application->handleDispatcherResponse(Array)
#30 C:/xampp/htdocs/be-fms/api/vendor/laravel/lumen-framework/src/Concerns/RoutesRequests.php(431): Laravel/Lumen/Application->Laravel/Lumen/Concerns/{closure}(Object(Laravel/Lumen/Http/Request))
#31 C:/xampp/htdocs/be-fms/api/vendor/laravel/lumen-framework/src/Concerns/RoutesRequests.php(167): Laravel/Lumen/Application->sendThroughPipeline(Array, Object(Closure))
#32 C:/xampp/htdocs/be-fms/api/vendor/laravel/lumen-framework/src/Concerns/RoutesRequests.php(112): Laravel/Lumen/Application->dispatch(NULL)
#33 C:/xampp/htdocs/be-fms/api/public/index.php(28): Laravel/Lumen/Application->run()
#34 {main}
"} 
[2026-02-28 08:48:30] local.ERROR: SQLSTATE[HY000] [2002] No connection could be made because the target machine actively refused it (Connection: mysql, SQL: select * from `UserLogin` where `ApiKey` = MTBaMW9ldWsyMmNzUWxkMHdCUGNZa3ZsWnZEcndjUW12ZVBxR3NkbQ== limit 1) {"exception":"[object] (Illuminate\\Database\\QueryException(code: 2002): SQLSTATE[HY000] [2002] No connection could be made because the target machine actively refused it (Connection: mysql, SQL: select * from `UserLogin` where `ApiKey` = MTBaMW9ldWsyMmNzUWxkMHdCUGNZa3ZsWnZEcndjUW12ZVBxR3NkbQ== limit 1) at C:/xampp/htdocs/be-fms/api/vendor/illuminate/database/Connection.php:822)
[stacktrace]
#0 C:/xampp/htdocs/be-fms/api/vendor/illuminate/database/Connection.php(976): Illuminate/Database/Connection->runQueryCallback('select * from `...', Array, Object(Closure))
#1 C:/xampp/htdocs/be-fms/api/vendor/illuminate/database/Connection.php(955): Illuminate/Database/Connection->tryAgainIfCausedByLostConnection(Object(Illuminate/Database/QueryException), 'select * from `...', Array, Object(Closure))
#2 C:/xampp/htdocs/be-fms/api/vendor/illuminate/database/Connection.php(778): Illuminate/Database/Connection->handleQueryException(Object(Illuminate/Database/QueryException), 'select * from `...', Array, Object(Closure))
#3 C:/xampp/htdocs/be-fms/api/vendor/illuminate/database/Connection.php(407): Illuminate/Database/Connection->run('select * from `...', Array, Object(Closure))
#4 C:/xampp/htdocs/be-fms/api/vendor/illuminate/database/Query/Builder.php(2751): Illuminate/Database/Connection->select('select * from `...', Array, true)
#5 C:/xampp/htdocs/be-fms/api/vendor/illuminate/database/Query/Builder.php(2740): Illuminate/Database/Query/Builder->runSelect()
#6 C:/xampp/htdocs/be-fms/api/vendor/illuminate/database/Query/Builder.php(3294): Illuminate/Database/Query/Builder->Illuminate/Database/Query/{closure}()
#7 C:/xampp/htdocs/be-fms/api/vendor/illuminate/database/Query/Builder.php(2739): Illuminate/Database/Query/Builder->onceWithColumns(Array, Object(Closure))
#8 C:/xampp/htdocs/be-fms/api/vendor/illuminate/database/Eloquent/Builder.php(737): Illuminate/Database/Query/Builder->get(Array)
#9 C:/xampp/htdocs/be-fms/api/vendor/illuminate/database/Eloquent/Builder.php(721): Illuminate/Database/Eloquent/Builder->getModels(Array)
#10 C:/xampp/htdocs/be-fms/api/vendor/illuminate/database/Concerns/BuildsQueries.php(333): Illuminate/Database/Eloquent/Builder->get(Array)
#11 C:/xampp/htdocs/be-fms/api/app/Http/Middleware/Authenticate.php(59): Illuminate/Database/Eloquent/Builder->first()
#12 C:/xampp/htdocs/be-fms/api/vendor/illuminate/pipeline/Pipeline.php(183): App/Http/Middleware/Authenticate->handle(Object(Laravel/Lumen/Http/Request), Object(Closure))
#13 C:/xampp/htdocs/be-fms/api/vendor/laravel/lumen-framework/src/Routing/Pipeline.php(30): Illuminate/Pipeline/Pipeline->Illuminate/Pipeline/{closure}(Object(Laravel/Lumen/Http/Request))
#14 C:/xampp/htdocs/be-fms/api/vendor/illuminate/pipeline/Pipeline.php(119): Laravel/Lumen/Routing/Pipeline->Laravel/Lumen/Routing/{closure}(Object(Laravel/Lumen/Http/Request))
#15 C:/xampp/htdocs/be-fms/api/vendor/laravel/lumen-framework/src/Concerns/RoutesRequests.php(428): Illuminate/Pipeline/Pipeline->then(Object(Closure))
#16 C:/xampp/htdocs/be-fms/api/vendor/laravel/lumen-framework/src/Concerns/RoutesRequests.php(263): Laravel/Lumen/Application->sendThroughPipeline(Array, Object(Closure))
#17 C:/xampp/htdocs/be-fms/api/vendor/laravel/lumen-framework/src/Concerns/RoutesRequests.php(239): Laravel/Lumen/Application->handleFoundRoute(Array)
#18 C:/xampp/htdocs/be-fms/api/vendor/laravel/lumen-framework/src/Concerns/RoutesRequests.php(174): Laravel/Lumen/Application->handleDispatcherResponse(Array)
#19 C:/xampp/htdocs/be-fms/api/vendor/laravel/lumen-framework/src/Concerns/RoutesRequests.php(431): Laravel/Lumen/Application->Laravel/Lumen/Concerns/{closure}(Object(Laravel/Lumen/Http/Request))
#20 C:/xampp/htdocs/be-fms/api/vendor/laravel/lumen-framework/src/Concerns/RoutesRequests.php(167): Laravel/Lumen/Application->sendThroughPipeline(Array, Object(Closure))
#21 C:/xampp/htdocs/be-fms/api/vendor/laravel/lumen-framework/src/Concerns/RoutesRequests.php(112): Laravel/Lumen/Application->dispatch(NULL)
#22 C:/xampp/htdocs/be-fms/api/public/index.php(28): Laravel/Lumen/Application->run()
#23 {main}

[previous exception] [object] (PDOException(code: 2002): SQLSTATE[HY000] [2002] No connection could be made because the target machine actively refused it at C:/xampp/htdocs/be-fms/api/vendor/illuminate/database/Connectors/Connector.php:65)
[stacktrace]
#0 C:/xampp/htdocs/be-fms/api/vendor/illuminate/database/Connectors/Connector.php(65): PDO->__construct('mysql:host=127....', 'root', Object(SensitiveParameterValue), Array)
#1 C:/xampp/htdocs/be-fms/api/vendor/illuminate/database/Connectors/Connector.php(83): Illuminate/Database/Connectors/Connector->createPdoConnection('mysql:host=127....', 'root', '', Array)
#2 C:/xampp/htdocs/be-fms/api/vendor/illuminate/database/Connectors/Connector.php(48): Illuminate/Database/Connectors/Connector->tryAgainIfCausedByLostConnection(Object(PDOException), 'mysql:host=127....', 'root', '', Array)
#3 C:/xampp/htdocs/be-fms/api/vendor/illuminate/database/Connectors/MySqlConnector.php(24): Illuminate/Database/Connectors/Connector->createConnection('mysql:host=127....', Array, Array)
#4 C:/xampp/htdocs/be-fms/api/vendor/illuminate/database/Connectors/ConnectionFactory.php(184): Illuminate/Database/Connectors/MySqlConnector->connect(Array)
#5 [internal function]: Illuminate/Database/Connectors/ConnectionFactory->Illuminate/Database/Connectors/{closure}()
#6 C:/xampp/htdocs/be-fms/api/vendor/illuminate/database/Connection.php(1319): call_user_func(Object(Closure))
#7 C:/xampp/htdocs/be-fms/api/vendor/illuminate/database/Connection.php(1355): Illuminate/Database/Connection->getPdo()
#8 C:/xampp/htdocs/be-fms/api/vendor/illuminate/database/Connection.php(521): Illuminate/Database/Connection->getReadPdo()
#9 C:/xampp/htdocs/be-fms/api/vendor/illuminate/database/Connection.php(416): Illuminate/Database/Connection->getPdoForSelect(true)
#10 C:/xampp/htdocs/be-fms/api/vendor/illuminate/database/Connection.php(809): Illuminate/Database/Connection->Illuminate/Database/{closure}('select * from `...', Array)
#11 C:/xampp/htdocs/be-fms/api/vendor/illuminate/database/Connection.php(976): Illuminate/Database/Connection->runQueryCallback('select * from `...', Array, Object(Closure))
#12 C:/xampp/htdocs/be-fms/api/vendor/illuminate/database/Connection.php(955): Illuminate/Database/Connection->tryAgainIfCausedByLostConnection(Object(Illuminate/Database/QueryException), 'select * from `...', Array, Object(Closure))
#13 C:/xampp/htdocs/be-fms/api/vendor/illuminate/database/Connection.php(778): Illuminate/Database/Connection->handleQueryException(Object(Illuminate/Database/QueryException), 'select * from `...', Array, Object(Closure))
#14 C:/xampp/htdocs/be-fms/api/vendor/illuminate/database/Connection.php(407): Illuminate/Database/Connection->run('select * from `...', Array, Object(Closure))
#15 C:/xampp/htdocs/be-fms/api/vendor/illuminate/database/Query/Builder.php(2751): Illuminate/Database/Connection->select('select * from `...', Array, true)
#16 C:/xampp/htdocs/be-fms/api/vendor/illuminate/database/Query/Builder.php(2740): Illuminate/Database/Query/Builder->runSelect()
#17 C:/xampp/htdocs/be-fms/api/vendor/illuminate/database/Query/Builder.php(3294): Illuminate/Database/Query/Builder->Illuminate/Database/Query/{closure}()
#18 C:/xampp/htdocs/be-fms/api/vendor/illuminate/database/Query/Builder.php(2739): Illuminate/Database/Query/Builder->onceWithColumns(Array, Object(Closure))
#19 C:/xampp/htdocs/be-fms/api/vendor/illuminate/database/Eloquent/Builder.php(737): Illuminate/Database/Query/Builder->get(Array)
#20 C:/xampp/htdocs/be-fms/api/vendor/illuminate/database/Eloquent/Builder.php(721): Illuminate/Database/Eloquent/Builder->getModels(Array)
#21 C:/xampp/htdocs/be-fms/api/vendor/illuminate/database/Concerns/BuildsQueries.php(333): Illuminate/Database/Eloquent/Builder->get(Array)
#22 C:/xampp/htdocs/be-fms/api/app/Http/Middleware/Authenticate.php(59): Illuminate/Database/Eloquent/Builder->first()
#23 C:/xampp/htdocs/be-fms/api/vendor/illuminate/pipeline/Pipeline.php(183): App/Http/Middleware/Authenticate->handle(Object(Laravel/Lumen/Http/Request), Object(Closure))
#24 C:/xampp/htdocs/be-fms/api/vendor/laravel/lumen-framework/src/Routing/Pipeline.php(30): Illuminate/Pipeline/Pipeline->Illuminate/Pipeline/{closure}(Object(Laravel/Lumen/Http/Request))
#25 C:/xampp/htdocs/be-fms/api/vendor/illuminate/pipeline/Pipeline.php(119): Laravel/Lumen/Routing/Pipeline->Laravel/Lumen/Routing/{closure}(Object(Laravel/Lumen/Http/Request))
#26 C:/xampp/htdocs/be-fms/api/vendor/laravel/lumen-framework/src/Concerns/RoutesRequests.php(428): Illuminate/Pipeline/Pipeline->then(Object(Closure))
#27 C:/xampp/htdocs/be-fms/api/vendor/laravel/lumen-framework/src/Concerns/RoutesRequests.php(263): Laravel/Lumen/Application->sendThroughPipeline(Array, Object(Closure))
#28 C:/xampp/htdocs/be-fms/api/vendor/laravel/lumen-framework/src/Concerns/RoutesRequests.php(239): Laravel/Lumen/Application->handleFoundRoute(Array)
#29 C:/xampp/htdocs/be-fms/api/vendor/laravel/lumen-framework/src/Concerns/RoutesRequests.php(174): Laravel/Lumen/Application->handleDispatcherResponse(Array)
#30 C:/xampp/htdocs/be-fms/api/vendor/laravel/lumen-framework/src/Concerns/RoutesRequests.php(431): Laravel/Lumen/Application->Laravel/Lumen/Concerns/{closure}(Object(Laravel/Lumen/Http/Request))
#31 C:/xampp/htdocs/be-fms/api/vendor/laravel/lumen-framework/src/Concerns/RoutesRequests.php(167): Laravel/Lumen/Application->sendThroughPipeline(Array, Object(Closure))
#32 C:/xampp/htdocs/be-fms/api/vendor/laravel/lumen-framework/src/Concerns/RoutesRequests.php(112): Laravel/Lumen/Application->dispatch(NULL)
#33 C:/xampp/htdocs/be-fms/api/public/index.php(28): Laravel/Lumen/Application->run()
#34 {main}
"} 
[2026-02-28 08:54:15] local.ERROR: SQLSTATE[HY000] [2002] No connection could be made because the target machine actively refused it (Connection: mysql, SQL: select * from `UserLogin` where `ApiKey` = MTBaMW9ldWsyMmNzUWxkMHdCUGNZa3ZsWnZEcndjUW12ZVBxR3NkbQ== limit 1) {"exception":"[object] (Illuminate\\Database\\QueryException(code: 2002): SQLSTATE[HY000] [2002] No connection could be made because the target machine actively refused it (Connection: mysql, SQL: select * from `UserLogin` where `ApiKey` = MTBaMW9ldWsyMmNzUWxkMHdCUGNZa3ZsWnZEcndjUW12ZVBxR3NkbQ== limit 1) at C:/xampp/htdocs/be-fms/api/vendor/illuminate/database/Connection.php:822)
[stacktrace]
#0 C:/xampp/htdocs/be-fms/api/vendor/illuminate/database/Connection.php(976): Illuminate/Database/Connection->runQueryCallback('select * from `...', Array, Object(Closure))
#1 C:/xampp/htdocs/be-fms/api/vendor/illuminate/database/Connection.php(955): Illuminate/Database/Connection->tryAgainIfCausedByLostConnection(Object(Illuminate/Database/QueryException), 'select * from `...', Array, Object(Closure))
#2 C:/xampp/htdocs/be-fms/api/vendor/illuminate/database/Connection.php(778): Illuminate/Database/Connection->handleQueryException(Object(Illuminate/Database/QueryException), 'select * from `...', Array, Object(Closure))
#3 C:/xampp/htdocs/be-fms/api/vendor/illuminate/database/Connection.php(407): Illuminate/Database/Connection->run('select * from `...', Array, Object(Closure))
#4 C:/xampp/htdocs/be-fms/api/vendor/illuminate/database/Query/Builder.php(2751): Illuminate/Database/Connection->select('select * from `...', Array, true)
#5 C:/xampp/htdocs/be-fms/api/vendor/illuminate/database/Query/Builder.php(2740): Illuminate/Database/Query/Builder->runSelect()
#6 C:/xampp/htdocs/be-fms/api/vendor/illuminate/database/Query/Builder.php(3294): Illuminate/Database/Query/Builder->Illuminate/Database/Query/{closure}()
#7 C:/xampp/htdocs/be-fms/api/vendor/illuminate/database/Query/Builder.php(2739): Illuminate/Database/Query/Builder->onceWithColumns(Array, Object(Closure))
#8 C:/xampp/htdocs/be-fms/api/vendor/illuminate/database/Eloquent/Builder.php(737): Illuminate/Database/Query/Builder->get(Array)
#9 C:/xampp/htdocs/be-fms/api/vendor/illuminate/database/Eloquent/Builder.php(721): Illuminate/Database/Eloquent/Builder->getModels(Array)
#10 C:/xampp/htdocs/be-fms/api/vendor/illuminate/database/Concerns/BuildsQueries.php(333): Illuminate/Database/Eloquent/Builder->get(Array)
#11 C:/xampp/htdocs/be-fms/api/app/Http/Middleware/Authenticate.php(59): Illuminate/Database/Eloquent/Builder->first()
#12 C:/xampp/htdocs/be-fms/api/vendor/illuminate/pipeline/Pipeline.php(183): App/Http/Middleware/Authenticate->handle(Object(Laravel/Lumen/Http/Request), Object(Closure))
#13 C:/xampp/htdocs/be-fms/api/vendor/laravel/lumen-framework/src/Routing/Pipeline.php(30): Illuminate/Pipeline/Pipeline->Illuminate/Pipeline/{closure}(Object(Laravel/Lumen/Http/Request))
#14 C:/xampp/htdocs/be-fms/api/vendor/illuminate/pipeline/Pipeline.php(119): Laravel/Lumen/Routing/Pipeline->Laravel/Lumen/Routing/{closure}(Object(Laravel/Lumen/Http/Request))
#15 C:/xampp/htdocs/be-fms/api/vendor/laravel/lumen-framework/src/Concerns/RoutesRequests.php(428): Illuminate/Pipeline/Pipeline->then(Object(Closure))
#16 C:/xampp/htdocs/be-fms/api/vendor/laravel/lumen-framework/src/Concerns/RoutesRequests.php(263): Laravel/Lumen/Application->sendThroughPipeline(Array, Object(Closure))
#17 C:/xampp/htdocs/be-fms/api/vendor/laravel/lumen-framework/src/Concerns/RoutesRequests.php(239): Laravel/Lumen/Application->handleFoundRoute(Array)
#18 C:/xampp/htdocs/be-fms/api/vendor/laravel/lumen-framework/src/Concerns/RoutesRequests.php(174): Laravel/Lumen/Application->handleDispatcherResponse(Array)
#19 C:/xampp/htdocs/be-fms/api/vendor/laravel/lumen-framework/src/Concerns/RoutesRequests.php(431): Laravel/Lumen/Application->Laravel/Lumen/Concerns/{closure}(Object(Laravel/Lumen/Http/Request))
#20 C:/xampp/htdocs/be-fms/api/vendor/laravel/lumen-framework/src/Concerns/RoutesRequests.php(167): Laravel/Lumen/Application->sendThroughPipeline(Array, Object(Closure))
#21 C:/xampp/htdocs/be-fms/api/vendor/laravel/lumen-framework/src/Concerns/RoutesRequests.php(112): Laravel/Lumen/Application->dispatch(NULL)
#22 C:/xampp/htdocs/be-fms/api/public/index.php(28): Laravel/Lumen/Application->run()
#23 {main}

[previous exception] [object] (PDOException(code: 2002): SQLSTATE[HY000] [2002] No connection could be made because the target machine actively refused it at C:/xampp/htdocs/be-fms/api/vendor/illuminate/database/Connectors/Connector.php:65)
[stacktrace]
#0 C:/xampp/htdocs/be-fms/api/vendor/illuminate/database/Connectors/Connector.php(65): PDO->__construct('mysql:host=127....', 'root', Object(SensitiveParameterValue), Array)
#1 C:/xampp/htdocs/be-fms/api/vendor/illuminate/database/Connectors/Connector.php(83): Illuminate/Database/Connectors/Connector->createPdoConnection('mysql:host=127....', 'root', '', Array)
#2 C:/xampp/htdocs/be-fms/api/vendor/illuminate/database/Connectors/Connector.php(48): Illuminate/Database/Connectors/Connector->tryAgainIfCausedByLostConnection(Object(PDOException), 'mysql:host=127....', 'root', '', Array)
#3 C:/xampp/htdocs/be-fms/api/vendor/illuminate/database/Connectors/MySqlConnector.php(24): Illuminate/Database/Connectors/Connector->createConnection('mysql:host=127....', Array, Array)
#4 C:/xampp/htdocs/be-fms/api/vendor/illuminate/database/Connectors/ConnectionFactory.php(184): Illuminate/Database/Connectors/MySqlConnector->connect(Array)
#5 [internal function]: Illuminate/Database/Connectors/ConnectionFactory->Illuminate/Database/Connectors/{closure}()
#6 C:/xampp/htdocs/be-fms/api/vendor/illuminate/database/Connection.php(1319): call_user_func(Object(Closure))
#7 C:/xampp/htdocs/be-fms/api/vendor/illuminate/database/Connection.php(1355): Illuminate/Database/Connection->getPdo()
#8 C:/xampp/htdocs/be-fms/api/vendor/illuminate/database/Connection.php(521): Illuminate/Database/Connection->getReadPdo()
#9 C:/xampp/htdocs/be-fms/api/vendor/illuminate/database/Connection.php(416): Illuminate/Database/Connection->getPdoForSelect(true)
#10 C:/xampp/htdocs/be-fms/api/vendor/illuminate/database/Connection.php(809): Illuminate/Database/Connection->Illuminate/Database/{closure}('select * from `...', Array)
#11 C:/xampp/htdocs/be-fms/api/vendor/illuminate/database/Connection.php(976): Illuminate/Database/Connection->runQueryCallback('select * from `...', Array, Object(Closure))
#12 C:/xampp/htdocs/be-fms/api/vendor/illuminate/database/Connection.php(955): Illuminate/Database/Connection->tryAgainIfCausedByLostConnection(Object(Illuminate/Database/QueryException), 'select * from `...', Array, Object(Closure))
#13 C:/xampp/htdocs/be-fms/api/vendor/illuminate/database/Connection.php(778): Illuminate/Database/Connection->handleQueryException(Object(Illuminate/Database/QueryException), 'select * from `...', Array, Object(Closure))
#14 C:/xampp/htdocs/be-fms/api/vendor/illuminate/database/Connection.php(407): Illuminate/Database/Connection->run('select * from `...', Array, Object(Closure))
#15 C:/xampp/htdocs/be-fms/api/vendor/illuminate/database/Query/Builder.php(2751): Illuminate/Database/Connection->select('select * from `...', Array, true)
#16 C:/xampp/htdocs/be-fms/api/vendor/illuminate/database/Query/Builder.php(2740): Illuminate/Database/Query/Builder->runSelect()
#17 C:/xampp/htdocs/be-fms/api/vendor/illuminate/database/Query/Builder.php(3294): Illuminate/Database/Query/Builder->Illuminate/Database/Query/{closure}()
#18 C:/xampp/htdocs/be-fms/api/vendor/illuminate/database/Query/Builder.php(2739): Illuminate/Database/Query/Builder->onceWithColumns(Array, Object(Closure))
#19 C:/xampp/htdocs/be-fms/api/vendor/illuminate/database/Eloquent/Builder.php(737): Illuminate/Database/Query/Builder->get(Array)
#20 C:/xampp/htdocs/be-fms/api/vendor/illuminate/database/Eloquent/Builder.php(721): Illuminate/Database/Eloquent/Builder->getModels(Array)
#21 C:/xampp/htdocs/be-fms/api/vendor/illuminate/database/Concerns/BuildsQueries.php(333): Illuminate/Database/Eloquent/Builder->get(Array)
#22 C:/xampp/htdocs/be-fms/api/app/Http/Middleware/Authenticate.php(59): Illuminate/Database/Eloquent/Builder->first()
#23 C:/xampp/htdocs/be-fms/api/vendor/illuminate/pipeline/Pipeline.php(183): App/Http/Middleware/Authenticate->handle(Object(Laravel/Lumen/Http/Request), Object(Closure))
#24 C:/xampp/htdocs/be-fms/api/vendor/laravel/lumen-framework/src/Routing/Pipeline.php(30): Illuminate/Pipeline/Pipeline->Illuminate/Pipeline/{closure}(Object(Laravel/Lumen/Http/Request))
#25 C:/xampp/htdocs/be-fms/api/vendor/illuminate/pipeline/Pipeline.php(119): Laravel/Lumen/Routing/Pipeline->Laravel/Lumen/Routing/{closure}(Object(Laravel/Lumen/Http/Request))
#26 C:/xampp/htdocs/be-fms/api/vendor/laravel/lumen-framework/src/Concerns/RoutesRequests.php(428): Illuminate/Pipeline/Pipeline->then(Object(Closure))
#27 C:/xampp/htdocs/be-fms/api/vendor/laravel/lumen-framework/src/Concerns/RoutesRequests.php(263): Laravel/Lumen/Application->sendThroughPipeline(Array, Object(Closure))
#28 C:/xampp/htdocs/be-fms/api/vendor/laravel/lumen-framework/src/Concerns/RoutesRequests.php(239): Laravel/Lumen/Application->handleFoundRoute(Array)
#29 C:/xampp/htdocs/be-fms/api/vendor/laravel/lumen-framework/src/Concerns/RoutesRequests.php(174): Laravel/Lumen/Application->handleDispatcherResponse(Array)
#30 C:/xampp/htdocs/be-fms/api/vendor/laravel/lumen-framework/src/Concerns/RoutesRequests.php(431): Laravel/Lumen/Application->Laravel/Lumen/Concerns/{closure}(Object(Laravel/Lumen/Http/Request))
#31 C:/xampp/htdocs/be-fms/api/vendor/laravel/lumen-framework/src/Concerns/RoutesRequests.php(167): Laravel/Lumen/Application->sendThroughPipeline(Array, Object(Closure))
#32 C:/xampp/htdocs/be-fms/api/vendor/laravel/lumen-framework/src/Concerns/RoutesRequests.php(112): Laravel/Lumen/Application->dispatch(NULL)
#33 C:/xampp/htdocs/be-fms/api/public/index.php(28): Laravel/Lumen/Application->run()
#34 {main}
"} 
[2026-02-28 08:54:23] local.ERROR: SQLSTATE[HY000] [2002] No connection could be made because the target machine actively refused it (Connection: mysql, SQL: select * from `UserLogin` where `ApiKey` = MTBaMW9ldWsyMmNzUWxkMHdCUGNZa3ZsWnZEcndjUW12ZVBxR3NkbQ== limit 1) {"exception":"[object] (Illuminate\\Database\\QueryException(code: 2002): SQLSTATE[HY000] [2002] No connection could be made because the target machine actively refused it (Connection: mysql, SQL: select * from `UserLogin` where `ApiKey` = MTBaMW9ldWsyMmNzUWxkMHdCUGNZa3ZsWnZEcndjUW12ZVBxR3NkbQ== limit 1) at C:/xampp/htdocs/be-fms/api/vendor/illuminate/database/Connection.php:822)
[stacktrace]
#0 C:/xampp/htdocs/be-fms/api/vendor/illuminate/database/Connection.php(976): Illuminate/Database/Connection->runQueryCallback('select * from `...', Array, Object(Closure))
#1 C:/xampp/htdocs/be-fms/api/vendor/illuminate/database/Connection.php(955): Illuminate/Database/Connection->tryAgainIfCausedByLostConnection(Object(Illuminate/Database/QueryException), 'select * from `...', Array, Object(Closure))
#2 C:/xampp/htdocs/be-fms/api/vendor/illuminate/database/Connection.php(778): Illuminate/Database/Connection->handleQueryException(Object(Illuminate/Database/QueryException), 'select * from `...', Array, Object(Closure))
#3 C:/xampp/htdocs/be-fms/api/vendor/illuminate/database/Connection.php(407): Illuminate/Database/Connection->run('select * from `...', Array, Object(Closure))
#4 C:/xampp/htdocs/be-fms/api/vendor/illuminate/database/Query/Builder.php(2751): Illuminate/Database/Connection->select('select * from `...', Array, true)
#5 C:/xampp/htdocs/be-fms/api/vendor/illuminate/database/Query/Builder.php(2740): Illuminate/Database/Query/Builder->runSelect()
#6 C:/xampp/htdocs/be-fms/api/vendor/illuminate/database/Query/Builder.php(3294): Illuminate/Database/Query/Builder->Illuminate/Database/Query/{closure}()
#7 C:/xampp/htdocs/be-fms/api/vendor/illuminate/database/Query/Builder.php(2739): Illuminate/Database/Query/Builder->onceWithColumns(Array, Object(Closure))
#8 C:/xampp/htdocs/be-fms/api/vendor/illuminate/database/Eloquent/Builder.php(737): Illuminate/Database/Query/Builder->get(Array)
#9 C:/xampp/htdocs/be-fms/api/vendor/illuminate/database/Eloquent/Builder.php(721): Illuminate/Database/Eloquent/Builder->getModels(Array)
#10 C:/xampp/htdocs/be-fms/api/vendor/illuminate/database/Concerns/BuildsQueries.php(333): Illuminate/Database/Eloquent/Builder->get(Array)
#11 C:/xampp/htdocs/be-fms/api/app/Http/Middleware/Authenticate.php(59): Illuminate/Database/Eloquent/Builder->first()
#12 C:/xampp/htdocs/be-fms/api/vendor/illuminate/pipeline/Pipeline.php(183): App/Http/Middleware/Authenticate->handle(Object(Laravel/Lumen/Http/Request), Object(Closure))
#13 C:/xampp/htdocs/be-fms/api/vendor/laravel/lumen-framework/src/Routing/Pipeline.php(30): Illuminate/Pipeline/Pipeline->Illuminate/Pipeline/{closure}(Object(Laravel/Lumen/Http/Request))
#14 C:/xampp/htdocs/be-fms/api/vendor/illuminate/pipeline/Pipeline.php(119): Laravel/Lumen/Routing/Pipeline->Laravel/Lumen/Routing/{closure}(Object(Laravel/Lumen/Http/Request))
#15 C:/xampp/htdocs/be-fms/api/vendor/laravel/lumen-framework/src/Concerns/RoutesRequests.php(428): Illuminate/Pipeline/Pipeline->then(Object(Closure))
#16 C:/xampp/htdocs/be-fms/api/vendor/laravel/lumen-framework/src/Concerns/RoutesRequests.php(263): Laravel/Lumen/Application->sendThroughPipeline(Array, Object(Closure))
#17 C:/xampp/htdocs/be-fms/api/vendor/laravel/lumen-framework/src/Concerns/RoutesRequests.php(239): Laravel/Lumen/Application->handleFoundRoute(Array)
#18 C:/xampp/htdocs/be-fms/api/vendor/laravel/lumen-framework/src/Concerns/RoutesRequests.php(174): Laravel/Lumen/Application->handleDispatcherResponse(Array)
#19 C:/xampp/htdocs/be-fms/api/vendor/laravel/lumen-framework/src/Concerns/RoutesRequests.php(431): Laravel/Lumen/Application->Laravel/Lumen/Concerns/{closure}(Object(Laravel/Lumen/Http/Request))
#20 C:/xampp/htdocs/be-fms/api/vendor/laravel/lumen-framework/src/Concerns/RoutesRequests.php(167): Laravel/Lumen/Application->sendThroughPipeline(Array, Object(Closure))
#21 C:/xampp/htdocs/be-fms/api/vendor/laravel/lumen-framework/src/Concerns/RoutesRequests.php(112): Laravel/Lumen/Application->dispatch(NULL)
#22 C:/xampp/htdocs/be-fms/api/public/index.php(28): Laravel/Lumen/Application->run()
#23 {main}

[previous exception] [object] (PDOException(code: 2002): SQLSTATE[HY000] [2002] No connection could be made because the target machine actively refused it at C:/xampp/htdocs/be-fms/api/vendor/illuminate/database/Connectors/Connector.php:65)
[stacktrace]
#0 C:/xampp/htdocs/be-fms/api/vendor/illuminate/database/Connectors/Connector.php(65): PDO->__construct('mysql:host=127....', 'root', Object(SensitiveParameterValue), Array)
#1 C:/xampp/htdocs/be-fms/api/vendor/illuminate/database/Connectors/Connector.php(83): Illuminate/Database/Connectors/Connector->createPdoConnection('mysql:host=127....', 'root', '', Array)
#2 C:/xampp/htdocs/be-fms/api/vendor/illuminate/database/Connectors/Connector.php(48): Illuminate/Database/Connectors/Connector->tryAgainIfCausedByLostConnection(Object(PDOException), 'mysql:host=127....', 'root', '', Array)
#3 C:/xampp/htdocs/be-fms/api/vendor/illuminate/database/Connectors/MySqlConnector.php(24): Illuminate/Database/Connectors/Connector->createConnection('mysql:host=127....', Array, Array)
#4 C:/xampp/htdocs/be-fms/api/vendor/illuminate/database/Connectors/ConnectionFactory.php(184): Illuminate/Database/Connectors/MySqlConnector->connect(Array)
#5 [internal function]: Illuminate/Database/Connectors/ConnectionFactory->Illuminate/Database/Connectors/{closure}()
#6 C:/xampp/htdocs/be-fms/api/vendor/illuminate/database/Connection.php(1319): call_user_func(Object(Closure))
#7 C:/xampp/htdocs/be-fms/api/vendor/illuminate/database/Connection.php(1355): Illuminate/Database/Connection->getPdo()
#8 C:/xampp/htdocs/be-fms/api/vendor/illuminate/database/Connection.php(521): Illuminate/Database/Connection->getReadPdo()
#9 C:/xampp/htdocs/be-fms/api/vendor/illuminate/database/Connection.php(416): Illuminate/Database/Connection->getPdoForSelect(true)
#10 C:/xampp/htdocs/be-fms/api/vendor/illuminate/database/Connection.php(809): Illuminate/Database/Connection->Illuminate/Database/{closure}('select * from `...', Array)
#11 C:/xampp/htdocs/be-fms/api/vendor/illuminate/database/Connection.php(976): Illuminate/Database/Connection->runQueryCallback('select * from `...', Array, Object(Closure))
#12 C:/xampp/htdocs/be-fms/api/vendor/illuminate/database/Connection.php(955): Illuminate/Database/Connection->tryAgainIfCausedByLostConnection(Object(Illuminate/Database/QueryException), 'select * from `...', Array, Object(Closure))
#13 C:/xampp/htdocs/be-fms/api/vendor/illuminate/database/Connection.php(778): Illuminate/Database/Connection->handleQueryException(Object(Illuminate/Database/QueryException), 'select * from `...', Array, Object(Closure))
#14 C:/xampp/htdocs/be-fms/api/vendor/illuminate/database/Connection.php(407): Illuminate/Database/Connection->run('select * from `...', Array, Object(Closure))
#15 C:/xampp/htdocs/be-fms/api/vendor/illuminate/database/Query/Builder.php(2751): Illuminate/Database/Connection->select('select * from `...', Array, true)
#16 C:/xampp/htdocs/be-fms/api/vendor/illuminate/database/Query/Builder.php(2740): Illuminate/Database/Query/Builder->runSelect()
#17 C:/xampp/htdocs/be-fms/api/vendor/illuminate/database/Query/Builder.php(3294): Illuminate/Database/Query/Builder->Illuminate/Database/Query/{closure}()
#18 C:/xampp/htdocs/be-fms/api/vendor/illuminate/database/Query/Builder.php(2739): Illuminate/Database/Query/Builder->onceWithColumns(Array, Object(Closure))
#19 C:/xampp/htdocs/be-fms/api/vendor/illuminate/database/Eloquent/Builder.php(737): Illuminate/Database/Query/Builder->get(Array)
#20 C:/xampp/htdocs/be-fms/api/vendor/illuminate/database/Eloquent/Builder.php(721): Illuminate/Database/Eloquent/Builder->getModels(Array)
#21 C:/xampp/htdocs/be-fms/api/vendor/illuminate/database/Concerns/BuildsQueries.php(333): Illuminate/Database/Eloquent/Builder->get(Array)
#22 C:/xampp/htdocs/be-fms/api/app/Http/Middleware/Authenticate.php(59): Illuminate/Database/Eloquent/Builder->first()
#23 C:/xampp/htdocs/be-fms/api/vendor/illuminate/pipeline/Pipeline.php(183): App/Http/Middleware/Authenticate->handle(Object(Laravel/Lumen/Http/Request), Object(Closure))
#24 C:/xampp/htdocs/be-fms/api/vendor/laravel/lumen-framework/src/Routing/Pipeline.php(30): Illuminate/Pipeline/Pipeline->Illuminate/Pipeline/{closure}(Object(Laravel/Lumen/Http/Request))
#25 C:/xampp/htdocs/be-fms/api/vendor/illuminate/pipeline/Pipeline.php(119): Laravel/Lumen/Routing/Pipeline->Laravel/Lumen/Routing/{closure}(Object(Laravel/Lumen/Http/Request))
#26 C:/xampp/htdocs/be-fms/api/vendor/laravel/lumen-framework/src/Concerns/RoutesRequests.php(428): Illuminate/Pipeline/Pipeline->then(Object(Closure))
#27 C:/xampp/htdocs/be-fms/api/vendor/laravel/lumen-framework/src/Concerns/RoutesRequests.php(263): Laravel/Lumen/Application->sendThroughPipeline(Array, Object(Closure))
#28 C:/xampp/htdocs/be-fms/api/vendor/laravel/lumen-framework/src/Concerns/RoutesRequests.php(239): Laravel/Lumen/Application->handleFoundRoute(Array)
#29 C:/xampp/htdocs/be-fms/api/vendor/laravel/lumen-framework/src/Concerns/RoutesRequests.php(174): Laravel/Lumen/Application->handleDispatcherResponse(Array)
#30 C:/xampp/htdocs/be-fms/api/vendor/laravel/lumen-framework/src/Concerns/RoutesRequests.php(431): Laravel/Lumen/Application->Laravel/Lumen/Concerns/{closure}(Object(Laravel/Lumen/Http/Request))
#31 C:/xampp/htdocs/be-fms/api/vendor/laravel/lumen-framework/src/Concerns/RoutesRequests.php(167): Laravel/Lumen/Application->sendThroughPipeline(Array, Object(Closure))
#32 C:/xampp/htdocs/be-fms/api/vendor/laravel/lumen-framework/src/Concerns/RoutesRequests.php(112): Laravel/Lumen/Application->dispatch(NULL)
#33 C:/xampp/htdocs/be-fms/api/public/index.php(28): Laravel/Lumen/Application->run()
#34 {main}
"} 
