[2026-02-04 06:43:24] local.ERROR: check_company_driver Error: SQLSTATE[HY000] [2002] No connection could be made because the target machine actively refused it.
 (SQL: select * from `ListCompany` where `ListCompanyID` = 16 limit 1) {"company_id":16,"trace":"#0 C:\\xampp\\htdocs\\be-fms\\api\\vendor\\illuminate\\database\\Connection.php(624): Illuminate\\Database\\Connection->runQueryCallback('select * from `...', Array, Object(Closure))
#1 C:\\xampp\\htdocs\\be-fms\\api\\vendor\\illuminate\\database\\Connection.php(333): Illuminate\\Database\\Connection->run('select * from `...', Array, Object(Closure))
#2 C:\\xampp\\htdocs\\be-fms\\api\\vendor\\illuminate\\database\\Query\\Builder.php(2130): Illuminate\\Database\\Connection->select('select * from `...', Array, true)
#3 C:\\xampp\\htdocs\\be-fms\\api\\vendor\\illuminate\\database\\Query\\Builder.php(2118): Illuminate\\Database\\Query\\Builder->runSelect()
#4 C:\\xampp\\htdocs\\be-fms\\api\\vendor\\illuminate\\database\\Query\\Builder.php(2604): Illuminate\\Database\\Query\\Builder->Illuminate\\Database\\Query\\{closure}()
#5 C:\\xampp\\htdocs\\be-fms\\api\\vendor\\illuminate\\database\\Query\\Builder.php(2119): Illuminate\\Database\\Query\\Builder->onceWithColumns(Array, Object(Closure))
#6 C:\\xampp\\htdocs\\be-fms\\api\\vendor\\illuminate\\database\\Eloquent\\Builder.php(521): Illuminate\\Database\\Query\\Builder->get(Array)
#7 C:\\xampp\\htdocs\\be-fms\\api\\vendor\\illuminate\\database\\Eloquent\\Builder.php(505): Illuminate\\Database\\Eloquent\\Builder->getModels(Array)
#8 C:\\xampp\\htdocs\\be-fms\\api\\vendor\\illuminate\\database\\Concerns\\BuildsQueries.php(77): Illuminate\\Database\\Eloquent\\Builder->get(Array)
#9 C:\\xampp\\htdocs\\be-fms\\api\\app\\Http\\Controllers\\AuthController.php(172): Illuminate\\Database\\Eloquent\\Builder->first()
#10 [internal function]: App\\Http\\Controllers\\AuthController->check_company_driver(16)
#11 C:\\xampp\\htdocs\\be-fms\\api\\vendor\\illuminate\\container\\BoundMethod.php(32): call_user_func_array(Array, Array)
#12 C:\\xampp\\htdocs\\be-fms\\api\\vendor\\illuminate\\container\\BoundMethod.php(90): Illuminate\\Container\\BoundMethod::Illuminate\\Container\\{closure}()
#13 C:\\xampp\\htdocs\\be-fms\\api\\vendor\\illuminate\\container\\BoundMethod.php(34): Illuminate\\Container\\BoundMethod::callBoundMethod(Object(Laravel\\Lumen\\Application), Array, Object(Closure))
#14 C:\\xampp\\htdocs\\be-fms\\api\\vendor\\illuminate\\container\\Container.php(576): Illuminate\\Container\\BoundMethod::call(Object(Laravel\\Lumen\\Application), Array, Array, NULL)
#15 C:\\xampp\\htdocs\\be-fms\\api\\vendor\\laravel\\lumen-framework\\src\\Concerns\\RoutesRequests.php(376): Illuminate\\Container\\Container->call(Array, Array)
#16 C:\\xampp\\htdocs\\be-fms\\api\\vendor\\laravel\\lumen-framework\\src\\Concerns\\RoutesRequests.php(342): Laravel\\Lumen\\Application->callControllerCallable(Array, Array)
#17 C:\\xampp\\htdocs\\be-fms\\api\\vendor\\laravel\\lumen-framework\\src\\Concerns\\RoutesRequests.php(316): Laravel\\Lumen\\Application->callLumenController(Object(App\\Http\\Controllers\\AuthController), 'check_company_d...', Array)
#18 C:\\xampp\\htdocs\\be-fms\\api\\vendor\\laravel\\lumen-framework\\src\\Concerns\\RoutesRequests.php(278): Laravel\\Lumen\\Application->callControllerAction(Array)
#19 C:\\xampp\\htdocs\\be-fms\\api\\vendor\\laravel\\lumen-framework\\src\\Concerns\\RoutesRequests.php(263): Laravel\\Lumen\\Application->callActionOnArrayBasedRoute(Array)
#20 C:\\xampp\\htdocs\\be-fms\\api\\vendor\\laravel\\lumen-framework\\src\\Concerns\\RoutesRequests.php(233): Laravel\\Lumen\\Application->handleFoundRoute(Array)
#21 C:\\xampp\\htdocs\\be-fms\\api\\vendor\\laravel\\lumen-framework\\src\\Concerns\\RoutesRequests.php(169): Laravel\\Lumen\\Application->handleDispatcherResponse(Array)
#22 C:\\xampp\\htdocs\\be-fms\\api\\vendor\\laravel\\lumen-framework\\src\\Concerns\\RoutesRequests.php(416): Laravel\\Lumen\\Application->Laravel\\Lumen\\Concerns\\{closure}(Object(Laravel\\Lumen\\Http\\Request))
#23 C:\\xampp\\htdocs\\be-fms\\api\\vendor\\laravel\\lumen-framework\\src\\Concerns\\RoutesRequests.php(171): Laravel\\Lumen\\Application->sendThroughPipeline(Array, Object(Closure))
#24 C:\\xampp\\htdocs\\be-fms\\api\\vendor\\laravel\\lumen-framework\\src\\Concerns\\RoutesRequests.php(108): Laravel\\Lumen\\Application->dispatch(NULL)
#25 C:\\xampp\\htdocs\\be-fms\\api\\public\\index.php(28): Laravel\\Lumen\\Application->run()
#26 {main}"} 
[2026-02-04 06:43:27] local.ERROR: PDOException: SQLSTATE[HY000] [2002] No connection could be made because the target machine actively refused it.
 in C:\xampp\htdocs\be-fms\api\vendor\illuminate\database\Connectors\Connector.php:70
Stack trace:
#0 C:\xampp\htdocs\be-fms\api\vendor\illuminate\database\Connectors\Connector.php(70): PDO->__construct('mysql:host=127....', 'root', '', Array)
#1 C:\xampp\htdocs\be-fms\api\vendor\illuminate\database\Connectors\Connector.php(46): Illuminate\Database\Connectors\Connector->createPdoConnection('mysql:host=127....', 'root', '', Array)
#2 C:\xampp\htdocs\be-fms\api\vendor\illuminate\database\Connectors\MySqlConnector.php(24): Illuminate\Database\Connectors\Connector->createConnection('mysql:host=127....', Array, Array)
#3 C:\xampp\htdocs\be-fms\api\vendor\illuminate\database\Connectors\ConnectionFactory.php(182): Illuminate\Database\Connectors\MySqlConnector->connect(Array)
#4 [internal function]: Illuminate\Database\Connectors\ConnectionFactory->Illuminate\Database\Connectors\{closure}()
#5 C:\xampp\htdocs\be-fms\api\vendor\illuminate\database\Connection.php(919): call_user_func(Object(Closure))
#6 C:\xampp\htdocs\be-fms\api\vendor\illuminate\database\Connection.php(944): Illuminate\Database\Connection->getPdo()
#7 C:\xampp\htdocs\be-fms\api\vendor\illuminate\database\Connection.php(399): Illuminate\Database\Connection->getReadPdo()
#8 C:\xampp\htdocs\be-fms\api\vendor\illuminate\database\Connection.php(325): Illuminate\Database\Connection->getPdoForSelect(true)
#9 C:\xampp\htdocs\be-fms\api\vendor\illuminate\database\Connection.php(657): Illuminate\Database\Connection->Illuminate\Database\{closure}('select * from `...', Array)
#10 C:\xampp\htdocs\be-fms\api\vendor\illuminate\database\Connection.php(624): Illuminate\Database\Connection->runQueryCallback('select * from `...', Array, Object(Closure))
#11 C:\xampp\htdocs\be-fms\api\vendor\illuminate\database\Connection.php(333): Illuminate\Database\Connection->run('select * from `...', Array, Object(Closure))
#12 C:\xampp\htdocs\be-fms\api\vendor\illuminate\database\Query\Builder.php(2130): Illuminate\Database\Connection->select('select * from `...', Array, true)
#13 C:\xampp\htdocs\be-fms\api\vendor\illuminate\database\Query\Builder.php(2118): Illuminate\Database\Query\Builder->runSelect()
#14 C:\xampp\htdocs\be-fms\api\vendor\illuminate\database\Query\Builder.php(2604): Illuminate\Database\Query\Builder->Illuminate\Database\Query\{closure}()
#15 C:\xampp\htdocs\be-fms\api\vendor\illuminate\database\Query\Builder.php(2119): Illuminate\Database\Query\Builder->onceWithColumns(Array, Object(Closure))
#16 C:\xampp\htdocs\be-fms\api\vendor\illuminate\database\Eloquent\Builder.php(521): Illuminate\Database\Query\Builder->get(Array)
#17 C:\xampp\htdocs\be-fms\api\vendor\illuminate\database\Eloquent\Builder.php(505): Illuminate\Database\Eloquent\Builder->getModels(Array)
#18 C:\xampp\htdocs\be-fms\api\vendor\illuminate\database\Concerns\BuildsQueries.php(77): Illuminate\Database\Eloquent\Builder->get(Array)
#19 C:\xampp\htdocs\be-fms\api\app\Http\Middleware\Authenticate.php(49): Illuminate\Database\Eloquent\Builder->first()
#20 C:\xampp\htdocs\be-fms\api\vendor\illuminate\pipeline\Pipeline.php(163): App\Http\Middleware\Authenticate->handle(Object(Laravel\Lumen\Http\Request), Object(Closure))
#21 [internal function]: Illuminate\Pipeline\Pipeline->Illuminate\Pipeline\{closure}(Object(Laravel\Lumen\Http\Request))
#22 C:\xampp\htdocs\be-fms\api\vendor\laravel\lumen-framework\src\Routing\Pipeline.php(32): call_user_func(Object(Closure), Object(Laravel\Lumen\Http\Request))
#23 C:\xampp\htdocs\be-fms\api\vendor\illuminate\pipeline\Pipeline.php(104): Laravel\Lumen\Routing\Pipeline->Laravel\Lumen\Routing\{closure}(Object(Laravel\Lumen\Http\Request))
#24 C:\xampp\htdocs\be-fms\api\vendor\laravel\lumen-framework\src\Concerns\RoutesRequests.php(413): Illuminate\Pipeline\Pipeline->then(Object(Closure))
#25 C:\xampp\htdocs\be-fms\api\vendor\laravel\lumen-framework\src\Concerns\RoutesRequests.php(259): Laravel\Lumen\Application->sendThroughPipeline(Array, Object(Closure))
#26 C:\xampp\htdocs\be-fms\api\vendor\laravel\lumen-framework\src\Concerns\RoutesRequests.php(233): Laravel\Lumen\Application->handleFoundRoute(Array)
#27 C:\xampp\htdocs\be-fms\api\vendor\laravel\lumen-framework\src\Concerns\RoutesRequests.php(169): Laravel\Lumen\Application->handleDispatcherResponse(Array)
#28 C:\xampp\htdocs\be-fms\api\vendor\laravel\lumen-framework\src\Concerns\RoutesRequests.php(416): Laravel\Lumen\Application->Laravel\Lumen\Concerns\{closure}(Object(Laravel\Lumen\Http\Request))
#29 C:\xampp\htdocs\be-fms\api\vendor\laravel\lumen-framework\src\Concerns\RoutesRequests.php(171): Laravel\Lumen\Application->sendThroughPipeline(Array, Object(Closure))
#30 C:\xampp\htdocs\be-fms\api\vendor\laravel\lumen-framework\src\Concerns\RoutesRequests.php(108): Laravel\Lumen\Application->dispatch(NULL)
#31 C:\xampp\htdocs\be-fms\api\public\index.php(28): Laravel\Lumen\Application->run()
#32 {main}

Next Illuminate\Database\QueryException: SQLSTATE[HY000] [2002] No connection could be made because the target machine actively refused it.
 (SQL: select * from `UserLogin` where `ApiKey` = d3hVVk1NcUJHNXdmVGNxbk90a3JEZTBuZkFrbDBzMjB2OGVVSnFaYg== limit 1) in C:\xampp\htdocs\be-fms\api\vendor\illuminate\database\Connection.php:664
Stack trace:
#0 C:\xampp\htdocs\be-fms\api\vendor\illuminate\database\Connection.php(624): Illuminate\Database\Connection->runQueryCallback('select * from `...', Array, Object(Closure))
#1 C:\xampp\htdocs\be-fms\api\vendor\illuminate\database\Connection.php(333): Illuminate\Database\Connection->run('select * from `...', Array, Object(Closure))
#2 C:\xampp\htdocs\be-fms\api\vendor\illuminate\database\Query\Builder.php(2130): Illuminate\Database\Connection->select('select * from `...', Array, true)
#3 C:\xampp\htdocs\be-fms\api\vendor\illuminate\database\Query\Builder.php(2118): Illuminate\Database\Query\Builder->runSelect()
#4 C:\xampp\htdocs\be-fms\api\vendor\illuminate\database\Query\Builder.php(2604): Illuminate\Database\Query\Builder->Illuminate\Database\Query\{closure}()
#5 C:\xampp\htdocs\be-fms\api\vendor\illuminate\database\Query\Builder.php(2119): Illuminate\Database\Query\Builder->onceWithColumns(Array, Object(Closure))
#6 C:\xampp\htdocs\be-fms\api\vendor\illuminate\database\Eloquent\Builder.php(521): Illuminate\Database\Query\Builder->get(Array)
#7 C:\xampp\htdocs\be-fms\api\vendor\illuminate\database\Eloquent\Builder.php(505): Illuminate\Database\Eloquent\Builder->getModels(Array)
#8 C:\xampp\htdocs\be-fms\api\vendor\illuminate\database\Concerns\BuildsQueries.php(77): Illuminate\Database\Eloquent\Builder->get(Array)
#9 C:\xampp\htdocs\be-fms\api\app\Http\Middleware\Authenticate.php(49): Illuminate\Database\Eloquent\Builder->first()
#10 C:\xampp\htdocs\be-fms\api\vendor\illuminate\pipeline\Pipeline.php(163): App\Http\Middleware\Authenticate->handle(Object(Laravel\Lumen\Http\Request), Object(Closure))
#11 [internal function]: Illuminate\Pipeline\Pipeline->Illuminate\Pipeline\{closure}(Object(Laravel\Lumen\Http\Request))
#12 C:\xampp\htdocs\be-fms\api\vendor\laravel\lumen-framework\src\Routing\Pipeline.php(32): call_user_func(Object(Closure), Object(Laravel\Lumen\Http\Request))
#13 C:\xampp\htdocs\be-fms\api\vendor\illuminate\pipeline\Pipeline.php(104): Laravel\Lumen\Routing\Pipeline->Laravel\Lumen\Routing\{closure}(Object(Laravel\Lumen\Http\Request))
#14 C:\xampp\htdocs\be-fms\api\vendor\laravel\lumen-framework\src\Concerns\RoutesRequests.php(413): Illuminate\Pipeline\Pipeline->then(Object(Closure))
#15 C:\xampp\htdocs\be-fms\api\vendor\laravel\lumen-framework\src\Concerns\RoutesRequests.php(259): Laravel\Lumen\Application->sendThroughPipeline(Array, Object(Closure))
#16 C:\xampp\htdocs\be-fms\api\vendor\laravel\lumen-framework\src\Concerns\RoutesRequests.php(233): Laravel\Lumen\Application->handleFoundRoute(Array)
#17 C:\xampp\htdocs\be-fms\api\vendor\laravel\lumen-framework\src\Concerns\RoutesRequests.php(169): Laravel\Lumen\Application->handleDispatcherResponse(Array)
#18 C:\xampp\htdocs\be-fms\api\vendor\laravel\lumen-framework\src\Concerns\RoutesRequests.php(416): Laravel\Lumen\Application->Laravel\Lumen\Concerns\{closure}(Object(Laravel\Lumen\Http\Request))
#19 C:\xampp\htdocs\be-fms\api\vendor\laravel\lumen-framework\src\Concerns\RoutesRequests.php(171): Laravel\Lumen\Application->sendThroughPipeline(Array, Object(Closure))
#20 C:\xampp\htdocs\be-fms\api\vendor\laravel\lumen-framework\src\Concerns\RoutesRequests.php(108): Laravel\Lumen\Application->dispatch(NULL)
#21 C:\xampp\htdocs\be-fms\api\public\index.php(28): Laravel\Lumen\Application->run()
#22 {main} {"exception":"[object] (Illuminate\\Database\\QueryException(code: 2002): SQLSTATE[HY000] [2002] No connection could be made because the target machine actively refused it.
 (SQL: select * from `UserLogin` where `ApiKey` = d3hVVk1NcUJHNXdmVGNxbk90a3JEZTBuZkFrbDBzMjB2OGVVSnFaYg== limit 1) at C:\\xampp\\htdocs\\be-fms\\api\\vendor\\illuminate\\database\\Connection.php:664, PDOException(code: 2002): SQLSTATE[HY000] [2002] No connection could be made because the target machine actively refused it.
 at C:\\xampp\\htdocs\\be-fms\\api\\vendor\\illuminate\\database\\Connectors\\Connector.php:70)
[stacktrace]
#0 C:\\xampp\\htdocs\\be-fms\\api\\vendor\\illuminate\\database\\Connection.php(624): Illuminate\\Database\\Connection->runQueryCallback('select * from `...', Array, Object(Closure))
#1 C:\\xampp\\htdocs\\be-fms\\api\\vendor\\illuminate\\database\\Connection.php(333): Illuminate\\Database\\Connection->run('select * from `...', Array, Object(Closure))
#2 C:\\xampp\\htdocs\\be-fms\\api\\vendor\\illuminate\\database\\Query\\Builder.php(2130): Illuminate\\Database\\Connection->select('select * from `...', Array, true)
#3 C:\\xampp\\htdocs\\be-fms\\api\\vendor\\illuminate\\database\\Query\\Builder.php(2118): Illuminate\\Database\\Query\\Builder->runSelect()
#4 C:\\xampp\\htdocs\\be-fms\\api\\vendor\\illuminate\\database\\Query\\Builder.php(2604): Illuminate\\Database\\Query\\Builder->Illuminate\\Database\\Query\\{closure}()
#5 C:\\xampp\\htdocs\\be-fms\\api\\vendor\\illuminate\\database\\Query\\Builder.php(2119): Illuminate\\Database\\Query\\Builder->onceWithColumns(Array, Object(Closure))
#6 C:\\xampp\\htdocs\\be-fms\\api\\vendor\\illuminate\\database\\Eloquent\\Builder.php(521): Illuminate\\Database\\Query\\Builder->get(Array)
#7 C:\\xampp\\htdocs\\be-fms\\api\\vendor\\illuminate\\database\\Eloquent\\Builder.php(505): Illuminate\\Database\\Eloquent\\Builder->getModels(Array)
#8 C:\\xampp\\htdocs\\be-fms\\api\\vendor\\illuminate\\database\\Concerns\\BuildsQueries.php(77): Illuminate\\Database\\Eloquent\\Builder->get(Array)
#9 C:\\xampp\\htdocs\\be-fms\\api\\app\\Http\\Middleware\\Authenticate.php(49): Illuminate\\Database\\Eloquent\\Builder->first()
#10 C:\\xampp\\htdocs\\be-fms\\api\\vendor\\illuminate\\pipeline\\Pipeline.php(163): App\\Http\\Middleware\\Authenticate->handle(Object(Laravel\\Lumen\\Http\\Request), Object(Closure))
#11 [internal function]: Illuminate\\Pipeline\\Pipeline->Illuminate\\Pipeline\\{closure}(Object(Laravel\\Lumen\\Http\\Request))
#12 C:\\xampp\\htdocs\\be-fms\\api\\vendor\\laravel\\lumen-framework\\src\\Routing\\Pipeline.php(32): call_user_func(Object(Closure), Object(Laravel\\Lumen\\Http\\Request))
#13 C:\\xampp\\htdocs\\be-fms\\api\\vendor\\illuminate\\pipeline\\Pipeline.php(104): Laravel\\Lumen\\Routing\\Pipeline->Laravel\\Lumen\\Routing\\{closure}(Object(Laravel\\Lumen\\Http\\Request))
#14 C:\\xampp\\htdocs\\be-fms\\api\\vendor\\laravel\\lumen-framework\\src\\Concerns\\RoutesRequests.php(413): Illuminate\\Pipeline\\Pipeline->then(Object(Closure))
#15 C:\\xampp\\htdocs\\be-fms\\api\\vendor\\laravel\\lumen-framework\\src\\Concerns\\RoutesRequests.php(259): Laravel\\Lumen\\Application->sendThroughPipeline(Array, Object(Closure))
#16 C:\\xampp\\htdocs\\be-fms\\api\\vendor\\laravel\\lumen-framework\\src\\Concerns\\RoutesRequests.php(233): Laravel\\Lumen\\Application->handleFoundRoute(Array)
#17 C:\\xampp\\htdocs\\be-fms\\api\\vendor\\laravel\\lumen-framework\\src\\Concerns\\RoutesRequests.php(169): Laravel\\Lumen\\Application->handleDispatcherResponse(Array)
#18 C:\\xampp\\htdocs\\be-fms\\api\\vendor\\laravel\\lumen-framework\\src\\Concerns\\RoutesRequests.php(416): Laravel\\Lumen\\Application->Laravel\\Lumen\\Concerns\\{closure}(Object(Laravel\\Lumen\\Http\\Request))
#19 C:\\xampp\\htdocs\\be-fms\\api\\vendor\\laravel\\lumen-framework\\src\\Concerns\\RoutesRequests.php(171): Laravel\\Lumen\\Application->sendThroughPipeline(Array, Object(Closure))
#20 C:\\xampp\\htdocs\\be-fms\\api\\vendor\\laravel\\lumen-framework\\src\\Concerns\\RoutesRequests.php(108): Laravel\\Lumen\\Application->dispatch(NULL)
#21 C:\\xampp\\htdocs\\be-fms\\api\\public\\index.php(28): Laravel\\Lumen\\Application->run()
#22 {main}
"} 
[2026-02-04 06:43:29] local.ERROR: PDOException: SQLSTATE[HY000] [2002] No connection could be made because the target machine actively refused it.
 in C:\xampp\htdocs\be-fms\api\vendor\illuminate\database\Connectors\Connector.php:70
Stack trace:
#0 C:\xampp\htdocs\be-fms\api\vendor\illuminate\database\Connectors\Connector.php(70): PDO->__construct('mysql:host=127....', 'root', '', Array)
#1 C:\xampp\htdocs\be-fms\api\vendor\illuminate\database\Connectors\Connector.php(46): Illuminate\Database\Connectors\Connector->createPdoConnection('mysql:host=127....', 'root', '', Array)
#2 C:\xampp\htdocs\be-fms\api\vendor\illuminate\database\Connectors\MySqlConnector.php(24): Illuminate\Database\Connectors\Connector->createConnection('mysql:host=127....', Array, Array)
#3 C:\xampp\htdocs\be-fms\api\vendor\illuminate\database\Connectors\ConnectionFactory.php(182): Illuminate\Database\Connectors\MySqlConnector->connect(Array)
#4 [internal function]: Illuminate\Database\Connectors\ConnectionFactory->Illuminate\Database\Connectors\{closure}()
#5 C:\xampp\htdocs\be-fms\api\vendor\illuminate\database\Connection.php(919): call_user_func(Object(Closure))
#6 C:\xampp\htdocs\be-fms\api\vendor\illuminate\database\Connection.php(944): Illuminate\Database\Connection->getPdo()
#7 C:\xampp\htdocs\be-fms\api\vendor\illuminate\database\Connection.php(399): Illuminate\Database\Connection->getReadPdo()
#8 C:\xampp\htdocs\be-fms\api\vendor\illuminate\database\Connection.php(325): Illuminate\Database\Connection->getPdoForSelect(true)
#9 C:\xampp\htdocs\be-fms\api\vendor\illuminate\database\Connection.php(657): Illuminate\Database\Connection->Illuminate\Database\{closure}('select * from `...', Array)
#10 C:\xampp\htdocs\be-fms\api\vendor\illuminate\database\Connection.php(624): Illuminate\Database\Connection->runQueryCallback('select * from `...', Array, Object(Closure))
#11 C:\xampp\htdocs\be-fms\api\vendor\illuminate\database\Connection.php(333): Illuminate\Database\Connection->run('select * from `...', Array, Object(Closure))
#12 C:\xampp\htdocs\be-fms\api\vendor\illuminate\database\Query\Builder.php(2130): Illuminate\Database\Connection->select('select * from `...', Array, true)
#13 C:\xampp\htdocs\be-fms\api\vendor\illuminate\database\Query\Builder.php(2118): Illuminate\Database\Query\Builder->runSelect()
#14 C:\xampp\htdocs\be-fms\api\vendor\illuminate\database\Query\Builder.php(2604): Illuminate\Database\Query\Builder->Illuminate\Database\Query\{closure}()
#15 C:\xampp\htdocs\be-fms\api\vendor\illuminate\database\Query\Builder.php(2119): Illuminate\Database\Query\Builder->onceWithColumns(Array, Object(Closure))
#16 C:\xampp\htdocs\be-fms\api\vendor\illuminate\database\Eloquent\Builder.php(521): Illuminate\Database\Query\Builder->get(Array)
#17 C:\xampp\htdocs\be-fms\api\vendor\illuminate\database\Eloquent\Builder.php(505): Illuminate\Database\Eloquent\Builder->getModels(Array)
#18 C:\xampp\htdocs\be-fms\api\vendor\illuminate\database\Concerns\BuildsQueries.php(77): Illuminate\Database\Eloquent\Builder->get(Array)
#19 C:\xampp\htdocs\be-fms\api\app\Http\Middleware\Authenticate.php(49): Illuminate\Database\Eloquent\Builder->first()
#20 C:\xampp\htdocs\be-fms\api\vendor\illuminate\pipeline\Pipeline.php(163): App\Http\Middleware\Authenticate->handle(Object(Laravel\Lumen\Http\Request), Object(Closure))
#21 [internal function]: Illuminate\Pipeline\Pipeline->Illuminate\Pipeline\{closure}(Object(Laravel\Lumen\Http\Request))
#22 C:\xampp\htdocs\be-fms\api\vendor\laravel\lumen-framework\src\Routing\Pipeline.php(32): call_user_func(Object(Closure), Object(Laravel\Lumen\Http\Request))
#23 C:\xampp\htdocs\be-fms\api\vendor\illuminate\pipeline\Pipeline.php(104): Laravel\Lumen\Routing\Pipeline->Laravel\Lumen\Routing\{closure}(Object(Laravel\Lumen\Http\Request))
#24 C:\xampp\htdocs\be-fms\api\vendor\laravel\lumen-framework\src\Concerns\RoutesRequests.php(413): Illuminate\Pipeline\Pipeline->then(Object(Closure))
#25 C:\xampp\htdocs\be-fms\api\vendor\laravel\lumen-framework\src\Concerns\RoutesRequests.php(259): Laravel\Lumen\Application->sendThroughPipeline(Array, Object(Closure))
#26 C:\xampp\htdocs\be-fms\api\vendor\laravel\lumen-framework\src\Concerns\RoutesRequests.php(233): Laravel\Lumen\Application->handleFoundRoute(Array)
#27 C:\xampp\htdocs\be-fms\api\vendor\laravel\lumen-framework\src\Concerns\RoutesRequests.php(169): Laravel\Lumen\Application->handleDispatcherResponse(Array)
#28 C:\xampp\htdocs\be-fms\api\vendor\laravel\lumen-framework\src\Concerns\RoutesRequests.php(416): Laravel\Lumen\Application->Laravel\Lumen\Concerns\{closure}(Object(Laravel\Lumen\Http\Request))
#29 C:\xampp\htdocs\be-fms\api\vendor\laravel\lumen-framework\src\Concerns\RoutesRequests.php(171): Laravel\Lumen\Application->sendThroughPipeline(Array, Object(Closure))
#30 C:\xampp\htdocs\be-fms\api\vendor\laravel\lumen-framework\src\Concerns\RoutesRequests.php(108): Laravel\Lumen\Application->dispatch(NULL)
#31 C:\xampp\htdocs\be-fms\api\public\index.php(28): Laravel\Lumen\Application->run()
#32 {main}

Next Illuminate\Database\QueryException: SQLSTATE[HY000] [2002] No connection could be made because the target machine actively refused it.
 (SQL: select * from `UserLogin` where `ApiKey` = d3hVVk1NcUJHNXdmVGNxbk90a3JEZTBuZkFrbDBzMjB2OGVVSnFaYg== limit 1) in C:\xampp\htdocs\be-fms\api\vendor\illuminate\database\Connection.php:664
Stack trace:
#0 C:\xampp\htdocs\be-fms\api\vendor\illuminate\database\Connection.php(624): Illuminate\Database\Connection->runQueryCallback('select * from `...', Array, Object(Closure))
#1 C:\xampp\htdocs\be-fms\api\vendor\illuminate\database\Connection.php(333): Illuminate\Database\Connection->run('select * from `...', Array, Object(Closure))
#2 C:\xampp\htdocs\be-fms\api\vendor\illuminate\database\Query\Builder.php(2130): Illuminate\Database\Connection->select('select * from `...', Array, true)
#3 C:\xampp\htdocs\be-fms\api\vendor\illuminate\database\Query\Builder.php(2118): Illuminate\Database\Query\Builder->runSelect()
#4 C:\xampp\htdocs\be-fms\api\vendor\illuminate\database\Query\Builder.php(2604): Illuminate\Database\Query\Builder->Illuminate\Database\Query\{closure}()
#5 C:\xampp\htdocs\be-fms\api\vendor\illuminate\database\Query\Builder.php(2119): Illuminate\Database\Query\Builder->onceWithColumns(Array, Object(Closure))
#6 C:\xampp\htdocs\be-fms\api\vendor\illuminate\database\Eloquent\Builder.php(521): Illuminate\Database\Query\Builder->get(Array)
#7 C:\xampp\htdocs\be-fms\api\vendor\illuminate\database\Eloquent\Builder.php(505): Illuminate\Database\Eloquent\Builder->getModels(Array)
#8 C:\xampp\htdocs\be-fms\api\vendor\illuminate\database\Concerns\BuildsQueries.php(77): Illuminate\Database\Eloquent\Builder->get(Array)
#9 C:\xampp\htdocs\be-fms\api\app\Http\Middleware\Authenticate.php(49): Illuminate\Database\Eloquent\Builder->first()
#10 C:\xampp\htdocs\be-fms\api\vendor\illuminate\pipeline\Pipeline.php(163): App\Http\Middleware\Authenticate->handle(Object(Laravel\Lumen\Http\Request), Object(Closure))
#11 [internal function]: Illuminate\Pipeline\Pipeline->Illuminate\Pipeline\{closure}(Object(Laravel\Lumen\Http\Request))
#12 C:\xampp\htdocs\be-fms\api\vendor\laravel\lumen-framework\src\Routing\Pipeline.php(32): call_user_func(Object(Closure), Object(Laravel\Lumen\Http\Request))
#13 C:\xampp\htdocs\be-fms\api\vendor\illuminate\pipeline\Pipeline.php(104): Laravel\Lumen\Routing\Pipeline->Laravel\Lumen\Routing\{closure}(Object(Laravel\Lumen\Http\Request))
#14 C:\xampp\htdocs\be-fms\api\vendor\laravel\lumen-framework\src\Concerns\RoutesRequests.php(413): Illuminate\Pipeline\Pipeline->then(Object(Closure))
#15 C:\xampp\htdocs\be-fms\api\vendor\laravel\lumen-framework\src\Concerns\RoutesRequests.php(259): Laravel\Lumen\Application->sendThroughPipeline(Array, Object(Closure))
#16 C:\xampp\htdocs\be-fms\api\vendor\laravel\lumen-framework\src\Concerns\RoutesRequests.php(233): Laravel\Lumen\Application->handleFoundRoute(Array)
#17 C:\xampp\htdocs\be-fms\api\vendor\laravel\lumen-framework\src\Concerns\RoutesRequests.php(169): Laravel\Lumen\Application->handleDispatcherResponse(Array)
#18 C:\xampp\htdocs\be-fms\api\vendor\laravel\lumen-framework\src\Concerns\RoutesRequests.php(416): Laravel\Lumen\Application->Laravel\Lumen\Concerns\{closure}(Object(Laravel\Lumen\Http\Request))
#19 C:\xampp\htdocs\be-fms\api\vendor\laravel\lumen-framework\src\Concerns\RoutesRequests.php(171): Laravel\Lumen\Application->sendThroughPipeline(Array, Object(Closure))
#20 C:\xampp\htdocs\be-fms\api\vendor\laravel\lumen-framework\src\Concerns\RoutesRequests.php(108): Laravel\Lumen\Application->dispatch(NULL)
#21 C:\xampp\htdocs\be-fms\api\public\index.php(28): Laravel\Lumen\Application->run()
#22 {main} {"exception":"[object] (Illuminate\\Database\\QueryException(code: 2002): SQLSTATE[HY000] [2002] No connection could be made because the target machine actively refused it.
 (SQL: select * from `UserLogin` where `ApiKey` = d3hVVk1NcUJHNXdmVGNxbk90a3JEZTBuZkFrbDBzMjB2OGVVSnFaYg== limit 1) at C:\\xampp\\htdocs\\be-fms\\api\\vendor\\illuminate\\database\\Connection.php:664, PDOException(code: 2002): SQLSTATE[HY000] [2002] No connection could be made because the target machine actively refused it.
 at C:\\xampp\\htdocs\\be-fms\\api\\vendor\\illuminate\\database\\Connectors\\Connector.php:70)
[stacktrace]
#0 C:\\xampp\\htdocs\\be-fms\\api\\vendor\\illuminate\\database\\Connection.php(624): Illuminate\\Database\\Connection->runQueryCallback('select * from `...', Array, Object(Closure))
#1 C:\\xampp\\htdocs\\be-fms\\api\\vendor\\illuminate\\database\\Connection.php(333): Illuminate\\Database\\Connection->run('select * from `...', Array, Object(Closure))
#2 C:\\xampp\\htdocs\\be-fms\\api\\vendor\\illuminate\\database\\Query\\Builder.php(2130): Illuminate\\Database\\Connection->select('select * from `...', Array, true)
#3 C:\\xampp\\htdocs\\be-fms\\api\\vendor\\illuminate\\database\\Query\\Builder.php(2118): Illuminate\\Database\\Query\\Builder->runSelect()
#4 C:\\xampp\\htdocs\\be-fms\\api\\vendor\\illuminate\\database\\Query\\Builder.php(2604): Illuminate\\Database\\Query\\Builder->Illuminate\\Database\\Query\\{closure}()
#5 C:\\xampp\\htdocs\\be-fms\\api\\vendor\\illuminate\\database\\Query\\Builder.php(2119): Illuminate\\Database\\Query\\Builder->onceWithColumns(Array, Object(Closure))
#6 C:\\xampp\\htdocs\\be-fms\\api\\vendor\\illuminate\\database\\Eloquent\\Builder.php(521): Illuminate\\Database\\Query\\Builder->get(Array)
#7 C:\\xampp\\htdocs\\be-fms\\api\\vendor\\illuminate\\database\\Eloquent\\Builder.php(505): Illuminate\\Database\\Eloquent\\Builder->getModels(Array)
#8 C:\\xampp\\htdocs\\be-fms\\api\\vendor\\illuminate\\database\\Concerns\\BuildsQueries.php(77): Illuminate\\Database\\Eloquent\\Builder->get(Array)
#9 C:\\xampp\\htdocs\\be-fms\\api\\app\\Http\\Middleware\\Authenticate.php(49): Illuminate\\Database\\Eloquent\\Builder->first()
#10 C:\\xampp\\htdocs\\be-fms\\api\\vendor\\illuminate\\pipeline\\Pipeline.php(163): App\\Http\\Middleware\\Authenticate->handle(Object(Laravel\\Lumen\\Http\\Request), Object(Closure))
#11 [internal function]: Illuminate\\Pipeline\\Pipeline->Illuminate\\Pipeline\\{closure}(Object(Laravel\\Lumen\\Http\\Request))
#12 C:\\xampp\\htdocs\\be-fms\\api\\vendor\\laravel\\lumen-framework\\src\\Routing\\Pipeline.php(32): call_user_func(Object(Closure), Object(Laravel\\Lumen\\Http\\Request))
#13 C:\\xampp\\htdocs\\be-fms\\api\\vendor\\illuminate\\pipeline\\Pipeline.php(104): Laravel\\Lumen\\Routing\\Pipeline->Laravel\\Lumen\\Routing\\{closure}(Object(Laravel\\Lumen\\Http\\Request))
#14 C:\\xampp\\htdocs\\be-fms\\api\\vendor\\laravel\\lumen-framework\\src\\Concerns\\RoutesRequests.php(413): Illuminate\\Pipeline\\Pipeline->then(Object(Closure))
#15 C:\\xampp\\htdocs\\be-fms\\api\\vendor\\laravel\\lumen-framework\\src\\Concerns\\RoutesRequests.php(259): Laravel\\Lumen\\Application->sendThroughPipeline(Array, Object(Closure))
#16 C:\\xampp\\htdocs\\be-fms\\api\\vendor\\laravel\\lumen-framework\\src\\Concerns\\RoutesRequests.php(233): Laravel\\Lumen\\Application->handleFoundRoute(Array)
#17 C:\\xampp\\htdocs\\be-fms\\api\\vendor\\laravel\\lumen-framework\\src\\Concerns\\RoutesRequests.php(169): Laravel\\Lumen\\Application->handleDispatcherResponse(Array)
#18 C:\\xampp\\htdocs\\be-fms\\api\\vendor\\laravel\\lumen-framework\\src\\Concerns\\RoutesRequests.php(416): Laravel\\Lumen\\Application->Laravel\\Lumen\\Concerns\\{closure}(Object(Laravel\\Lumen\\Http\\Request))
#19 C:\\xampp\\htdocs\\be-fms\\api\\vendor\\laravel\\lumen-framework\\src\\Concerns\\RoutesRequests.php(171): Laravel\\Lumen\\Application->sendThroughPipeline(Array, Object(Closure))
#20 C:\\xampp\\htdocs\\be-fms\\api\\vendor\\laravel\\lumen-framework\\src\\Concerns\\RoutesRequests.php(108): Laravel\\Lumen\\Application->dispatch(NULL)
#21 C:\\xampp\\htdocs\\be-fms\\api\\public\\index.php(28): Laravel\\Lumen\\Application->run()
#22 {main}
"} 
[2026-02-04 06:43:32] local.ERROR: PDOException: SQLSTATE[HY000] [2002] No connection could be made because the target machine actively refused it.
 in C:\xampp\htdocs\be-fms\api\vendor\illuminate\database\Connectors\Connector.php:70
Stack trace:
#0 C:\xampp\htdocs\be-fms\api\vendor\illuminate\database\Connectors\Connector.php(70): PDO->__construct('mysql:host=127....', 'root', '', Array)
#1 C:\xampp\htdocs\be-fms\api\vendor\illuminate\database\Connectors\Connector.php(46): Illuminate\Database\Connectors\Connector->createPdoConnection('mysql:host=127....', 'root', '', Array)
#2 C:\xampp\htdocs\be-fms\api\vendor\illuminate\database\Connectors\MySqlConnector.php(24): Illuminate\Database\Connectors\Connector->createConnection('mysql:host=127....', Array, Array)
#3 C:\xampp\htdocs\be-fms\api\vendor\illuminate\database\Connectors\ConnectionFactory.php(182): Illuminate\Database\Connectors\MySqlConnector->connect(Array)
#4 [internal function]: Illuminate\Database\Connectors\ConnectionFactory->Illuminate\Database\Connectors\{closure}()
#5 C:\xampp\htdocs\be-fms\api\vendor\illuminate\database\Connection.php(919): call_user_func(Object(Closure))
#6 C:\xampp\htdocs\be-fms\api\vendor\illuminate\database\Connection.php(944): Illuminate\Database\Connection->getPdo()
#7 C:\xampp\htdocs\be-fms\api\vendor\illuminate\database\Connection.php(399): Illuminate\Database\Connection->getReadPdo()
#8 C:\xampp\htdocs\be-fms\api\vendor\illuminate\database\Connection.php(325): Illuminate\Database\Connection->getPdoForSelect(true)
#9 C:\xampp\htdocs\be-fms\api\vendor\illuminate\database\Connection.php(657): Illuminate\Database\Connection->Illuminate\Database\{closure}('select * from `...', Array)
#10 C:\xampp\htdocs\be-fms\api\vendor\illuminate\database\Connection.php(624): Illuminate\Database\Connection->runQueryCallback('select * from `...', Array, Object(Closure))
#11 C:\xampp\htdocs\be-fms\api\vendor\illuminate\database\Connection.php(333): Illuminate\Database\Connection->run('select * from `...', Array, Object(Closure))
#12 C:\xampp\htdocs\be-fms\api\vendor\illuminate\database\Query\Builder.php(2130): Illuminate\Database\Connection->select('select * from `...', Array, true)
#13 C:\xampp\htdocs\be-fms\api\vendor\illuminate\database\Query\Builder.php(2118): Illuminate\Database\Query\Builder->runSelect()
#14 C:\xampp\htdocs\be-fms\api\vendor\illuminate\database\Query\Builder.php(2604): Illuminate\Database\Query\Builder->Illuminate\Database\Query\{closure}()
#15 C:\xampp\htdocs\be-fms\api\vendor\illuminate\database\Query\Builder.php(2119): Illuminate\Database\Query\Builder->onceWithColumns(Array, Object(Closure))
#16 C:\xampp\htdocs\be-fms\api\vendor\illuminate\database\Eloquent\Builder.php(521): Illuminate\Database\Query\Builder->get(Array)
#17 C:\xampp\htdocs\be-fms\api\vendor\illuminate\database\Eloquent\Builder.php(505): Illuminate\Database\Eloquent\Builder->getModels(Array)
#18 C:\xampp\htdocs\be-fms\api\vendor\illuminate\database\Concerns\BuildsQueries.php(77): Illuminate\Database\Eloquent\Builder->get(Array)
#19 C:\xampp\htdocs\be-fms\api\app\Http\Middleware\Authenticate.php(49): Illuminate\Database\Eloquent\Builder->first()
#20 C:\xampp\htdocs\be-fms\api\vendor\illuminate\pipeline\Pipeline.php(163): App\Http\Middleware\Authenticate->handle(Object(Laravel\Lumen\Http\Request), Object(Closure))
#21 [internal function]: Illuminate\Pipeline\Pipeline->Illuminate\Pipeline\{closure}(Object(Laravel\Lumen\Http\Request))
#22 C:\xampp\htdocs\be-fms\api\vendor\laravel\lumen-framework\src\Routing\Pipeline.php(32): call_user_func(Object(Closure), Object(Laravel\Lumen\Http\Request))
#23 C:\xampp\htdocs\be-fms\api\vendor\illuminate\pipeline\Pipeline.php(104): Laravel\Lumen\Routing\Pipeline->Laravel\Lumen\Routing\{closure}(Object(Laravel\Lumen\Http\Request))
#24 C:\xampp\htdocs\be-fms\api\vendor\laravel\lumen-framework\src\Concerns\RoutesRequests.php(413): Illuminate\Pipeline\Pipeline->then(Object(Closure))
#25 C:\xampp\htdocs\be-fms\api\vendor\laravel\lumen-framework\src\Concerns\RoutesRequests.php(259): Laravel\Lumen\Application->sendThroughPipeline(Array, Object(Closure))
#26 C:\xampp\htdocs\be-fms\api\vendor\laravel\lumen-framework\src\Concerns\RoutesRequests.php(165): Laravel\Lumen\Application->handleFoundRoute(Array)
#27 C:\xampp\htdocs\be-fms\api\vendor\laravel\lumen-framework\src\Concerns\RoutesRequests.php(416): Laravel\Lumen\Application->Laravel\Lumen\Concerns\{closure}(Object(Laravel\Lumen\Http\Request))
#28 C:\xampp\htdocs\be-fms\api\vendor\laravel\lumen-framework\src\Concerns\RoutesRequests.php(171): Laravel\Lumen\Application->sendThroughPipeline(Array, Object(Closure))
#29 C:\xampp\htdocs\be-fms\api\vendor\laravel\lumen-framework\src\Concerns\RoutesRequests.php(108): Laravel\Lumen\Application->dispatch(NULL)
#30 C:\xampp\htdocs\be-fms\api\public\index.php(28): Laravel\Lumen\Application->run()
#31 {main}

Next Illuminate\Database\QueryException: SQLSTATE[HY000] [2002] No connection could be made because the target machine actively refused it.
 (SQL: select * from `UserLogin` where `ApiKey` = d3hVVk1NcUJHNXdmVGNxbk90a3JEZTBuZkFrbDBzMjB2OGVVSnFaYg== limit 1) in C:\xampp\htdocs\be-fms\api\vendor\illuminate\database\Connection.php:664
Stack trace:
#0 C:\xampp\htdocs\be-fms\api\vendor\illuminate\database\Connection.php(624): Illuminate\Database\Connection->runQueryCallback('select * from `...', Array, Object(Closure))
#1 C:\xampp\htdocs\be-fms\api\vendor\illuminate\database\Connection.php(333): Illuminate\Database\Connection->run('select * from `...', Array, Object(Closure))
#2 C:\xampp\htdocs\be-fms\api\vendor\illuminate\database\Query\Builder.php(2130): Illuminate\Database\Connection->select('select * from `...', Array, true)
#3 C:\xampp\htdocs\be-fms\api\vendor\illuminate\database\Query\Builder.php(2118): Illuminate\Database\Query\Builder->runSelect()
#4 C:\xampp\htdocs\be-fms\api\vendor\illuminate\database\Query\Builder.php(2604): Illuminate\Database\Query\Builder->Illuminate\Database\Query\{closure}()
#5 C:\xampp\htdocs\be-fms\api\vendor\illuminate\database\Query\Builder.php(2119): Illuminate\Database\Query\Builder->onceWithColumns(Array, Object(Closure))
#6 C:\xampp\htdocs\be-fms\api\vendor\illuminate\database\Eloquent\Builder.php(521): Illuminate\Database\Query\Builder->get(Array)
#7 C:\xampp\htdocs\be-fms\api\vendor\illuminate\database\Eloquent\Builder.php(505): Illuminate\Database\Eloquent\Builder->getModels(Array)
#8 C:\xampp\htdocs\be-fms\api\vendor\illuminate\database\Concerns\BuildsQueries.php(77): Illuminate\Database\Eloquent\Builder->get(Array)
#9 C:\xampp\htdocs\be-fms\api\app\Http\Middleware\Authenticate.php(49): Illuminate\Database\Eloquent\Builder->first()
#10 C:\xampp\htdocs\be-fms\api\vendor\illuminate\pipeline\Pipeline.php(163): App\Http\Middleware\Authenticate->handle(Object(Laravel\Lumen\Http\Request), Object(Closure))
#11 [internal function]: Illuminate\Pipeline\Pipeline->Illuminate\Pipeline\{closure}(Object(Laravel\Lumen\Http\Request))
#12 C:\xampp\htdocs\be-fms\api\vendor\laravel\lumen-framework\src\Routing\Pipeline.php(32): call_user_func(Object(Closure), Object(Laravel\Lumen\Http\Request))
#13 C:\xampp\htdocs\be-fms\api\vendor\illuminate\pipeline\Pipeline.php(104): Laravel\Lumen\Routing\Pipeline->Laravel\Lumen\Routing\{closure}(Object(Laravel\Lumen\Http\Request))
#14 C:\xampp\htdocs\be-fms\api\vendor\laravel\lumen-framework\src\Concerns\RoutesRequests.php(413): Illuminate\Pipeline\Pipeline->then(Object(Closure))
#15 C:\xampp\htdocs\be-fms\api\vendor\laravel\lumen-framework\src\Concerns\RoutesRequests.php(259): Laravel\Lumen\Application->sendThroughPipeline(Array, Object(Closure))
#16 C:\xampp\htdocs\be-fms\api\vendor\laravel\lumen-framework\src\Concerns\RoutesRequests.php(165): Laravel\Lumen\Application->handleFoundRoute(Array)
#17 C:\xampp\htdocs\be-fms\api\vendor\laravel\lumen-framework\src\Concerns\RoutesRequests.php(416): Laravel\Lumen\Application->Laravel\Lumen\Concerns\{closure}(Object(Laravel\Lumen\Http\Request))
#18 C:\xampp\htdocs\be-fms\api\vendor\laravel\lumen-framework\src\Concerns\RoutesRequests.php(171): Laravel\Lumen\Application->sendThroughPipeline(Array, Object(Closure))
#19 C:\xampp\htdocs\be-fms\api\vendor\laravel\lumen-framework\src\Concerns\RoutesRequests.php(108): Laravel\Lumen\Application->dispatch(NULL)
#20 C:\xampp\htdocs\be-fms\api\public\index.php(28): Laravel\Lumen\Application->run()
#21 {main} {"exception":"[object] (Illuminate\\Database\\QueryException(code: 2002): SQLSTATE[HY000] [2002] No connection could be made because the target machine actively refused it.
 (SQL: select * from `UserLogin` where `ApiKey` = d3hVVk1NcUJHNXdmVGNxbk90a3JEZTBuZkFrbDBzMjB2OGVVSnFaYg== limit 1) at C:\\xampp\\htdocs\\be-fms\\api\\vendor\\illuminate\\database\\Connection.php:664, PDOException(code: 2002): SQLSTATE[HY000] [2002] No connection could be made because the target machine actively refused it.
 at C:\\xampp\\htdocs\\be-fms\\api\\vendor\\illuminate\\database\\Connectors\\Connector.php:70)
[stacktrace]
#0 C:\\xampp\\htdocs\\be-fms\\api\\vendor\\illuminate\\database\\Connection.php(624): Illuminate\\Database\\Connection->runQueryCallback('select * from `...', Array, Object(Closure))
#1 C:\\xampp\\htdocs\\be-fms\\api\\vendor\\illuminate\\database\\Connection.php(333): Illuminate\\Database\\Connection->run('select * from `...', Array, Object(Closure))
#2 C:\\xampp\\htdocs\\be-fms\\api\\vendor\\illuminate\\database\\Query\\Builder.php(2130): Illuminate\\Database\\Connection->select('select * from `...', Array, true)
#3 C:\\xampp\\htdocs\\be-fms\\api\\vendor\\illuminate\\database\\Query\\Builder.php(2118): Illuminate\\Database\\Query\\Builder->runSelect()
#4 C:\\xampp\\htdocs\\be-fms\\api\\vendor\\illuminate\\database\\Query\\Builder.php(2604): Illuminate\\Database\\Query\\Builder->Illuminate\\Database\\Query\\{closure}()
#5 C:\\xampp\\htdocs\\be-fms\\api\\vendor\\illuminate\\database\\Query\\Builder.php(2119): Illuminate\\Database\\Query\\Builder->onceWithColumns(Array, Object(Closure))
#6 C:\\xampp\\htdocs\\be-fms\\api\\vendor\\illuminate\\database\\Eloquent\\Builder.php(521): Illuminate\\Database\\Query\\Builder->get(Array)
#7 C:\\xampp\\htdocs\\be-fms\\api\\vendor\\illuminate\\database\\Eloquent\\Builder.php(505): Illuminate\\Database\\Eloquent\\Builder->getModels(Array)
#8 C:\\xampp\\htdocs\\be-fms\\api\\vendor\\illuminate\\database\\Concerns\\BuildsQueries.php(77): Illuminate\\Database\\Eloquent\\Builder->get(Array)
#9 C:\\xampp\\htdocs\\be-fms\\api\\app\\Http\\Middleware\\Authenticate.php(49): Illuminate\\Database\\Eloquent\\Builder->first()
#10 C:\\xampp\\htdocs\\be-fms\\api\\vendor\\illuminate\\pipeline\\Pipeline.php(163): App\\Http\\Middleware\\Authenticate->handle(Object(Laravel\\Lumen\\Http\\Request), Object(Closure))
#11 [internal function]: Illuminate\\Pipeline\\Pipeline->Illuminate\\Pipeline\\{closure}(Object(Laravel\\Lumen\\Http\\Request))
#12 C:\\xampp\\htdocs\\be-fms\\api\\vendor\\laravel\\lumen-framework\\src\\Routing\\Pipeline.php(32): call_user_func(Object(Closure), Object(Laravel\\Lumen\\Http\\Request))
#13 C:\\xampp\\htdocs\\be-fms\\api\\vendor\\illuminate\\pipeline\\Pipeline.php(104): Laravel\\Lumen\\Routing\\Pipeline->Laravel\\Lumen\\Routing\\{closure}(Object(Laravel\\Lumen\\Http\\Request))
#14 C:\\xampp\\htdocs\\be-fms\\api\\vendor\\laravel\\lumen-framework\\src\\Concerns\\RoutesRequests.php(413): Illuminate\\Pipeline\\Pipeline->then(Object(Closure))
#15 C:\\xampp\\htdocs\\be-fms\\api\\vendor\\laravel\\lumen-framework\\src\\Concerns\\RoutesRequests.php(259): Laravel\\Lumen\\Application->sendThroughPipeline(Array, Object(Closure))
#16 C:\\xampp\\htdocs\\be-fms\\api\\vendor\\laravel\\lumen-framework\\src\\Concerns\\RoutesRequests.php(165): Laravel\\Lumen\\Application->handleFoundRoute(Array)
#17 C:\\xampp\\htdocs\\be-fms\\api\\vendor\\laravel\\lumen-framework\\src\\Concerns\\RoutesRequests.php(416): Laravel\\Lumen\\Application->Laravel\\Lumen\\Concerns\\{closure}(Object(Laravel\\Lumen\\Http\\Request))
#18 C:\\xampp\\htdocs\\be-fms\\api\\vendor\\laravel\\lumen-framework\\src\\Concerns\\RoutesRequests.php(171): Laravel\\Lumen\\Application->sendThroughPipeline(Array, Object(Closure))
#19 C:\\xampp\\htdocs\\be-fms\\api\\vendor\\laravel\\lumen-framework\\src\\Concerns\\RoutesRequests.php(108): Laravel\\Lumen\\Application->dispatch(NULL)
#20 C:\\xampp\\htdocs\\be-fms\\api\\public\\index.php(28): Laravel\\Lumen\\Application->run()
#21 {main}
"} 
[2026-02-04 06:43:34] local.ERROR: PDOException: SQLSTATE[HY000] [2002] No connection could be made because the target machine actively refused it.
 in C:\xampp\htdocs\be-fms\api\vendor\illuminate\database\Connectors\Connector.php:70
Stack trace:
#0 C:\xampp\htdocs\be-fms\api\vendor\illuminate\database\Connectors\Connector.php(70): PDO->__construct('mysql:host=127....', 'root', '', Array)
#1 C:\xampp\htdocs\be-fms\api\vendor\illuminate\database\Connectors\Connector.php(46): Illuminate\Database\Connectors\Connector->createPdoConnection('mysql:host=127....', 'root', '', Array)
#2 C:\xampp\htdocs\be-fms\api\vendor\illuminate\database\Connectors\MySqlConnector.php(24): Illuminate\Database\Connectors\Connector->createConnection('mysql:host=127....', Array, Array)
#3 C:\xampp\htdocs\be-fms\api\vendor\illuminate\database\Connectors\ConnectionFactory.php(182): Illuminate\Database\Connectors\MySqlConnector->connect(Array)
#4 [internal function]: Illuminate\Database\Connectors\ConnectionFactory->Illuminate\Database\Connectors\{closure}()
#5 C:\xampp\htdocs\be-fms\api\vendor\illuminate\database\Connection.php(919): call_user_func(Object(Closure))
#6 C:\xampp\htdocs\be-fms\api\vendor\illuminate\database\Connection.php(944): Illuminate\Database\Connection->getPdo()
#7 C:\xampp\htdocs\be-fms\api\vendor\illuminate\database\Connection.php(399): Illuminate\Database\Connection->getReadPdo()
#8 C:\xampp\htdocs\be-fms\api\vendor\illuminate\database\Connection.php(325): Illuminate\Database\Connection->getPdoForSelect(true)
#9 C:\xampp\htdocs\be-fms\api\vendor\illuminate\database\Connection.php(657): Illuminate\Database\Connection->Illuminate\Database\{closure}('select * from `...', Array)
#10 C:\xampp\htdocs\be-fms\api\vendor\illuminate\database\Connection.php(624): Illuminate\Database\Connection->runQueryCallback('select * from `...', Array, Object(Closure))
#11 C:\xampp\htdocs\be-fms\api\vendor\illuminate\database\Connection.php(333): Illuminate\Database\Connection->run('select * from `...', Array, Object(Closure))
#12 C:\xampp\htdocs\be-fms\api\vendor\illuminate\database\Query\Builder.php(2130): Illuminate\Database\Connection->select('select * from `...', Array, true)
#13 C:\xampp\htdocs\be-fms\api\vendor\illuminate\database\Query\Builder.php(2118): Illuminate\Database\Query\Builder->runSelect()
#14 C:\xampp\htdocs\be-fms\api\vendor\illuminate\database\Query\Builder.php(2604): Illuminate\Database\Query\Builder->Illuminate\Database\Query\{closure}()
#15 C:\xampp\htdocs\be-fms\api\vendor\illuminate\database\Query\Builder.php(2119): Illuminate\Database\Query\Builder->onceWithColumns(Array, Object(Closure))
#16 C:\xampp\htdocs\be-fms\api\vendor\illuminate\database\Eloquent\Builder.php(521): Illuminate\Database\Query\Builder->get(Array)
#17 C:\xampp\htdocs\be-fms\api\vendor\illuminate\database\Eloquent\Builder.php(505): Illuminate\Database\Eloquent\Builder->getModels(Array)
#18 C:\xampp\htdocs\be-fms\api\vendor\illuminate\database\Concerns\BuildsQueries.php(77): Illuminate\Database\Eloquent\Builder->get(Array)
#19 C:\xampp\htdocs\be-fms\api\app\Http\Middleware\Authenticate.php(49): Illuminate\Database\Eloquent\Builder->first()
#20 C:\xampp\htdocs\be-fms\api\vendor\illuminate\pipeline\Pipeline.php(163): App\Http\Middleware\Authenticate->handle(Object(Laravel\Lumen\Http\Request), Object(Closure))
#21 [internal function]: Illuminate\Pipeline\Pipeline->Illuminate\Pipeline\{closure}(Object(Laravel\Lumen\Http\Request))
#22 C:\xampp\htdocs\be-fms\api\vendor\laravel\lumen-framework\src\Routing\Pipeline.php(32): call_user_func(Object(Closure), Object(Laravel\Lumen\Http\Request))
#23 C:\xampp\htdocs\be-fms\api\vendor\illuminate\pipeline\Pipeline.php(104): Laravel\Lumen\Routing\Pipeline->Laravel\Lumen\Routing\{closure}(Object(Laravel\Lumen\Http\Request))
#24 C:\xampp\htdocs\be-fms\api\vendor\laravel\lumen-framework\src\Concerns\RoutesRequests.php(413): Illuminate\Pipeline\Pipeline->then(Object(Closure))
#25 C:\xampp\htdocs\be-fms\api\vendor\laravel\lumen-framework\src\Concerns\RoutesRequests.php(259): Laravel\Lumen\Application->sendThroughPipeline(Array, Object(Closure))
#26 C:\xampp\htdocs\be-fms\api\vendor\laravel\lumen-framework\src\Concerns\RoutesRequests.php(233): Laravel\Lumen\Application->handleFoundRoute(Array)
#27 C:\xampp\htdocs\be-fms\api\vendor\laravel\lumen-framework\src\Concerns\RoutesRequests.php(169): Laravel\Lumen\Application->handleDispatcherResponse(Array)
#28 C:\xampp\htdocs\be-fms\api\vendor\laravel\lumen-framework\src\Concerns\RoutesRequests.php(416): Laravel\Lumen\Application->Laravel\Lumen\Concerns\{closure}(Object(Laravel\Lumen\Http\Request))
#29 C:\xampp\htdocs\be-fms\api\vendor\laravel\lumen-framework\src\Concerns\RoutesRequests.php(171): Laravel\Lumen\Application->sendThroughPipeline(Array, Object(Closure))
#30 C:\xampp\htdocs\be-fms\api\vendor\laravel\lumen-framework\src\Concerns\RoutesRequests.php(108): Laravel\Lumen\Application->dispatch(NULL)
#31 C:\xampp\htdocs\be-fms\api\public\index.php(28): Laravel\Lumen\Application->run()
#32 {main}

Next Illuminate\Database\QueryException: SQLSTATE[HY000] [2002] No connection could be made because the target machine actively refused it.
 (SQL: select * from `UserLogin` where `ApiKey` = d3hVVk1NcUJHNXdmVGNxbk90a3JEZTBuZkFrbDBzMjB2OGVVSnFaYg== limit 1) in C:\xampp\htdocs\be-fms\api\vendor\illuminate\database\Connection.php:664
Stack trace:
#0 C:\xampp\htdocs\be-fms\api\vendor\illuminate\database\Connection.php(624): Illuminate\Database\Connection->runQueryCallback('select * from `...', Array, Object(Closure))
#1 C:\xampp\htdocs\be-fms\api\vendor\illuminate\database\Connection.php(333): Illuminate\Database\Connection->run('select * from `...', Array, Object(Closure))
#2 C:\xampp\htdocs\be-fms\api\vendor\illuminate\database\Query\Builder.php(2130): Illuminate\Database\Connection->select('select * from `...', Array, true)
#3 C:\xampp\htdocs\be-fms\api\vendor\illuminate\database\Query\Builder.php(2118): Illuminate\Database\Query\Builder->runSelect()
#4 C:\xampp\htdocs\be-fms\api\vendor\illuminate\database\Query\Builder.php(2604): Illuminate\Database\Query\Builder->Illuminate\Database\Query\{closure}()
#5 C:\xampp\htdocs\be-fms\api\vendor\illuminate\database\Query\Builder.php(2119): Illuminate\Database\Query\Builder->onceWithColumns(Array, Object(Closure))
#6 C:\xampp\htdocs\be-fms\api\vendor\illuminate\database\Eloquent\Builder.php(521): Illuminate\Database\Query\Builder->get(Array)
#7 C:\xampp\htdocs\be-fms\api\vendor\illuminate\database\Eloquent\Builder.php(505): Illuminate\Database\Eloquent\Builder->getModels(Array)
#8 C:\xampp\htdocs\be-fms\api\vendor\illuminate\database\Concerns\BuildsQueries.php(77): Illuminate\Database\Eloquent\Builder->get(Array)
#9 C:\xampp\htdocs\be-fms\api\app\Http\Middleware\Authenticate.php(49): Illuminate\Database\Eloquent\Builder->first()
#10 C:\xampp\htdocs\be-fms\api\vendor\illuminate\pipeline\Pipeline.php(163): App\Http\Middleware\Authenticate->handle(Object(Laravel\Lumen\Http\Request), Object(Closure))
#11 [internal function]: Illuminate\Pipeline\Pipeline->Illuminate\Pipeline\{closure}(Object(Laravel\Lumen\Http\Request))
#12 C:\xampp\htdocs\be-fms\api\vendor\laravel\lumen-framework\src\Routing\Pipeline.php(32): call_user_func(Object(Closure), Object(Laravel\Lumen\Http\Request))
#13 C:\xampp\htdocs\be-fms\api\vendor\illuminate\pipeline\Pipeline.php(104): Laravel\Lumen\Routing\Pipeline->Laravel\Lumen\Routing\{closure}(Object(Laravel\Lumen\Http\Request))
#14 C:\xampp\htdocs\be-fms\api\vendor\laravel\lumen-framework\src\Concerns\RoutesRequests.php(413): Illuminate\Pipeline\Pipeline->then(Object(Closure))
#15 C:\xampp\htdocs\be-fms\api\vendor\laravel\lumen-framework\src\Concerns\RoutesRequests.php(259): Laravel\Lumen\Application->sendThroughPipeline(Array, Object(Closure))
#16 C:\xampp\htdocs\be-fms\api\vendor\laravel\lumen-framework\src\Concerns\RoutesRequests.php(233): Laravel\Lumen\Application->handleFoundRoute(Array)
#17 C:\xampp\htdocs\be-fms\api\vendor\laravel\lumen-framework\src\Concerns\RoutesRequests.php(169): Laravel\Lumen\Application->handleDispatcherResponse(Array)
#18 C:\xampp\htdocs\be-fms\api\vendor\laravel\lumen-framework\src\Concerns\RoutesRequests.php(416): Laravel\Lumen\Application->Laravel\Lumen\Concerns\{closure}(Object(Laravel\Lumen\Http\Request))
#19 C:\xampp\htdocs\be-fms\api\vendor\laravel\lumen-framework\src\Concerns\RoutesRequests.php(171): Laravel\Lumen\Application->sendThroughPipeline(Array, Object(Closure))
#20 C:\xampp\htdocs\be-fms\api\vendor\laravel\lumen-framework\src\Concerns\RoutesRequests.php(108): Laravel\Lumen\Application->dispatch(NULL)
#21 C:\xampp\htdocs\be-fms\api\public\index.php(28): Laravel\Lumen\Application->run()
#22 {main} {"exception":"[object] (Illuminate\\Database\\QueryException(code: 2002): SQLSTATE[HY000] [2002] No connection could be made because the target machine actively refused it.
 (SQL: select * from `UserLogin` where `ApiKey` = d3hVVk1NcUJHNXdmVGNxbk90a3JEZTBuZkFrbDBzMjB2OGVVSnFaYg== limit 1) at C:\\xampp\\htdocs\\be-fms\\api\\vendor\\illuminate\\database\\Connection.php:664, PDOException(code: 2002): SQLSTATE[HY000] [2002] No connection could be made because the target machine actively refused it.
 at C:\\xampp\\htdocs\\be-fms\\api\\vendor\\illuminate\\database\\Connectors\\Connector.php:70)
[stacktrace]
#0 C:\\xampp\\htdocs\\be-fms\\api\\vendor\\illuminate\\database\\Connection.php(624): Illuminate\\Database\\Connection->runQueryCallback('select * from `...', Array, Object(Closure))
#1 C:\\xampp\\htdocs\\be-fms\\api\\vendor\\illuminate\\database\\Connection.php(333): Illuminate\\Database\\Connection->run('select * from `...', Array, Object(Closure))
#2 C:\\xampp\\htdocs\\be-fms\\api\\vendor\\illuminate\\database\\Query\\Builder.php(2130): Illuminate\\Database\\Connection->select('select * from `...', Array, true)
#3 C:\\xampp\\htdocs\\be-fms\\api\\vendor\\illuminate\\database\\Query\\Builder.php(2118): Illuminate\\Database\\Query\\Builder->runSelect()
#4 C:\\xampp\\htdocs\\be-fms\\api\\vendor\\illuminate\\database\\Query\\Builder.php(2604): Illuminate\\Database\\Query\\Builder->Illuminate\\Database\\Query\\{closure}()
#5 C:\\xampp\\htdocs\\be-fms\\api\\vendor\\illuminate\\database\\Query\\Builder.php(2119): Illuminate\\Database\\Query\\Builder->onceWithColumns(Array, Object(Closure))
#6 C:\\xampp\\htdocs\\be-fms\\api\\vendor\\illuminate\\database\\Eloquent\\Builder.php(521): Illuminate\\Database\\Query\\Builder->get(Array)
#7 C:\\xampp\\htdocs\\be-fms\\api\\vendor\\illuminate\\database\\Eloquent\\Builder.php(505): Illuminate\\Database\\Eloquent\\Builder->getModels(Array)
#8 C:\\xampp\\htdocs\\be-fms\\api\\vendor\\illuminate\\database\\Concerns\\BuildsQueries.php(77): Illuminate\\Database\\Eloquent\\Builder->get(Array)
#9 C:\\xampp\\htdocs\\be-fms\\api\\app\\Http\\Middleware\\Authenticate.php(49): Illuminate\\Database\\Eloquent\\Builder->first()
#10 C:\\xampp\\htdocs\\be-fms\\api\\vendor\\illuminate\\pipeline\\Pipeline.php(163): App\\Http\\Middleware\\Authenticate->handle(Object(Laravel\\Lumen\\Http\\Request), Object(Closure))
#11 [internal function]: Illuminate\\Pipeline\\Pipeline->Illuminate\\Pipeline\\{closure}(Object(Laravel\\Lumen\\Http\\Request))
#12 C:\\xampp\\htdocs\\be-fms\\api\\vendor\\laravel\\lumen-framework\\src\\Routing\\Pipeline.php(32): call_user_func(Object(Closure), Object(Laravel\\Lumen\\Http\\Request))
#13 C:\\xampp\\htdocs\\be-fms\\api\\vendor\\illuminate\\pipeline\\Pipeline.php(104): Laravel\\Lumen\\Routing\\Pipeline->Laravel\\Lumen\\Routing\\{closure}(Object(Laravel\\Lumen\\Http\\Request))
#14 C:\\xampp\\htdocs\\be-fms\\api\\vendor\\laravel\\lumen-framework\\src\\Concerns\\RoutesRequests.php(413): Illuminate\\Pipeline\\Pipeline->then(Object(Closure))
#15 C:\\xampp\\htdocs\\be-fms\\api\\vendor\\laravel\\lumen-framework\\src\\Concerns\\RoutesRequests.php(259): Laravel\\Lumen\\Application->sendThroughPipeline(Array, Object(Closure))
#16 C:\\xampp\\htdocs\\be-fms\\api\\vendor\\laravel\\lumen-framework\\src\\Concerns\\RoutesRequests.php(233): Laravel\\Lumen\\Application->handleFoundRoute(Array)
#17 C:\\xampp\\htdocs\\be-fms\\api\\vendor\\laravel\\lumen-framework\\src\\Concerns\\RoutesRequests.php(169): Laravel\\Lumen\\Application->handleDispatcherResponse(Array)
#18 C:\\xampp\\htdocs\\be-fms\\api\\vendor\\laravel\\lumen-framework\\src\\Concerns\\RoutesRequests.php(416): Laravel\\Lumen\\Application->Laravel\\Lumen\\Concerns\\{closure}(Object(Laravel\\Lumen\\Http\\Request))
#19 C:\\xampp\\htdocs\\be-fms\\api\\vendor\\laravel\\lumen-framework\\src\\Concerns\\RoutesRequests.php(171): Laravel\\Lumen\\Application->sendThroughPipeline(Array, Object(Closure))
#20 C:\\xampp\\htdocs\\be-fms\\api\\vendor\\laravel\\lumen-framework\\src\\Concerns\\RoutesRequests.php(108): Laravel\\Lumen\\Application->dispatch(NULL)
#21 C:\\xampp\\htdocs\\be-fms\\api\\public\\index.php(28): Laravel\\Lumen\\Application->run()
#22 {main}
"} 
[2026-02-04 06:43:36] local.ERROR: PDOException: SQLSTATE[HY000] [2002] No connection could be made because the target machine actively refused it.
 in C:\xampp\htdocs\be-fms\api\vendor\illuminate\database\Connectors\Connector.php:70
Stack trace:
#0 C:\xampp\htdocs\be-fms\api\vendor\illuminate\database\Connectors\Connector.php(70): PDO->__construct('mysql:host=127....', 'root', '', Array)
#1 C:\xampp\htdocs\be-fms\api\vendor\illuminate\database\Connectors\Connector.php(46): Illuminate\Database\Connectors\Connector->createPdoConnection('mysql:host=127....', 'root', '', Array)
#2 C:\xampp\htdocs\be-fms\api\vendor\illuminate\database\Connectors\MySqlConnector.php(24): Illuminate\Database\Connectors\Connector->createConnection('mysql:host=127....', Array, Array)
#3 C:\xampp\htdocs\be-fms\api\vendor\illuminate\database\Connectors\ConnectionFactory.php(182): Illuminate\Database\Connectors\MySqlConnector->connect(Array)
#4 [internal function]: Illuminate\Database\Connectors\ConnectionFactory->Illuminate\Database\Connectors\{closure}()
#5 C:\xampp\htdocs\be-fms\api\vendor\illuminate\database\Connection.php(919): call_user_func(Object(Closure))
#6 C:\xampp\htdocs\be-fms\api\vendor\illuminate\database\Connection.php(944): Illuminate\Database\Connection->getPdo()
#7 C:\xampp\htdocs\be-fms\api\vendor\illuminate\database\Connection.php(399): Illuminate\Database\Connection->getReadPdo()
#8 C:\xampp\htdocs\be-fms\api\vendor\illuminate\database\Connection.php(325): Illuminate\Database\Connection->getPdoForSelect(true)
#9 C:\xampp\htdocs\be-fms\api\vendor\illuminate\database\Connection.php(657): Illuminate\Database\Connection->Illuminate\Database\{closure}('select * from `...', Array)
#10 C:\xampp\htdocs\be-fms\api\vendor\illuminate\database\Connection.php(624): Illuminate\Database\Connection->runQueryCallback('select * from `...', Array, Object(Closure))
#11 C:\xampp\htdocs\be-fms\api\vendor\illuminate\database\Connection.php(333): Illuminate\Database\Connection->run('select * from `...', Array, Object(Closure))
#12 C:\xampp\htdocs\be-fms\api\vendor\illuminate\database\Query\Builder.php(2130): Illuminate\Database\Connection->select('select * from `...', Array, true)
#13 C:\xampp\htdocs\be-fms\api\vendor\illuminate\database\Query\Builder.php(2118): Illuminate\Database\Query\Builder->runSelect()
#14 C:\xampp\htdocs\be-fms\api\vendor\illuminate\database\Query\Builder.php(2604): Illuminate\Database\Query\Builder->Illuminate\Database\Query\{closure}()
#15 C:\xampp\htdocs\be-fms\api\vendor\illuminate\database\Query\Builder.php(2119): Illuminate\Database\Query\Builder->onceWithColumns(Array, Object(Closure))
#16 C:\xampp\htdocs\be-fms\api\vendor\illuminate\database\Eloquent\Builder.php(521): Illuminate\Database\Query\Builder->get(Array)
#17 C:\xampp\htdocs\be-fms\api\vendor\illuminate\database\Eloquent\Builder.php(505): Illuminate\Database\Eloquent\Builder->getModels(Array)
#18 C:\xampp\htdocs\be-fms\api\vendor\illuminate\database\Concerns\BuildsQueries.php(77): Illuminate\Database\Eloquent\Builder->get(Array)
#19 C:\xampp\htdocs\be-fms\api\app\Http\Middleware\Authenticate.php(49): Illuminate\Database\Eloquent\Builder->first()
#20 C:\xampp\htdocs\be-fms\api\vendor\illuminate\pipeline\Pipeline.php(163): App\Http\Middleware\Authenticate->handle(Object(Laravel\Lumen\Http\Request), Object(Closure))
#21 [internal function]: Illuminate\Pipeline\Pipeline->Illuminate\Pipeline\{closure}(Object(Laravel\Lumen\Http\Request))
#22 C:\xampp\htdocs\be-fms\api\vendor\laravel\lumen-framework\src\Routing\Pipeline.php(32): call_user_func(Object(Closure), Object(Laravel\Lumen\Http\Request))
#23 C:\xampp\htdocs\be-fms\api\vendor\illuminate\pipeline\Pipeline.php(104): Laravel\Lumen\Routing\Pipeline->Laravel\Lumen\Routing\{closure}(Object(Laravel\Lumen\Http\Request))
#24 C:\xampp\htdocs\be-fms\api\vendor\laravel\lumen-framework\src\Concerns\RoutesRequests.php(413): Illuminate\Pipeline\Pipeline->then(Object(Closure))
#25 C:\xampp\htdocs\be-fms\api\vendor\laravel\lumen-framework\src\Concerns\RoutesRequests.php(259): Laravel\Lumen\Application->sendThroughPipeline(Array, Object(Closure))
#26 C:\xampp\htdocs\be-fms\api\vendor\laravel\lumen-framework\src\Concerns\RoutesRequests.php(233): Laravel\Lumen\Application->handleFoundRoute(Array)
#27 C:\xampp\htdocs\be-fms\api\vendor\laravel\lumen-framework\src\Concerns\RoutesRequests.php(169): Laravel\Lumen\Application->handleDispatcherResponse(Array)
#28 C:\xampp\htdocs\be-fms\api\vendor\laravel\lumen-framework\src\Concerns\RoutesRequests.php(416): Laravel\Lumen\Application->Laravel\Lumen\Concerns\{closure}(Object(Laravel\Lumen\Http\Request))
#29 C:\xampp\htdocs\be-fms\api\vendor\laravel\lumen-framework\src\Concerns\RoutesRequests.php(171): Laravel\Lumen\Application->sendThroughPipeline(Array, Object(Closure))
#30 C:\xampp\htdocs\be-fms\api\vendor\laravel\lumen-framework\src\Concerns\RoutesRequests.php(108): Laravel\Lumen\Application->dispatch(NULL)
#31 C:\xampp\htdocs\be-fms\api\public\index.php(28): Laravel\Lumen\Application->run()
#32 {main}

Next Illuminate\Database\QueryException: SQLSTATE[HY000] [2002] No connection could be made because the target machine actively refused it.
 (SQL: select * from `UserLogin` where `ApiKey` = d3hVVk1NcUJHNXdmVGNxbk90a3JEZTBuZkFrbDBzMjB2OGVVSnFaYg== limit 1) in C:\xampp\htdocs\be-fms\api\vendor\illuminate\database\Connection.php:664
Stack trace:
#0 C:\xampp\htdocs\be-fms\api\vendor\illuminate\database\Connection.php(624): Illuminate\Database\Connection->runQueryCallback('select * from `...', Array, Object(Closure))
#1 C:\xampp\htdocs\be-fms\api\vendor\illuminate\database\Connection.php(333): Illuminate\Database\Connection->run('select * from `...', Array, Object(Closure))
#2 C:\xampp\htdocs\be-fms\api\vendor\illuminate\database\Query\Builder.php(2130): Illuminate\Database\Connection->select('select * from `...', Array, true)
#3 C:\xampp\htdocs\be-fms\api\vendor\illuminate\database\Query\Builder.php(2118): Illuminate\Database\Query\Builder->runSelect()
#4 C:\xampp\htdocs\be-fms\api\vendor\illuminate\database\Query\Builder.php(2604): Illuminate\Database\Query\Builder->Illuminate\Database\Query\{closure}()
#5 C:\xampp\htdocs\be-fms\api\vendor\illuminate\database\Query\Builder.php(2119): Illuminate\Database\Query\Builder->onceWithColumns(Array, Object(Closure))
#6 C:\xampp\htdocs\be-fms\api\vendor\illuminate\database\Eloquent\Builder.php(521): Illuminate\Database\Query\Builder->get(Array)
#7 C:\xampp\htdocs\be-fms\api\vendor\illuminate\database\Eloquent\Builder.php(505): Illuminate\Database\Eloquent\Builder->getModels(Array)
#8 C:\xampp\htdocs\be-fms\api\vendor\illuminate\database\Concerns\BuildsQueries.php(77): Illuminate\Database\Eloquent\Builder->get(Array)
#9 C:\xampp\htdocs\be-fms\api\app\Http\Middleware\Authenticate.php(49): Illuminate\Database\Eloquent\Builder->first()
#10 C:\xampp\htdocs\be-fms\api\vendor\illuminate\pipeline\Pipeline.php(163): App\Http\Middleware\Authenticate->handle(Object(Laravel\Lumen\Http\Request), Object(Closure))
#11 [internal function]: Illuminate\Pipeline\Pipeline->Illuminate\Pipeline\{closure}(Object(Laravel\Lumen\Http\Request))
#12 C:\xampp\htdocs\be-fms\api\vendor\laravel\lumen-framework\src\Routing\Pipeline.php(32): call_user_func(Object(Closure), Object(Laravel\Lumen\Http\Request))
#13 C:\xampp\htdocs\be-fms\api\vendor\illuminate\pipeline\Pipeline.php(104): Laravel\Lumen\Routing\Pipeline->Laravel\Lumen\Routing\{closure}(Object(Laravel\Lumen\Http\Request))
#14 C:\xampp\htdocs\be-fms\api\vendor\laravel\lumen-framework\src\Concerns\RoutesRequests.php(413): Illuminate\Pipeline\Pipeline->then(Object(Closure))
#15 C:\xampp\htdocs\be-fms\api\vendor\laravel\lumen-framework\src\Concerns\RoutesRequests.php(259): Laravel\Lumen\Application->sendThroughPipeline(Array, Object(Closure))
#16 C:\xampp\htdocs\be-fms\api\vendor\laravel\lumen-framework\src\Concerns\RoutesRequests.php(233): Laravel\Lumen\Application->handleFoundRoute(Array)
#17 C:\xampp\htdocs\be-fms\api\vendor\laravel\lumen-framework\src\Concerns\RoutesRequests.php(169): Laravel\Lumen\Application->handleDispatcherResponse(Array)
#18 C:\xampp\htdocs\be-fms\api\vendor\laravel\lumen-framework\src\Concerns\RoutesRequests.php(416): Laravel\Lumen\Application->Laravel\Lumen\Concerns\{closure}(Object(Laravel\Lumen\Http\Request))
#19 C:\xampp\htdocs\be-fms\api\vendor\laravel\lumen-framework\src\Concerns\RoutesRequests.php(171): Laravel\Lumen\Application->sendThroughPipeline(Array, Object(Closure))
#20 C:\xampp\htdocs\be-fms\api\vendor\laravel\lumen-framework\src\Concerns\RoutesRequests.php(108): Laravel\Lumen\Application->dispatch(NULL)
#21 C:\xampp\htdocs\be-fms\api\public\index.php(28): Laravel\Lumen\Application->run()
#22 {main} {"exception":"[object] (Illuminate\\Database\\QueryException(code: 2002): SQLSTATE[HY000] [2002] No connection could be made because the target machine actively refused it.
 (SQL: select * from `UserLogin` where `ApiKey` = d3hVVk1NcUJHNXdmVGNxbk90a3JEZTBuZkFrbDBzMjB2OGVVSnFaYg== limit 1) at C:\\xampp\\htdocs\\be-fms\\api\\vendor\\illuminate\\database\\Connection.php:664, PDOException(code: 2002): SQLSTATE[HY000] [2002] No connection could be made because the target machine actively refused it.
 at C:\\xampp\\htdocs\\be-fms\\api\\vendor\\illuminate\\database\\Connectors\\Connector.php:70)
[stacktrace]
#0 C:\\xampp\\htdocs\\be-fms\\api\\vendor\\illuminate\\database\\Connection.php(624): Illuminate\\Database\\Connection->runQueryCallback('select * from `...', Array, Object(Closure))
#1 C:\\xampp\\htdocs\\be-fms\\api\\vendor\\illuminate\\database\\Connection.php(333): Illuminate\\Database\\Connection->run('select * from `...', Array, Object(Closure))
#2 C:\\xampp\\htdocs\\be-fms\\api\\vendor\\illuminate\\database\\Query\\Builder.php(2130): Illuminate\\Database\\Connection->select('select * from `...', Array, true)
#3 C:\\xampp\\htdocs\\be-fms\\api\\vendor\\illuminate\\database\\Query\\Builder.php(2118): Illuminate\\Database\\Query\\Builder->runSelect()
#4 C:\\xampp\\htdocs\\be-fms\\api\\vendor\\illuminate\\database\\Query\\Builder.php(2604): Illuminate\\Database\\Query\\Builder->Illuminate\\Database\\Query\\{closure}()
#5 C:\\xampp\\htdocs\\be-fms\\api\\vendor\\illuminate\\database\\Query\\Builder.php(2119): Illuminate\\Database\\Query\\Builder->onceWithColumns(Array, Object(Closure))
#6 C:\\xampp\\htdocs\\be-fms\\api\\vendor\\illuminate\\database\\Eloquent\\Builder.php(521): Illuminate\\Database\\Query\\Builder->get(Array)
#7 C:\\xampp\\htdocs\\be-fms\\api\\vendor\\illuminate\\database\\Eloquent\\Builder.php(505): Illuminate\\Database\\Eloquent\\Builder->getModels(Array)
#8 C:\\xampp\\htdocs\\be-fms\\api\\vendor\\illuminate\\database\\Concerns\\BuildsQueries.php(77): Illuminate\\Database\\Eloquent\\Builder->get(Array)
#9 C:\\xampp\\htdocs\\be-fms\\api\\app\\Http\\Middleware\\Authenticate.php(49): Illuminate\\Database\\Eloquent\\Builder->first()
#10 C:\\xampp\\htdocs\\be-fms\\api\\vendor\\illuminate\\pipeline\\Pipeline.php(163): App\\Http\\Middleware\\Authenticate->handle(Object(Laravel\\Lumen\\Http\\Request), Object(Closure))
#11 [internal function]: Illuminate\\Pipeline\\Pipeline->Illuminate\\Pipeline\\{closure}(Object(Laravel\\Lumen\\Http\\Request))
#12 C:\\xampp\\htdocs\\be-fms\\api\\vendor\\laravel\\lumen-framework\\src\\Routing\\Pipeline.php(32): call_user_func(Object(Closure), Object(Laravel\\Lumen\\Http\\Request))
#13 C:\\xampp\\htdocs\\be-fms\\api\\vendor\\illuminate\\pipeline\\Pipeline.php(104): Laravel\\Lumen\\Routing\\Pipeline->Laravel\\Lumen\\Routing\\{closure}(Object(Laravel\\Lumen\\Http\\Request))
#14 C:\\xampp\\htdocs\\be-fms\\api\\vendor\\laravel\\lumen-framework\\src\\Concerns\\RoutesRequests.php(413): Illuminate\\Pipeline\\Pipeline->then(Object(Closure))
#15 C:\\xampp\\htdocs\\be-fms\\api\\vendor\\laravel\\lumen-framework\\src\\Concerns\\RoutesRequests.php(259): Laravel\\Lumen\\Application->sendThroughPipeline(Array, Object(Closure))
#16 C:\\xampp\\htdocs\\be-fms\\api\\vendor\\laravel\\lumen-framework\\src\\Concerns\\RoutesRequests.php(233): Laravel\\Lumen\\Application->handleFoundRoute(Array)
#17 C:\\xampp\\htdocs\\be-fms\\api\\vendor\\laravel\\lumen-framework\\src\\Concerns\\RoutesRequests.php(169): Laravel\\Lumen\\Application->handleDispatcherResponse(Array)
#18 C:\\xampp\\htdocs\\be-fms\\api\\vendor\\laravel\\lumen-framework\\src\\Concerns\\RoutesRequests.php(416): Laravel\\Lumen\\Application->Laravel\\Lumen\\Concerns\\{closure}(Object(Laravel\\Lumen\\Http\\Request))
#19 C:\\xampp\\htdocs\\be-fms\\api\\vendor\\laravel\\lumen-framework\\src\\Concerns\\RoutesRequests.php(171): Laravel\\Lumen\\Application->sendThroughPipeline(Array, Object(Closure))
#20 C:\\xampp\\htdocs\\be-fms\\api\\vendor\\laravel\\lumen-framework\\src\\Concerns\\RoutesRequests.php(108): Laravel\\Lumen\\Application->dispatch(NULL)
#21 C:\\xampp\\htdocs\\be-fms\\api\\public\\index.php(28): Laravel\\Lumen\\Application->run()
#22 {main}
"} 
[2026-02-04 06:43:38] local.ERROR: PDOException: SQLSTATE[HY000] [2002] No connection could be made because the target machine actively refused it.
 in C:\xampp\htdocs\be-fms\api\vendor\illuminate\database\Connectors\Connector.php:70
Stack trace:
#0 C:\xampp\htdocs\be-fms\api\vendor\illuminate\database\Connectors\Connector.php(70): PDO->__construct('mysql:host=127....', 'root', '', Array)
#1 C:\xampp\htdocs\be-fms\api\vendor\illuminate\database\Connectors\Connector.php(46): Illuminate\Database\Connectors\Connector->createPdoConnection('mysql:host=127....', 'root', '', Array)
#2 C:\xampp\htdocs\be-fms\api\vendor\illuminate\database\Connectors\MySqlConnector.php(24): Illuminate\Database\Connectors\Connector->createConnection('mysql:host=127....', Array, Array)
#3 C:\xampp\htdocs\be-fms\api\vendor\illuminate\database\Connectors\ConnectionFactory.php(182): Illuminate\Database\Connectors\MySqlConnector->connect(Array)
#4 [internal function]: Illuminate\Database\Connectors\ConnectionFactory->Illuminate\Database\Connectors\{closure}()
#5 C:\xampp\htdocs\be-fms\api\vendor\illuminate\database\Connection.php(919): call_user_func(Object(Closure))
#6 C:\xampp\htdocs\be-fms\api\vendor\illuminate\database\Connection.php(944): Illuminate\Database\Connection->getPdo()
#7 C:\xampp\htdocs\be-fms\api\vendor\illuminate\database\Connection.php(399): Illuminate\Database\Connection->getReadPdo()
#8 C:\xampp\htdocs\be-fms\api\vendor\illuminate\database\Connection.php(325): Illuminate\Database\Connection->getPdoForSelect(true)
#9 C:\xampp\htdocs\be-fms\api\vendor\illuminate\database\Connection.php(657): Illuminate\Database\Connection->Illuminate\Database\{closure}('select * from `...', Array)
#10 C:\xampp\htdocs\be-fms\api\vendor\illuminate\database\Connection.php(624): Illuminate\Database\Connection->runQueryCallback('select * from `...', Array, Object(Closure))
#11 C:\xampp\htdocs\be-fms\api\vendor\illuminate\database\Connection.php(333): Illuminate\Database\Connection->run('select * from `...', Array, Object(Closure))
#12 C:\xampp\htdocs\be-fms\api\vendor\illuminate\database\Query\Builder.php(2130): Illuminate\Database\Connection->select('select * from `...', Array, true)
#13 C:\xampp\htdocs\be-fms\api\vendor\illuminate\database\Query\Builder.php(2118): Illuminate\Database\Query\Builder->runSelect()
#14 C:\xampp\htdocs\be-fms\api\vendor\illuminate\database\Query\Builder.php(2604): Illuminate\Database\Query\Builder->Illuminate\Database\Query\{closure}()
#15 C:\xampp\htdocs\be-fms\api\vendor\illuminate\database\Query\Builder.php(2119): Illuminate\Database\Query\Builder->onceWithColumns(Array, Object(Closure))
#16 C:\xampp\htdocs\be-fms\api\vendor\illuminate\database\Eloquent\Builder.php(521): Illuminate\Database\Query\Builder->get(Array)
#17 C:\xampp\htdocs\be-fms\api\vendor\illuminate\database\Eloquent\Builder.php(505): Illuminate\Database\Eloquent\Builder->getModels(Array)
#18 C:\xampp\htdocs\be-fms\api\vendor\illuminate\database\Concerns\BuildsQueries.php(77): Illuminate\Database\Eloquent\Builder->get(Array)
#19 C:\xampp\htdocs\be-fms\api\app\Http\Middleware\Authenticate.php(49): Illuminate\Database\Eloquent\Builder->first()
#20 C:\xampp\htdocs\be-fms\api\vendor\illuminate\pipeline\Pipeline.php(163): App\Http\Middleware\Authenticate->handle(Object(Laravel\Lumen\Http\Request), Object(Closure))
#21 [internal function]: Illuminate\Pipeline\Pipeline->Illuminate\Pipeline\{closure}(Object(Laravel\Lumen\Http\Request))
#22 C:\xampp\htdocs\be-fms\api\vendor\laravel\lumen-framework\src\Routing\Pipeline.php(32): call_user_func(Object(Closure), Object(Laravel\Lumen\Http\Request))
#23 C:\xampp\htdocs\be-fms\api\vendor\illuminate\pipeline\Pipeline.php(104): Laravel\Lumen\Routing\Pipeline->Laravel\Lumen\Routing\{closure}(Object(Laravel\Lumen\Http\Request))
#24 C:\xampp\htdocs\be-fms\api\vendor\laravel\lumen-framework\src\Concerns\RoutesRequests.php(413): Illuminate\Pipeline\Pipeline->then(Object(Closure))
#25 C:\xampp\htdocs\be-fms\api\vendor\laravel\lumen-framework\src\Concerns\RoutesRequests.php(259): Laravel\Lumen\Application->sendThroughPipeline(Array, Object(Closure))
#26 C:\xampp\htdocs\be-fms\api\vendor\laravel\lumen-framework\src\Concerns\RoutesRequests.php(165): Laravel\Lumen\Application->handleFoundRoute(Array)
#27 C:\xampp\htdocs\be-fms\api\vendor\laravel\lumen-framework\src\Concerns\RoutesRequests.php(416): Laravel\Lumen\Application->Laravel\Lumen\Concerns\{closure}(Object(Laravel\Lumen\Http\Request))
#28 C:\xampp\htdocs\be-fms\api\vendor\laravel\lumen-framework\src\Concerns\RoutesRequests.php(171): Laravel\Lumen\Application->sendThroughPipeline(Array, Object(Closure))
#29 C:\xampp\htdocs\be-fms\api\vendor\laravel\lumen-framework\src\Concerns\RoutesRequests.php(108): Laravel\Lumen\Application->dispatch(NULL)
#30 C:\xampp\htdocs\be-fms\api\public\index.php(28): Laravel\Lumen\Application->run()
#31 {main}

Next Illuminate\Database\QueryException: SQLSTATE[HY000] [2002] No connection could be made because the target machine actively refused it.
 (SQL: select * from `UserLogin` where `ApiKey` = d3hVVk1NcUJHNXdmVGNxbk90a3JEZTBuZkFrbDBzMjB2OGVVSnFaYg== limit 1) in C:\xampp\htdocs\be-fms\api\vendor\illuminate\database\Connection.php:664
Stack trace:
#0 C:\xampp\htdocs\be-fms\api\vendor\illuminate\database\Connection.php(624): Illuminate\Database\Connection->runQueryCallback('select * from `...', Array, Object(Closure))
#1 C:\xampp\htdocs\be-fms\api\vendor\illuminate\database\Connection.php(333): Illuminate\Database\Connection->run('select * from `...', Array, Object(Closure))
#2 C:\xampp\htdocs\be-fms\api\vendor\illuminate\database\Query\Builder.php(2130): Illuminate\Database\Connection->select('select * from `...', Array, true)
#3 C:\xampp\htdocs\be-fms\api\vendor\illuminate\database\Query\Builder.php(2118): Illuminate\Database\Query\Builder->runSelect()
#4 C:\xampp\htdocs\be-fms\api\vendor\illuminate\database\Query\Builder.php(2604): Illuminate\Database\Query\Builder->Illuminate\Database\Query\{closure}()
#5 C:\xampp\htdocs\be-fms\api\vendor\illuminate\database\Query\Builder.php(2119): Illuminate\Database\Query\Builder->onceWithColumns(Array, Object(Closure))
#6 C:\xampp\htdocs\be-fms\api\vendor\illuminate\database\Eloquent\Builder.php(521): Illuminate\Database\Query\Builder->get(Array)
#7 C:\xampp\htdocs\be-fms\api\vendor\illuminate\database\Eloquent\Builder.php(505): Illuminate\Database\Eloquent\Builder->getModels(Array)
#8 C:\xampp\htdocs\be-fms\api\vendor\illuminate\database\Concerns\BuildsQueries.php(77): Illuminate\Database\Eloquent\Builder->get(Array)
#9 C:\xampp\htdocs\be-fms\api\app\Http\Middleware\Authenticate.php(49): Illuminate\Database\Eloquent\Builder->first()
#10 C:\xampp\htdocs\be-fms\api\vendor\illuminate\pipeline\Pipeline.php(163): App\Http\Middleware\Authenticate->handle(Object(Laravel\Lumen\Http\Request), Object(Closure))
#11 [internal function]: Illuminate\Pipeline\Pipeline->Illuminate\Pipeline\{closure}(Object(Laravel\Lumen\Http\Request))
#12 C:\xampp\htdocs\be-fms\api\vendor\laravel\lumen-framework\src\Routing\Pipeline.php(32): call_user_func(Object(Closure), Object(Laravel\Lumen\Http\Request))
#13 C:\xampp\htdocs\be-fms\api\vendor\illuminate\pipeline\Pipeline.php(104): Laravel\Lumen\Routing\Pipeline->Laravel\Lumen\Routing\{closure}(Object(Laravel\Lumen\Http\Request))
#14 C:\xampp\htdocs\be-fms\api\vendor\laravel\lumen-framework\src\Concerns\RoutesRequests.php(413): Illuminate\Pipeline\Pipeline->then(Object(Closure))
#15 C:\xampp\htdocs\be-fms\api\vendor\laravel\lumen-framework\src\Concerns\RoutesRequests.php(259): Laravel\Lumen\Application->sendThroughPipeline(Array, Object(Closure))
#16 C:\xampp\htdocs\be-fms\api\vendor\laravel\lumen-framework\src\Concerns\RoutesRequests.php(165): Laravel\Lumen\Application->handleFoundRoute(Array)
#17 C:\xampp\htdocs\be-fms\api\vendor\laravel\lumen-framework\src\Concerns\RoutesRequests.php(416): Laravel\Lumen\Application->Laravel\Lumen\Concerns\{closure}(Object(Laravel\Lumen\Http\Request))
#18 C:\xampp\htdocs\be-fms\api\vendor\laravel\lumen-framework\src\Concerns\RoutesRequests.php(171): Laravel\Lumen\Application->sendThroughPipeline(Array, Object(Closure))
#19 C:\xampp\htdocs\be-fms\api\vendor\laravel\lumen-framework\src\Concerns\RoutesRequests.php(108): Laravel\Lumen\Application->dispatch(NULL)
#20 C:\xampp\htdocs\be-fms\api\public\index.php(28): Laravel\Lumen\Application->run()
#21 {main} {"exception":"[object] (Illuminate\\Database\\QueryException(code: 2002): SQLSTATE[HY000] [2002] No connection could be made because the target machine actively refused it.
 (SQL: select * from `UserLogin` where `ApiKey` = d3hVVk1NcUJHNXdmVGNxbk90a3JEZTBuZkFrbDBzMjB2OGVVSnFaYg== limit 1) at C:\\xampp\\htdocs\\be-fms\\api\\vendor\\illuminate\\database\\Connection.php:664, PDOException(code: 2002): SQLSTATE[HY000] [2002] No connection could be made because the target machine actively refused it.
 at C:\\xampp\\htdocs\\be-fms\\api\\vendor\\illuminate\\database\\Connectors\\Connector.php:70)
[stacktrace]
#0 C:\\xampp\\htdocs\\be-fms\\api\\vendor\\illuminate\\database\\Connection.php(624): Illuminate\\Database\\Connection->runQueryCallback('select * from `...', Array, Object(Closure))
#1 C:\\xampp\\htdocs\\be-fms\\api\\vendor\\illuminate\\database\\Connection.php(333): Illuminate\\Database\\Connection->run('select * from `...', Array, Object(Closure))
#2 C:\\xampp\\htdocs\\be-fms\\api\\vendor\\illuminate\\database\\Query\\Builder.php(2130): Illuminate\\Database\\Connection->select('select * from `...', Array, true)
#3 C:\\xampp\\htdocs\\be-fms\\api\\vendor\\illuminate\\database\\Query\\Builder.php(2118): Illuminate\\Database\\Query\\Builder->runSelect()
#4 C:\\xampp\\htdocs\\be-fms\\api\\vendor\\illuminate\\database\\Query\\Builder.php(2604): Illuminate\\Database\\Query\\Builder->Illuminate\\Database\\Query\\{closure}()
#5 C:\\xampp\\htdocs\\be-fms\\api\\vendor\\illuminate\\database\\Query\\Builder.php(2119): Illuminate\\Database\\Query\\Builder->onceWithColumns(Array, Object(Closure))
#6 C:\\xampp\\htdocs\\be-fms\\api\\vendor\\illuminate\\database\\Eloquent\\Builder.php(521): Illuminate\\Database\\Query\\Builder->get(Array)
#7 C:\\xampp\\htdocs\\be-fms\\api\\vendor\\illuminate\\database\\Eloquent\\Builder.php(505): Illuminate\\Database\\Eloquent\\Builder->getModels(Array)
#8 C:\\xampp\\htdocs\\be-fms\\api\\vendor\\illuminate\\database\\Concerns\\BuildsQueries.php(77): Illuminate\\Database\\Eloquent\\Builder->get(Array)
#9 C:\\xampp\\htdocs\\be-fms\\api\\app\\Http\\Middleware\\Authenticate.php(49): Illuminate\\Database\\Eloquent\\Builder->first()
#10 C:\\xampp\\htdocs\\be-fms\\api\\vendor\\illuminate\\pipeline\\Pipeline.php(163): App\\Http\\Middleware\\Authenticate->handle(Object(Laravel\\Lumen\\Http\\Request), Object(Closure))
#11 [internal function]: Illuminate\\Pipeline\\Pipeline->Illuminate\\Pipeline\\{closure}(Object(Laravel\\Lumen\\Http\\Request))
#12 C:\\xampp\\htdocs\\be-fms\\api\\vendor\\laravel\\lumen-framework\\src\\Routing\\Pipeline.php(32): call_user_func(Object(Closure), Object(Laravel\\Lumen\\Http\\Request))
#13 C:\\xampp\\htdocs\\be-fms\\api\\vendor\\illuminate\\pipeline\\Pipeline.php(104): Laravel\\Lumen\\Routing\\Pipeline->Laravel\\Lumen\\Routing\\{closure}(Object(Laravel\\Lumen\\Http\\Request))
#14 C:\\xampp\\htdocs\\be-fms\\api\\vendor\\laravel\\lumen-framework\\src\\Concerns\\RoutesRequests.php(413): Illuminate\\Pipeline\\Pipeline->then(Object(Closure))
#15 C:\\xampp\\htdocs\\be-fms\\api\\vendor\\laravel\\lumen-framework\\src\\Concerns\\RoutesRequests.php(259): Laravel\\Lumen\\Application->sendThroughPipeline(Array, Object(Closure))
#16 C:\\xampp\\htdocs\\be-fms\\api\\vendor\\laravel\\lumen-framework\\src\\Concerns\\RoutesRequests.php(165): Laravel\\Lumen\\Application->handleFoundRoute(Array)
#17 C:\\xampp\\htdocs\\be-fms\\api\\vendor\\laravel\\lumen-framework\\src\\Concerns\\RoutesRequests.php(416): Laravel\\Lumen\\Application->Laravel\\Lumen\\Concerns\\{closure}(Object(Laravel\\Lumen\\Http\\Request))
#18 C:\\xampp\\htdocs\\be-fms\\api\\vendor\\laravel\\lumen-framework\\src\\Concerns\\RoutesRequests.php(171): Laravel\\Lumen\\Application->sendThroughPipeline(Array, Object(Closure))
#19 C:\\xampp\\htdocs\\be-fms\\api\\vendor\\laravel\\lumen-framework\\src\\Concerns\\RoutesRequests.php(108): Laravel\\Lumen\\Application->dispatch(NULL)
#20 C:\\xampp\\htdocs\\be-fms\\api\\public\\index.php(28): Laravel\\Lumen\\Application->run()
#21 {main}
"} 
[2026-02-04 06:49:14] local.ERROR: Login Error: SQLSTATE[HY000] [2002] No connection could be made because the target machine actively refused it.
 (SQL: select * from `UserLogin` left join `ListUser` on `UserLogin`.`UserLoginID` = `ListUser`.`UserLoginID` where `UserLogin`.`Email` = testormeco@gmail.com and `ListUser`.`StatusActive` = 0 limit 1) {"email":"testormeco@gmail.com","trace":"#0 C:\\xampp\\htdocs\\be-fms\\api\\vendor\\illuminate\\database\\Connection.php(624): Illuminate\\Database\\Connection->runQueryCallback('select * from `...', Array, Object(Closure))
#1 C:\\xampp\\htdocs\\be-fms\\api\\vendor\\illuminate\\database\\Connection.php(333): Illuminate\\Database\\Connection->run('select * from `...', Array, Object(Closure))
#2 C:\\xampp\\htdocs\\be-fms\\api\\vendor\\illuminate\\database\\Query\\Builder.php(2130): Illuminate\\Database\\Connection->select('select * from `...', Array, true)
#3 C:\\xampp\\htdocs\\be-fms\\api\\vendor\\illuminate\\database\\Query\\Builder.php(2118): Illuminate\\Database\\Query\\Builder->runSelect()
#4 C:\\xampp\\htdocs\\be-fms\\api\\vendor\\illuminate\\database\\Query\\Builder.php(2604): Illuminate\\Database\\Query\\Builder->Illuminate\\Database\\Query\\{closure}()
#5 C:\\xampp\\htdocs\\be-fms\\api\\vendor\\illuminate\\database\\Query\\Builder.php(2119): Illuminate\\Database\\Query\\Builder->onceWithColumns(Array, Object(Closure))
#6 C:\\xampp\\htdocs\\be-fms\\api\\vendor\\illuminate\\database\\Eloquent\\Builder.php(521): Illuminate\\Database\\Query\\Builder->get(Array)
#7 C:\\xampp\\htdocs\\be-fms\\api\\vendor\\illuminate\\database\\Eloquent\\Builder.php(505): Illuminate\\Database\\Eloquent\\Builder->getModels(Array)
#8 C:\\xampp\\htdocs\\be-fms\\api\\vendor\\illuminate\\database\\Concerns\\BuildsQueries.php(77): Illuminate\\Database\\Eloquent\\Builder->get(Array)
#9 C:\\xampp\\htdocs\\be-fms\\api\\app\\Http\\Controllers\\AuthController.php(55): Illuminate\\Database\\Eloquent\\Builder->first()
#10 [internal function]: App\\Http\\Controllers\\AuthController->login(Object(Laravel\\Lumen\\Http\\Request))
#11 C:\\xampp\\htdocs\\be-fms\\api\\vendor\\illuminate\\container\\BoundMethod.php(32): call_user_func_array(Array, Array)
#12 C:\\xampp\\htdocs\\be-fms\\api\\vendor\\illuminate\\container\\BoundMethod.php(90): Illuminate\\Container\\BoundMethod::Illuminate\\Container\\{closure}()
#13 C:\\xampp\\htdocs\\be-fms\\api\\vendor\\illuminate\\container\\BoundMethod.php(34): Illuminate\\Container\\BoundMethod::callBoundMethod(Object(Laravel\\Lumen\\Application), Array, Object(Closure))
#14 C:\\xampp\\htdocs\\be-fms\\api\\vendor\\illuminate\\container\\Container.php(576): Illuminate\\Container\\BoundMethod::call(Object(Laravel\\Lumen\\Application), Array, Array, NULL)
#15 C:\\xampp\\htdocs\\be-fms\\api\\vendor\\laravel\\lumen-framework\\src\\Concerns\\RoutesRequests.php(376): Illuminate\\Container\\Container->call(Array, Array)
#16 C:\\xampp\\htdocs\\be-fms\\api\\vendor\\laravel\\lumen-framework\\src\\Concerns\\RoutesRequests.php(342): Laravel\\Lumen\\Application->callControllerCallable(Array, Array)
#17 C:\\xampp\\htdocs\\be-fms\\api\\vendor\\laravel\\lumen-framework\\src\\Concerns\\RoutesRequests.php(316): Laravel\\Lumen\\Application->callLumenController(Object(App\\Http\\Controllers\\AuthController), 'login', Array)
#18 C:\\xampp\\htdocs\\be-fms\\api\\vendor\\laravel\\lumen-framework\\src\\Concerns\\RoutesRequests.php(278): Laravel\\Lumen\\Application->callControllerAction(Array)
#19 C:\\xampp\\htdocs\\be-fms\\api\\vendor\\laravel\\lumen-framework\\src\\Concerns\\RoutesRequests.php(263): Laravel\\Lumen\\Application->callActionOnArrayBasedRoute(Array)
#20 C:\\xampp\\htdocs\\be-fms\\api\\vendor\\laravel\\lumen-framework\\src\\Concerns\\RoutesRequests.php(165): Laravel\\Lumen\\Application->handleFoundRoute(Array)
#21 C:\\xampp\\htdocs\\be-fms\\api\\vendor\\laravel\\lumen-framework\\src\\Concerns\\RoutesRequests.php(416): Laravel\\Lumen\\Application->Laravel\\Lumen\\Concerns\\{closure}(Object(Laravel\\Lumen\\Http\\Request))
#22 C:\\xampp\\htdocs\\be-fms\\api\\vendor\\laravel\\lumen-framework\\src\\Concerns\\RoutesRequests.php(171): Laravel\\Lumen\\Application->sendThroughPipeline(Array, Object(Closure))
#23 C:\\xampp\\htdocs\\be-fms\\api\\vendor\\laravel\\lumen-framework\\src\\Concerns\\RoutesRequests.php(108): Laravel\\Lumen\\Application->dispatch(NULL)
#24 C:\\xampp\\htdocs\\be-fms\\api\\public\\index.php(28): Laravel\\Lumen\\Application->run()
#25 {main}"} 
[2026-02-04 06:49:35] local.ERROR: Login Error: SQLSTATE[HY000] [2002] No connection could be made because the target machine actively refused it.
 (SQL: select * from `UserLogin` left join `ListUser` on `UserLogin`.`UserLoginID` = `ListUser`.`UserLoginID` where `UserLogin`.`Email` = testormeco@gmail.com and `ListUser`.`StatusActive` = 0 limit 1) {"email":"testormeco@gmail.com","trace":"#0 C:\\xampp\\htdocs\\be-fms\\api\\vendor\\illuminate\\database\\Connection.php(624): Illuminate\\Database\\Connection->runQueryCallback('select * from `...', Array, Object(Closure))
#1 C:\\xampp\\htdocs\\be-fms\\api\\vendor\\illuminate\\database\\Connection.php(333): Illuminate\\Database\\Connection->run('select * from `...', Array, Object(Closure))
#2 C:\\xampp\\htdocs\\be-fms\\api\\vendor\\illuminate\\database\\Query\\Builder.php(2130): Illuminate\\Database\\Connection->select('select * from `...', Array, true)
#3 C:\\xampp\\htdocs\\be-fms\\api\\vendor\\illuminate\\database\\Query\\Builder.php(2118): Illuminate\\Database\\Query\\Builder->runSelect()
#4 C:\\xampp\\htdocs\\be-fms\\api\\vendor\\illuminate\\database\\Query\\Builder.php(2604): Illuminate\\Database\\Query\\Builder->Illuminate\\Database\\Query\\{closure}()
#5 C:\\xampp\\htdocs\\be-fms\\api\\vendor\\illuminate\\database\\Query\\Builder.php(2119): Illuminate\\Database\\Query\\Builder->onceWithColumns(Array, Object(Closure))
#6 C:\\xampp\\htdocs\\be-fms\\api\\vendor\\illuminate\\database\\Eloquent\\Builder.php(521): Illuminate\\Database\\Query\\Builder->get(Array)
#7 C:\\xampp\\htdocs\\be-fms\\api\\vendor\\illuminate\\database\\Eloquent\\Builder.php(505): Illuminate\\Database\\Eloquent\\Builder->getModels(Array)
#8 C:\\xampp\\htdocs\\be-fms\\api\\vendor\\illuminate\\database\\Concerns\\BuildsQueries.php(77): Illuminate\\Database\\Eloquent\\Builder->get(Array)
#9 C:\\xampp\\htdocs\\be-fms\\api\\app\\Http\\Controllers\\AuthController.php(55): Illuminate\\Database\\Eloquent\\Builder->first()
#10 [internal function]: App\\Http\\Controllers\\AuthController->login(Object(Laravel\\Lumen\\Http\\Request))
#11 C:\\xampp\\htdocs\\be-fms\\api\\vendor\\illuminate\\container\\BoundMethod.php(32): call_user_func_array(Array, Array)
#12 C:\\xampp\\htdocs\\be-fms\\api\\vendor\\illuminate\\container\\BoundMethod.php(90): Illuminate\\Container\\BoundMethod::Illuminate\\Container\\{closure}()
#13 C:\\xampp\\htdocs\\be-fms\\api\\vendor\\illuminate\\container\\BoundMethod.php(34): Illuminate\\Container\\BoundMethod::callBoundMethod(Object(Laravel\\Lumen\\Application), Array, Object(Closure))
#14 C:\\xampp\\htdocs\\be-fms\\api\\vendor\\illuminate\\container\\Container.php(576): Illuminate\\Container\\BoundMethod::call(Object(Laravel\\Lumen\\Application), Array, Array, NULL)
#15 C:\\xampp\\htdocs\\be-fms\\api\\vendor\\laravel\\lumen-framework\\src\\Concerns\\RoutesRequests.php(376): Illuminate\\Container\\Container->call(Array, Array)
#16 C:\\xampp\\htdocs\\be-fms\\api\\vendor\\laravel\\lumen-framework\\src\\Concerns\\RoutesRequests.php(342): Laravel\\Lumen\\Application->callControllerCallable(Array, Array)
#17 C:\\xampp\\htdocs\\be-fms\\api\\vendor\\laravel\\lumen-framework\\src\\Concerns\\RoutesRequests.php(316): Laravel\\Lumen\\Application->callLumenController(Object(App\\Http\\Controllers\\AuthController), 'login', Array)
#18 C:\\xampp\\htdocs\\be-fms\\api\\vendor\\laravel\\lumen-framework\\src\\Concerns\\RoutesRequests.php(278): Laravel\\Lumen\\Application->callControllerAction(Array)
#19 C:\\xampp\\htdocs\\be-fms\\api\\vendor\\laravel\\lumen-framework\\src\\Concerns\\RoutesRequests.php(263): Laravel\\Lumen\\Application->callActionOnArrayBasedRoute(Array)
#20 C:\\xampp\\htdocs\\be-fms\\api\\vendor\\laravel\\lumen-framework\\src\\Concerns\\RoutesRequests.php(165): Laravel\\Lumen\\Application->handleFoundRoute(Array)
#21 C:\\xampp\\htdocs\\be-fms\\api\\vendor\\laravel\\lumen-framework\\src\\Concerns\\RoutesRequests.php(416): Laravel\\Lumen\\Application->Laravel\\Lumen\\Concerns\\{closure}(Object(Laravel\\Lumen\\Http\\Request))
#22 C:\\xampp\\htdocs\\be-fms\\api\\vendor\\laravel\\lumen-framework\\src\\Concerns\\RoutesRequests.php(171): Laravel\\Lumen\\Application->sendThroughPipeline(Array, Object(Closure))
#23 C:\\xampp\\htdocs\\be-fms\\api\\vendor\\laravel\\lumen-framework\\src\\Concerns\\RoutesRequests.php(108): Laravel\\Lumen\\Application->dispatch(NULL)
#24 C:\\xampp\\htdocs\\be-fms\\api\\public\\index.php(28): Laravel\\Lumen\\Application->run()
#25 {main}"} 
[2026-02-04 06:49:42] local.ERROR: Login Error: SQLSTATE[HY000] [2002] No connection could be made because the target machine actively refused it.
 (SQL: select * from `UserLogin` left join `ListUser` on `UserLogin`.`UserLoginID` = `ListUser`.`UserLoginID` where `UserLogin`.`Email` = testormeco@gmail.com and `ListUser`.`StatusActive` = 0 limit 1) {"email":"testormeco@gmail.com","trace":"#0 C:\\xampp\\htdocs\\be-fms\\api\\vendor\\illuminate\\database\\Connection.php(624): Illuminate\\Database\\Connection->runQueryCallback('select * from `...', Array, Object(Closure))
#1 C:\\xampp\\htdocs\\be-fms\\api\\vendor\\illuminate\\database\\Connection.php(333): Illuminate\\Database\\Connection->run('select * from `...', Array, Object(Closure))
#2 C:\\xampp\\htdocs\\be-fms\\api\\vendor\\illuminate\\database\\Query\\Builder.php(2130): Illuminate\\Database\\Connection->select('select * from `...', Array, true)
#3 C:\\xampp\\htdocs\\be-fms\\api\\vendor\\illuminate\\database\\Query\\Builder.php(2118): Illuminate\\Database\\Query\\Builder->runSelect()
#4 C:\\xampp\\htdocs\\be-fms\\api\\vendor\\illuminate\\database\\Query\\Builder.php(2604): Illuminate\\Database\\Query\\Builder->Illuminate\\Database\\Query\\{closure}()
#5 C:\\xampp\\htdocs\\be-fms\\api\\vendor\\illuminate\\database\\Query\\Builder.php(2119): Illuminate\\Database\\Query\\Builder->onceWithColumns(Array, Object(Closure))
#6 C:\\xampp\\htdocs\\be-fms\\api\\vendor\\illuminate\\database\\Eloquent\\Builder.php(521): Illuminate\\Database\\Query\\Builder->get(Array)
#7 C:\\xampp\\htdocs\\be-fms\\api\\vendor\\illuminate\\database\\Eloquent\\Builder.php(505): Illuminate\\Database\\Eloquent\\Builder->getModels(Array)
#8 C:\\xampp\\htdocs\\be-fms\\api\\vendor\\illuminate\\database\\Concerns\\BuildsQueries.php(77): Illuminate\\Database\\Eloquent\\Builder->get(Array)
#9 C:\\xampp\\htdocs\\be-fms\\api\\app\\Http\\Controllers\\AuthController.php(55): Illuminate\\Database\\Eloquent\\Builder->first()
#10 [internal function]: App\\Http\\Controllers\\AuthController->login(Object(Laravel\\Lumen\\Http\\Request))
#11 C:\\xampp\\htdocs\\be-fms\\api\\vendor\\illuminate\\container\\BoundMethod.php(32): call_user_func_array(Array, Array)
#12 C:\\xampp\\htdocs\\be-fms\\api\\vendor\\illuminate\\container\\BoundMethod.php(90): Illuminate\\Container\\BoundMethod::Illuminate\\Container\\{closure}()
#13 C:\\xampp\\htdocs\\be-fms\\api\\vendor\\illuminate\\container\\BoundMethod.php(34): Illuminate\\Container\\BoundMethod::callBoundMethod(Object(Laravel\\Lumen\\Application), Array, Object(Closure))
#14 C:\\xampp\\htdocs\\be-fms\\api\\vendor\\illuminate\\container\\Container.php(576): Illuminate\\Container\\BoundMethod::call(Object(Laravel\\Lumen\\Application), Array, Array, NULL)
#15 C:\\xampp\\htdocs\\be-fms\\api\\vendor\\laravel\\lumen-framework\\src\\Concerns\\RoutesRequests.php(376): Illuminate\\Container\\Container->call(Array, Array)
#16 C:\\xampp\\htdocs\\be-fms\\api\\vendor\\laravel\\lumen-framework\\src\\Concerns\\RoutesRequests.php(342): Laravel\\Lumen\\Application->callControllerCallable(Array, Array)
#17 C:\\xampp\\htdocs\\be-fms\\api\\vendor\\laravel\\lumen-framework\\src\\Concerns\\RoutesRequests.php(316): Laravel\\Lumen\\Application->callLumenController(Object(App\\Http\\Controllers\\AuthController), 'login', Array)
#18 C:\\xampp\\htdocs\\be-fms\\api\\vendor\\laravel\\lumen-framework\\src\\Concerns\\RoutesRequests.php(278): Laravel\\Lumen\\Application->callControllerAction(Array)
#19 C:\\xampp\\htdocs\\be-fms\\api\\vendor\\laravel\\lumen-framework\\src\\Concerns\\RoutesRequests.php(263): Laravel\\Lumen\\Application->callActionOnArrayBasedRoute(Array)
#20 C:\\xampp\\htdocs\\be-fms\\api\\vendor\\laravel\\lumen-framework\\src\\Concerns\\RoutesRequests.php(165): Laravel\\Lumen\\Application->handleFoundRoute(Array)
#21 C:\\xampp\\htdocs\\be-fms\\api\\vendor\\laravel\\lumen-framework\\src\\Concerns\\RoutesRequests.php(416): Laravel\\Lumen\\Application->Laravel\\Lumen\\Concerns\\{closure}(Object(Laravel\\Lumen\\Http\\Request))
#22 C:\\xampp\\htdocs\\be-fms\\api\\vendor\\laravel\\lumen-framework\\src\\Concerns\\RoutesRequests.php(171): Laravel\\Lumen\\Application->sendThroughPipeline(Array, Object(Closure))
#23 C:\\xampp\\htdocs\\be-fms\\api\\vendor\\laravel\\lumen-framework\\src\\Concerns\\RoutesRequests.php(108): Laravel\\Lumen\\Application->dispatch(NULL)
#24 C:\\xampp\\htdocs\\be-fms\\api\\public\\index.php(28): Laravel\\Lumen\\Application->run()
#25 {main}"} 
[2026-02-04 06:50:01] local.ERROR: Login Error: SQLSTATE[HY000] [2002] No connection could be made because the target machine actively refused it.
 (SQL: select * from `UserLogin` left join `ListUser` on `UserLogin`.`UserLoginID` = `ListUser`.`UserLoginID` where `UserLogin`.`Email` = testormeco@gmail.com and `ListUser`.`StatusActive` = 0 limit 1) {"email":"testormeco@gmail.com","trace":"#0 C:\\xampp\\htdocs\\be-fms\\api\\vendor\\illuminate\\database\\Connection.php(624): Illuminate\\Database\\Connection->runQueryCallback('select * from `...', Array, Object(Closure))
#1 C:\\xampp\\htdocs\\be-fms\\api\\vendor\\illuminate\\database\\Connection.php(333): Illuminate\\Database\\Connection->run('select * from `...', Array, Object(Closure))
#2 C:\\xampp\\htdocs\\be-fms\\api\\vendor\\illuminate\\database\\Query\\Builder.php(2130): Illuminate\\Database\\Connection->select('select * from `...', Array, true)
#3 C:\\xampp\\htdocs\\be-fms\\api\\vendor\\illuminate\\database\\Query\\Builder.php(2118): Illuminate\\Database\\Query\\Builder->runSelect()
#4 C:\\xampp\\htdocs\\be-fms\\api\\vendor\\illuminate\\database\\Query\\Builder.php(2604): Illuminate\\Database\\Query\\Builder->Illuminate\\Database\\Query\\{closure}()
#5 C:\\xampp\\htdocs\\be-fms\\api\\vendor\\illuminate\\database\\Query\\Builder.php(2119): Illuminate\\Database\\Query\\Builder->onceWithColumns(Array, Object(Closure))
#6 C:\\xampp\\htdocs\\be-fms\\api\\vendor\\illuminate\\database\\Eloquent\\Builder.php(521): Illuminate\\Database\\Query\\Builder->get(Array)
#7 C:\\xampp\\htdocs\\be-fms\\api\\vendor\\illuminate\\database\\Eloquent\\Builder.php(505): Illuminate\\Database\\Eloquent\\Builder->getModels(Array)
#8 C:\\xampp\\htdocs\\be-fms\\api\\vendor\\illuminate\\database\\Concerns\\BuildsQueries.php(77): Illuminate\\Database\\Eloquent\\Builder->get(Array)
#9 C:\\xampp\\htdocs\\be-fms\\api\\app\\Http\\Controllers\\AuthController.php(55): Illuminate\\Database\\Eloquent\\Builder->first()
#10 [internal function]: App\\Http\\Controllers\\AuthController->login(Object(Laravel\\Lumen\\Http\\Request))
#11 C:\\xampp\\htdocs\\be-fms\\api\\vendor\\illuminate\\container\\BoundMethod.php(32): call_user_func_array(Array, Array)
#12 C:\\xampp\\htdocs\\be-fms\\api\\vendor\\illuminate\\container\\BoundMethod.php(90): Illuminate\\Container\\BoundMethod::Illuminate\\Container\\{closure}()
#13 C:\\xampp\\htdocs\\be-fms\\api\\vendor\\illuminate\\container\\BoundMethod.php(34): Illuminate\\Container\\BoundMethod::callBoundMethod(Object(Laravel\\Lumen\\Application), Array, Object(Closure))
#14 C:\\xampp\\htdocs\\be-fms\\api\\vendor\\illuminate\\container\\Container.php(576): Illuminate\\Container\\BoundMethod::call(Object(Laravel\\Lumen\\Application), Array, Array, NULL)
#15 C:\\xampp\\htdocs\\be-fms\\api\\vendor\\laravel\\lumen-framework\\src\\Concerns\\RoutesRequests.php(376): Illuminate\\Container\\Container->call(Array, Array)
#16 C:\\xampp\\htdocs\\be-fms\\api\\vendor\\laravel\\lumen-framework\\src\\Concerns\\RoutesRequests.php(342): Laravel\\Lumen\\Application->callControllerCallable(Array, Array)
#17 C:\\xampp\\htdocs\\be-fms\\api\\vendor\\laravel\\lumen-framework\\src\\Concerns\\RoutesRequests.php(316): Laravel\\Lumen\\Application->callLumenController(Object(App\\Http\\Controllers\\AuthController), 'login', Array)
#18 C:\\xampp\\htdocs\\be-fms\\api\\vendor\\laravel\\lumen-framework\\src\\Concerns\\RoutesRequests.php(278): Laravel\\Lumen\\Application->callControllerAction(Array)
#19 C:\\xampp\\htdocs\\be-fms\\api\\vendor\\laravel\\lumen-framework\\src\\Concerns\\RoutesRequests.php(263): Laravel\\Lumen\\Application->callActionOnArrayBasedRoute(Array)
#20 C:\\xampp\\htdocs\\be-fms\\api\\vendor\\laravel\\lumen-framework\\src\\Concerns\\RoutesRequests.php(165): Laravel\\Lumen\\Application->handleFoundRoute(Array)
#21 C:\\xampp\\htdocs\\be-fms\\api\\vendor\\laravel\\lumen-framework\\src\\Concerns\\RoutesRequests.php(416): Laravel\\Lumen\\Application->Laravel\\Lumen\\Concerns\\{closure}(Object(Laravel\\Lumen\\Http\\Request))
#22 C:\\xampp\\htdocs\\be-fms\\api\\vendor\\laravel\\lumen-framework\\src\\Concerns\\RoutesRequests.php(171): Laravel\\Lumen\\Application->sendThroughPipeline(Array, Object(Closure))
#23 C:\\xampp\\htdocs\\be-fms\\api\\vendor\\laravel\\lumen-framework\\src\\Concerns\\RoutesRequests.php(108): Laravel\\Lumen\\Application->dispatch(NULL)
#24 C:\\xampp\\htdocs\\be-fms\\api\\public\\index.php(28): Laravel\\Lumen\\Application->run()
#25 {main}"} 
[2026-02-04 06:50:29] local.ERROR: Login Error: SQLSTATE[HY000] [2002] No connection could be made because the target machine actively refused it.
 (SQL: select * from `UserLogin` left join `ListUser` on `UserLogin`.`UserLoginID` = `ListUser`.`UserLoginID` where `UserLogin`.`Email` = testormeco@gmail.com and `ListUser`.`StatusActive` = 0 limit 1) {"email":"testormeco@gmail.com","trace":"#0 C:\\xampp\\htdocs\\be-fms\\api\\vendor\\illuminate\\database\\Connection.php(624): Illuminate\\Database\\Connection->runQueryCallback('select * from `...', Array, Object(Closure))
#1 C:\\xampp\\htdocs\\be-fms\\api\\vendor\\illuminate\\database\\Connection.php(333): Illuminate\\Database\\Connection->run('select * from `...', Array, Object(Closure))
#2 C:\\xampp\\htdocs\\be-fms\\api\\vendor\\illuminate\\database\\Query\\Builder.php(2130): Illuminate\\Database\\Connection->select('select * from `...', Array, true)
#3 C:\\xampp\\htdocs\\be-fms\\api\\vendor\\illuminate\\database\\Query\\Builder.php(2118): Illuminate\\Database\\Query\\Builder->runSelect()
#4 C:\\xampp\\htdocs\\be-fms\\api\\vendor\\illuminate\\database\\Query\\Builder.php(2604): Illuminate\\Database\\Query\\Builder->Illuminate\\Database\\Query\\{closure}()
#5 C:\\xampp\\htdocs\\be-fms\\api\\vendor\\illuminate\\database\\Query\\Builder.php(2119): Illuminate\\Database\\Query\\Builder->onceWithColumns(Array, Object(Closure))
#6 C:\\xampp\\htdocs\\be-fms\\api\\vendor\\illuminate\\database\\Eloquent\\Builder.php(521): Illuminate\\Database\\Query\\Builder->get(Array)
#7 C:\\xampp\\htdocs\\be-fms\\api\\vendor\\illuminate\\database\\Eloquent\\Builder.php(505): Illuminate\\Database\\Eloquent\\Builder->getModels(Array)
#8 C:\\xampp\\htdocs\\be-fms\\api\\vendor\\illuminate\\database\\Concerns\\BuildsQueries.php(77): Illuminate\\Database\\Eloquent\\Builder->get(Array)
#9 C:\\xampp\\htdocs\\be-fms\\api\\app\\Http\\Controllers\\AuthController.php(55): Illuminate\\Database\\Eloquent\\Builder->first()
#10 [internal function]: App\\Http\\Controllers\\AuthController->login(Object(Laravel\\Lumen\\Http\\Request))
#11 C:\\xampp\\htdocs\\be-fms\\api\\vendor\\illuminate\\container\\BoundMethod.php(32): call_user_func_array(Array, Array)
#12 C:\\xampp\\htdocs\\be-fms\\api\\vendor\\illuminate\\container\\BoundMethod.php(90): Illuminate\\Container\\BoundMethod::Illuminate\\Container\\{closure}()
#13 C:\\xampp\\htdocs\\be-fms\\api\\vendor\\illuminate\\container\\BoundMethod.php(34): Illuminate\\Container\\BoundMethod::callBoundMethod(Object(Laravel\\Lumen\\Application), Array, Object(Closure))
#14 C:\\xampp\\htdocs\\be-fms\\api\\vendor\\illuminate\\container\\Container.php(576): Illuminate\\Container\\BoundMethod::call(Object(Laravel\\Lumen\\Application), Array, Array, NULL)
#15 C:\\xampp\\htdocs\\be-fms\\api\\vendor\\laravel\\lumen-framework\\src\\Concerns\\RoutesRequests.php(376): Illuminate\\Container\\Container->call(Array, Array)
#16 C:\\xampp\\htdocs\\be-fms\\api\\vendor\\laravel\\lumen-framework\\src\\Concerns\\RoutesRequests.php(342): Laravel\\Lumen\\Application->callControllerCallable(Array, Array)
#17 C:\\xampp\\htdocs\\be-fms\\api\\vendor\\laravel\\lumen-framework\\src\\Concerns\\RoutesRequests.php(316): Laravel\\Lumen\\Application->callLumenController(Object(App\\Http\\Controllers\\AuthController), 'login', Array)
#18 C:\\xampp\\htdocs\\be-fms\\api\\vendor\\laravel\\lumen-framework\\src\\Concerns\\RoutesRequests.php(278): Laravel\\Lumen\\Application->callControllerAction(Array)
#19 C:\\xampp\\htdocs\\be-fms\\api\\vendor\\laravel\\lumen-framework\\src\\Concerns\\RoutesRequests.php(263): Laravel\\Lumen\\Application->callActionOnArrayBasedRoute(Array)
#20 C:\\xampp\\htdocs\\be-fms\\api\\vendor\\laravel\\lumen-framework\\src\\Concerns\\RoutesRequests.php(165): Laravel\\Lumen\\Application->handleFoundRoute(Array)
#21 C:\\xampp\\htdocs\\be-fms\\api\\vendor\\laravel\\lumen-framework\\src\\Concerns\\RoutesRequests.php(416): Laravel\\Lumen\\Application->Laravel\\Lumen\\Concerns\\{closure}(Object(Laravel\\Lumen\\Http\\Request))
#22 C:\\xampp\\htdocs\\be-fms\\api\\vendor\\laravel\\lumen-framework\\src\\Concerns\\RoutesRequests.php(171): Laravel\\Lumen\\Application->sendThroughPipeline(Array, Object(Closure))
#23 C:\\xampp\\htdocs\\be-fms\\api\\vendor\\laravel\\lumen-framework\\src\\Concerns\\RoutesRequests.php(108): Laravel\\Lumen\\Application->dispatch(NULL)
#24 C:\\xampp\\htdocs\\be-fms\\api\\public\\index.php(28): Laravel\\Lumen\\Application->run()
#25 {main}"} 
